RAP,GID,Tissue,Organ,Gene.ID,References
Os01g0100500,LOC_Os01g01040,mestome sheath,Leaf,P0402A09.1,PCMDB
Os01g0100700,LOC_Os01g01060,leaf mesophyll,Leaf,RPS5,PCMDB
Os01g0100900,LOC_Os01g01080,"leaf mesophyll,leaf procambium",Leaf,SPL,PCMDB
Os01g0102300,LOC_Os01g01280,"leaf mesophyll,leaf procambium",Leaf,OsTLP27,PCMDB
Os01g0102500,LOC_Os01g01295,"leaf mesophyll,leaf procambium",Leaf,P0402A09.23,PCMDB
Os01g0102600,LOC_Os01g01302,"leaf mesophyll,leaf procambium",Leaf,OsSK4,PCMDB
Os01g0102700,LOC_Os01g01307,"leaf epidermis,leaf mesophyll,leaf procambium",Leaf,Os01g0102700,PCMDB
Os01g0102900,LOC_Os01g01340,"leaf mesophyll,Mesophyll precursor",Leaf,LIR1,PCMDB
Os01g0103000,LOC_Os01g01350,leaf mesophyll,Leaf,P0455C04.24,PCMDB
Os01g0103600,LOC_Os01g01369,"leaf epidermis,leaf mesophyll,mestome sheath,leaf procambium",Leaf,Os01g0103600,PCMDB
Os01g0104400,LOC_Os01g01450,"leaf epidermis,leaf mesophyll,mestome sheath,leaf procambium",Leaf,Os01g0104400,PCMDB
Os01g0105800,LOC_Os01g01610,leaf mesophyll,Leaf,OsISC9,PCMDB
Os01g0105900,LOC_Os01g01620,"leaf epidermis,leaf mesophyll,mestome sheath,leaf procambium",Leaf,Os01g0105900,PCMDB
Os01g0106200,LOC_Os01g01640,leaf mesophyll,Leaf,Os01g0106200,PCMDB
Os01g0106300,LOC_Os01g01650,leaf epidermis,Leaf,Os01g0106300,PCMDB
Os01g0106400,LOC_Os01g01660,"leaf epidermis,leaf mesophyll,mestome sheath,leaf procambium",Leaf,Os01g0106400,PCMDB
Os01g0106800,LOC_Os01g01700,"leaf epidermis,leaf mesophyll,mestome sheath,leaf procambium",Leaf,OsRBX1b,PCMDB
Os01g0106900,LOC_Os01g01710,leaf mesophyll,Leaf,OsDXR,PCMDB
Os01g0108600,LOC_Os01g01870,"mestome sheath,leaf procambium",Leaf,P0482C06.23-1,PCMDB
Os01g0109750,LOC_Os01g01970,"leaf epidermis,leaf mesophyll,mestome sheath,leaf procambium",Leaf,Os01g0109750,PCMDB
Os01g0110200,LOC_Os01g02010,"leaf mesophyll,mestome sheath,leaf procambium,Xylem",Leaf,OsAGP12,PCMDB
Os01g0110400,LOC_Os01g02020,"leaf epidermis,leaf mesophyll,leaf procambium",Leaf,Os01g0110400,PCMDB
Os01g0111800,LOC_Os01g02139,"leaf epidermis,leaf mesophyll,mestome sheath,leaf procambium",Leaf,Os01g0111800,PCMDB
Os01g0111900,LOC_Os01g02150,"leaf epidermis,leaf mesophyll,mestome sheath,leaf procambium",Leaf,SIP34,PCMDB
Os01g0112500,LOC_Os01g02200,"leaf epidermis,leaf mesophyll,mestome sheath",Leaf,Os01g0112500,PCMDB
Os01g0113200,LOC_Os01g02290,"leaf epidermis,leaf mesophyll,mestome sheath,leaf procambium",Leaf,OsRLCK2,PCMDB
Os01g0113300,LOC_Os01g02300,"leaf mesophyll,mestome sheath,leaf procambium",Leaf,OsRLCK3,PCMDB
Os01g0113600,LOC_Os01g02334,leaf epidermis,Leaf,Os01g0113600,PCMDB
Os01g0113700,LOC_Os01g02350,"leaf mesophyll,leaf procambium",Leaf,Os01g0113700,PCMDB
Os01g0114100,LOC_Os01g02390,"leaf mesophyll,mestome sheath",Leaf,OsRLCK5,PCMDB
Os01g0115600,LOC_Os01g02560,flag leaf,Leaf,OsRLCK11,PCMDB
Os01g0115700,LOC_Os01g02570,vascular leaf,Leaf,Os01g0115700,PCMDB
Os01g0117200,LOC_Os01g02780,vascular leaf,Leaf,OsRLCK16,PCMDB
Os01g0117900,LOC_Os01g02870,leaf mesophyll,Leaf,OsUMAMIT1,PCMDB
Os01g0118000,LOC_Os01g02880,leaf epidermis,Leaf,Os01g0118000,PCMDB
Os01g0118400,LOC_Os01g02900,"leaf epidermis,leaf mesophyll,mestome sheath,leaf procambium",Leaf,Os01g0118400,PCMDB
Os01g0118700,LOC_Os01g02920,"leaf mesophyll,leaf procambium",Leaf,Os01g0118700,PCMDB
Os01g0119000,LOC_Os01g02930,"leaf mesophyll,mestome sheath",Leaf,Os01g0119000,PCMDB
Os01g0119050,LOC_Os01g02940,leaf procambium,Leaf,Os01g0119050,PCMDB
Os01g0119100,LOC_Os01g02940,leaf procambium,Leaf,Os01g0119100,PCMDB
Os01g0120400,LOC_Os01g03030,"leaf epidermis,leaf mesophyll,leaf procambium",Leaf,Os01g0120400,PCMDB
Os01g0120500,LOC_Os01g03040,leaf mesophyll,Leaf,Os01g0120500,PCMDB
Os01g0120700,LOC_Os01g03060,leaf mesophyll,Leaf,Os01g0120700,PCMDB
Os01g0120800,LOC_Os01g03070,leaf mesophyll,Leaf,eIF-3a,PCMDB
Os01g0121600,LOC_Os01g03144,"leaf epidermis,leaf mesophyll,leaf procambium",Leaf,OsABCG1,PCMDB
Os01g0121700,LOC_Os01g03144,"leaf epidermis,leaf mesophyll,leaf procambium",Leaf,Os01g0121700,PCMDB
Os01g0122200,LOC_Os01g03190,leaf procambium,Leaf,Os01g0122200,PCMDB
Os01g0124100,LOC_Os01g03330,"leaf epidermis,leaf mesophyll,mestome sheath,leaf procambium",Leaf,RBBI3-2,PCMDB
Os01g0124200,LOC_Os01g03340,"leaf epidermis,leaf mesophyll,mestome sheath,leaf procambium",Leaf,RBBI3-1,PCMDB
Os01g0124401,LOC_Os01g03360,"leaf epidermis,leaf mesophyll,mestome sheath,leaf procambium",Leaf,RBBI3-3,PCMDB
Os01g0124650,LOC_Os01g03390,"leaf epidermis,leaf mesophyll,mestome sheath,leaf procambium",Leaf,RBBI2-3,PCMDB
Os01g0125800,LOC_Os01g03510,leaf mesophyll,Leaf,P0044F08.16,PCMDB
Os01g0126100,LOC_Os01g03530,mestome sheath,Leaf,OsLPR1,PCMDB
Os01g0127300,LOC_Os01g03650,"leaf epidermis,leaf mesophyll,leaf procambium",Leaf,OsABCI4,PCMDB
Os01g0127600,LOC_Os01g03680,"leaf mesophyll,mestome sheath,leaf procambium",Leaf,Os01g0127600,PCMDB
Os01g0127700,LOC_Os01g03690,"leaf mesophyll,leaf procambium",Leaf,OsRLCK19,PCMDB
Os01g0127900,LOC_Os01g03710,"leaf epidermis,leaf procambium",Leaf,Os01g0127900,PCMDB
Os01g0128100,LOC_Os01g03740,"leaf epidermis,leaf mesophyll,mestome sheath,leaf procambium",Leaf,Os01g0128100,PCMDB
Os01g0128200,LOC_Os01g03730,"leaf epidermis,leaf procambium",Leaf,Os01g0128200,PCMDB
Os01g0128300,LOC_Os01g03750,"leaf epidermis,leaf mesophyll,mestome sheath,leaf procambium",Leaf,MHZ4,PCMDB
Os01g0128400,LOC_Os01g03760,"leaf epidermis,leaf mesophyll,mestome sheath",Leaf,Os01g0128400,PCMDB
Os01g0129600,LOC_Os01g03890,"leaf mesophyll,mestome sheath,leaf procambium",Leaf,Os01g0129600,PCMDB
Os01g0130000,LOC_Os01g03914,"leaf mesophyll,mestome sheath,leaf procambium,Leaf preprocambium",Leaf,OsMTP9,PCMDB
Os01g0130200,LOC_Os01g03940,"leaf epidermis,leaf mesophyll,leaf procambium",Leaf,NRR,PCMDB
Os01g0130400,LOC_Os01g03950,leaf mesophyll,Leaf,Os01g0130400,PCMDB
Os01g0130900,LOC_Os01g03980,"leaf epidermis,leaf mesophyll,mestome sheath,leaf procambium",Leaf,Os01g0130900,PCMDB
Os01g0131300,LOC_Os01g04010,"leaf mesophyll,leaf procambium",Leaf,Os01g0131300,PCMDB
Os01g0131600,LOC_Os01g04020,"leaf epidermis,leaf mesophyll,mestome sheath",Leaf,OsAP2,PCMDB
Os01g0132000,LOC_Os01g04050,"leaf epidermis,leaf mesophyll,mestome sheath,leaf procambium",Leaf,IAI2,PCMDB
Os01g0132500,LOC_Os01g04100,leaf mesophyll,Leaf,Os01g0132500,PCMDB
Os01g0132700,LOC_Os01g04110,leaf mesophyll,Leaf,OsMed22_1,PCMDB
Os01g0133400,LOC_Os01g04190,"leaf mesophyll,mestome sheath",Leaf,OsPGLCT,PCMDB
Os01g0133500,LOC_Os01g04200,"leaf epidermis,leaf mesophyll",Leaf,OSJNBa0083M16.21-2,PCMDB
Os01g0134500,LOC_Os01g04260,"leaf mesophyll,mestome sheath",Leaf,OsSTE1,PCMDB
Os01g0135700,LOC_Os01g04330,"leaf epidermis,leaf mesophyll,mestome sheath,leaf procambium",Leaf,OsCML16,PCMDB
Os01g0135900,LOC_Os01g04350,"leaf epidermis,leaf mesophyll,mestome sheath,leaf procambium",Leaf,Oshsp17.9B.,PCMDB
Os01g0136000,LOC_Os01g04360,"leaf epidermis,leaf mesophyll,mestome sheath,leaf procambium",Leaf,Oshsp16.9C,PCMDB
Os01g0136100,LOC_Os01g04370,"leaf epidermis,leaf mesophyll,mestome sheath,leaf procambium",Leaf,Oshsp16.9A,PCMDB
Os01g0136200,LOC_Os01g04380,"leaf epidermis,leaf mesophyll,mestome sheath,leaf procambium",Leaf,Oshsp16.9B,PCMDB
Os01g0136800,LOC_Os01g04450,"leaf mesophyll,leaf procambium",Leaf,OsWAK2,PCMDB
Os01g0138400,LOC_Os01g04580,"leaf mesophyll,Leaf preprocambium",Leaf,Os01g0138400,PCMDB
Os01g0138500,LOC_Os01g04590,"leaf epidermis,leaf mesophyll",Leaf,Os01g0138500,PCMDB
Os01g0138600,LOC_Os01g04600,leaf mesophyll,Leaf,Os01g0138600,PCMDB
Os01g0138800,LOC_Os01g04620,"leaf epidermis,leaf mesophyll,mestome sheath,leaf procambium",Leaf,Os01g0138800,PCMDB
Os01g0140500,LOC_Os01g04730,leaf mesophyll,Leaf,RPL24b,PCMDB
Os01g0140700,LOC_Os01g04750,leaf mesophyll,Leaf,AP2/EREBP#077,PCMDB
Os01g0141000,LOC_Os01g04800,"leaf epidermis,leaf mesophyll,mestome sheath,leaf procambium",Leaf,AP2/EREBP129,PCMDB
Os01g0141100,LOC_Os01g04814,"leaf mesophyll,mestome sheath",Leaf,OsSKD1,PCMDB
Os01g0141200,LOC_Os01g04830,mestome sheath,Leaf,Os01g0141200,PCMDB
Os01g0142500,LOC_Os01g04930,"leaf epidermis,leaf mesophyll,mestome sheath,leaf procambium",Leaf,Os01g0142500,PCMDB
Os01g0142600,LOC_Os01g04950,"leaf epidermis,leaf mesophyll,mestome sheath,leaf procambium",Leaf,Os01g0142600,PCMDB
Os01g0142800,LOC_Os01g04950,"leaf epidermis,leaf mesophyll,mestome sheath,leaf procambium",Leaf,OsNPF8.1,PCMDB
Os01g0143800,LOC_Os01g05060,"leaf epidermis,leaf mesophyll,mestome sheath,leaf procambium",Leaf,Os01g0143800,PCMDB
Os01g0143900,LOC_Os01g05064,"leaf epidermis,leaf mesophyll,mestome sheath",Leaf,Os01g0143900,PCMDB
Os01g0144000,LOC_Os01g05070,leaf mesophyll,Leaf,Os01g0144000,PCMDB
Os01g0144100,LOC_Os01g05080,leaf mesophyll,Leaf,Os01g0144100,PCMDB
Os01g0144200,LOC_Os01g05090,"leaf epidermis,leaf mesophyll,mestome sheath,leaf procambium",Leaf,Os01g0144200,PCMDB
Os01g0144600,LOC_Os01g05130,"leaf mesophyll,leaf procambium",Leaf,Os01g0144600,PCMDB
Os01g0144800,LOC_Os01g05150,"leaf epidermis,leaf mesophyll,leaf procambium",Leaf,Os01g0144800,PCMDB
Os01g0145000,LOC_Os01g05170,leaf epidermis,Leaf,Os01g0145000,PCMDB
Os01g0145900,LOC_Os01g05260,leaf,Leaf,Os01g0145900,PCMDB
Os01g0147900,LOC_Os01g05490,"leaf epidermis,leaf mesophyll,mestome sheath,leaf procambium",Leaf,OsTPI1,PCMDB
Os01g0148000,LOC_Os01g05500,"leaf mesophyll,leaf procambium",Leaf,Os01g0148000,PCMDB
Os01g0148050,LOC_Os01g05500,"leaf mesophyll,leaf procambium",Leaf,Os01g0148050,PCMDB
Os01g0148700,LOC_Os01g05560,leaf procambium,Leaf,Os01g0148700,PCMDB
Os01g0149400,LOC_Os01g05610,"leaf epidermis,leaf mesophyll,mestome sheath",Leaf,Os01g0149400,PCMDB
Os01g0149600,LOC_Os01g05630,"leaf mesophyll,leaf initial cell",Leaf,H2B,PCMDB
Os01g0149800,LOC_Os01g05650,"leaf epidermis,leaf mesophyll,mestome sheath,leaf procambium",Leaf,OsMT2a,PCMDB
Os01g0149900,LOC_Os01g05660,mestome sheath,Leaf,Os01g0149900,PCMDB
Os01g0150000,LOC_Os01g05670,"leaf epidermis,leaf mesophyll,mestome sheath,leaf procambium",Leaf,CER10,PCMDB
Os01g0151600,LOC_Os01g05830,"leaf epidermis,leaf mesophyll,mestome sheath,leaf procambium",Leaf,Os01g0151600,PCMDB
Os01g0151700,LOC_Os01g05840,"leaf epidermis,leaf mesophyll,mestome sheath",Leaf,Os01g0151700,PCMDB
Os01g0152300,LOC_Os01g05900,"leaf epidermis,mestome sheath,leaf procambium,leaf initial cell",Leaf,H2B.10,PCMDB
Os01g0152800,LOC_Os01g05960,"leaf epidermis,leaf mesophyll,mestome sheath,leaf procambium",Leaf,OsRLCK25,PCMDB
Os01g0152900,LOC_Os01g05970,"leaf mesophyll,leaf initial cell",Leaf,OsFbox002,PCMDB
Os01g0153100,LOC_Os01g05970,leaf mesophyll,Leaf,OsFbox002,PCMDB
Os01g0155000,LOC_Os01g06220,mestome sheath,Leaf,Hsr203j,PCMDB
Os01g0155600,LOC_Os01g06290,"leaf mesophyll,leaf procambium",Leaf,Os01g0155600,PCMDB
Os01g0157900,LOC_Os01g06460,mestome sheath,Leaf,Os01g0157900,PCMDB
Os01g0158200,LOC_Os01g06490,"leaf mesophyll,leaf procambium",Leaf,OsSCP1,PCMDB
Os01g0158400,LOC_Os01g06500,"leaf mesophyll,Phloem",Leaf,Os01g0158400,PCMDB
Os01g0158500,LOC_Os01g06510,"leaf epidermis,leaf mesophyll,leaf procambium",Leaf,Os01g0158500,PCMDB
Os01g0159000,LOC_Os01g06560,"leaf epidermis,leaf mesophyll,mestome sheath,leaf procambium",Leaf,OsDOG1L-2,PCMDB
Os01g0159200,LOC_Os01g06580,"mestome sheath,Xylem",Leaf,OsFLA8,PCMDB
Os01g0159300,LOC_Os01g06590,"leaf epidermis,leaf mesophyll,mestome sheath,leaf procambium",Leaf,Os01g0159300,PCMDB
Os01g0159400,LOC_Os01g06600,mestome sheath,Leaf,Os01g0159400,PCMDB
Os01g0159800,LOC_Os01g06640,"leaf epidermis,leaf mesophyll,mestome sheath",Leaf,OsbHLH035,PCMDB
Os01g0160800,LOC_Os01g06740,"leaf epidermis,mestome sheath,leaf procambium",Leaf,Os01g0160800,PCMDB
Os01g0164400,LOC_Os01g07070,"leaf epidermis,leaf mesophyll",Leaf,Os01g0164400,PCMDB
Os01g0164600,LOC_Os01g07090,leaf mesophyll,Leaf,OsPP2C01,PCMDB
Os01g0166100,LOC_Os01g07200,"leaf epidermis,leaf mesophyll,mestome sheath,leaf procambium",Leaf,Os01g0166100,PCMDB
Os01g0166500,LOC_Os01g07240,leaf epidermis,Leaf,P0028E10.1,PCMDB
Os01g0167400,LOC_Os01g07300,leaf mesophyll,Leaf,P0028E10.7,PCMDB
Os01g0167500,LOC_Os01g07310,"leaf epidermis,leaf mesophyll,leaf procambium",Leaf,P0028E10.8,PCMDB
Os01g0167900,LOC_Os01g07360,"leaf mesophyll,leaf procambium",Leaf,P0028E10.14,PCMDB
Os01g0168100,LOC_Os01g07370,mestome sheath,Leaf,P0028E10.16,PCMDB
Os01g0168400,LOC_Os01g07390,"leaf epidermis,mestome sheath,leaf procambium",Leaf,Os01g0168400,PCMDB
Os01g0168600,LOC_Os01g07410,leaf epidermis,Leaf,Os01g0168600,PCMDB
Os01g0168800,LOC_Os01g07420,"mestome sheath,Xylem",Leaf,P0028E10.22,PCMDB
Os01g0169900,LOC_Os01g07520,mestome sheath,Leaf,Os01g0169900,PCMDB
Os01g0170000,LOC_Os01g07530,"leaf epidermis,leaf mesophyll",Leaf,RS5,PCMDB
Os01g0172000,LOC_Os01g07720,"leaf epidermis,leaf mesophyll,mestome sheath",Leaf,Os01g0172000,PCMDB
Os01g0172100,LOC_Os01g07730,"leaf epidermis,leaf mesophyll",Leaf,OsPPT3,PCMDB
Os01g0172400,LOC_Os01g07760,leaf mesophyll,Leaf,OsPLDalpha1,PCMDB
Os01g0172800,LOC_Os01g07780,"leaf epidermis,leaf mesophyll,leaf procambium",Leaf,Os01g0172800,PCMDB
Os01g0173100,LOC_Os01g07810,leaf mesophyll,Leaf,OsAlba1,PCMDB
Os01g0173900,LOC_Os01g07870,leaf epidermis,Leaf,OsABCC3,PCMDB
Os01g0174900,LOC_Os01g07950,leaf mesophyll,Leaf,OsGRX1,PCMDB
Os01g0175000,LOC_Os01g07960,"leaf epidermis,leaf mesophyll,mestome sheath,leaf procambium",Leaf,Os01g0175000,PCMDB
Os01g0175100,LOC_Os01g07970,"leaf epidermis,leaf mesophyll,mestome sheath,leaf procambium",Leaf,Os01g0175100,PCMDB
Os01g0176000,LOC_Os01g08090,"leaf epidermis,leaf mesophyll",Leaf,OsUGT98B1,PCMDB
Os01g0177900,LOC_Os01g08260,leaf epidermis,Leaf,PDR6,PCMDB
Os01g0178000,LOC_Os01g08270,"leaf mesophyll,leaf procambium",Leaf,P0509B06.2-1,PCMDB
Os01g0178500,LOC_Os01g08320,leaf mesophyll,Leaf,OsIAA1,PCMDB
Os01g0179000,LOC_Os01g08380,"leaf epidermis,leaf mesophyll,mestome sheath,leaf procambium",Leaf,OsAT6,PCMDB
Os01g0179300,LOC_Os01g08410,mestome sheath,Leaf,BIP128,PCMDB
Os01g0179500,LOC_Os01g08430,leaf procambium,Leaf,Os01g0179500,PCMDB
Os01g0179600,LOC_Os01g08440,"leaf epidermis,leaf procambium,Mesophyll precursor",Leaf,OsUGT75K1,PCMDB
Os01g0180300,LOC_Os01g08510,leaf mesophyll,Leaf,Os01g0180300,PCMDB
Os01g0181300,LOC_Os01g08600,"leaf epidermis,leaf mesophyll",Leaf,Os01g0181300,PCMDB
Os01g0182200,LOC_Os01g08660,"leaf epidermis,leaf mesophyll,mestome sheath,leaf procambium",Leaf,OsSIP1,PCMDB
Os01g0182300,LOC_Os01g08670,"leaf epidermis,leaf mesophyll,mestome sheath,leaf procambium",Leaf,Os01g0182300,PCMDB
Os01g0183000,LOC_Os01g08760,"leaf mesophyll,mestome sheath",Leaf,Os01g0183000,PCMDB
Os01g0184100,LOC_Os01g08860,"leaf mesophyll,leaf epidermis,mestome sheath",Leaf,OsHsp18.0,PCMDB
Os01g0184800,LOC_Os01g08960,leaf mesophyll,Leaf,Os01g0184800,PCMDB
Os01g0184900,LOC_Os01g08970,leaf procambium,Leaf,BIP104,PCMDB
Os01g0185200,LOC_Os01g09000,mestome sheath,Leaf,P0510F03.13-1,PCMDB
Os01g0185400,LOC_Os01g09020,"leaf epidermis,leaf mesophyll",Leaf,OsWD40-6,PCMDB
Os01g0185500,LOC_Os01g09030,"mestome sheath,leaf procambium",Leaf,Os01g0185500,PCMDB
Os01g0185900,LOC_Os01g09080,"leaf epidermis,leaf mesophyll,mestome sheath,leaf procambium",Leaf,OsWRKY107,PCMDB
Os01g0186200,LOC_Os01g09120,"leaf epidermis,leaf mesophyll,mestome sheath,leaf procambium",Leaf,P0510F03.29-1,PCMDB
Os01g0186600,LOC_Os01g09190,vascular leaf,Leaf,Os01g0186600,PCMDB
Os01g0186700,LOC_Os01g09200,"leaf epidermis,leaf mesophyll,leaf procambium",Leaf,Os01g0186700,PCMDB
Os01g0186900,LOC_Os01g09220,"leaf epidermis,leaf mesophyll,mestome sheath,leaf procambium",Leaf,Os01g0186900,PCMDB
Os01g0187400,LOC_Os01g09246,"leaf epidermis,leaf mesophyll",Leaf,Os01g0187400,PCMDB
Os01g0187500,LOC_Os01g09252,"leaf mesophyll,leaf procambium",Leaf,OsWD40-7,PCMDB
Os01g0187900,LOC_Os01g09280,leaf procambium,Leaf,Os01g0187900,PCMDB
Os01g0188100,LOC_Os01g09300,"leaf epidermis,leaf mesophyll,mestome sheath,leaf procambium",Leaf,Os01g0188100,PCMDB
Os01g0190000,LOC_Os01g09430,leaf mesophyll,Leaf,Os01g0190000,PCMDB
Os01g0191100,LOC_Os01g09510,"leaf epidermis,leaf mesophyll",Leaf,Os01g0191100,PCMDB
Os01g0191200,LOC_Os01g09540,"leaf mesophyll,Mesophyll precursor",Leaf,Os01g0191200,PCMDB
Os01g0191300,LOC_Os01g09550,mestome sheath,Leaf,ONAC003,PCMDB
Os01g0191500,LOC_Os01g09560,"leaf epidermis,leaf mesophyll",Leaf,Os01g0191500,PCMDB
Os01g0191700,LOC_Os01g09570,"leaf mesophyll,leaf procambium",Leaf,OsPFK01,PCMDB
Os01g0192000,LOC_Os01g09620,"leaf epidermis,mestome sheath",Leaf,DOS,PCMDB
Os01g0192300,LOC_Os01g09640,leaf mesophyll,Leaf,OsMYB1R1,PCMDB
Os01g0192600,LOC_Os01g09670,"leaf epidermis,mestome sheath",Leaf,SF21,PCMDB
Os01g0194000,LOC_Os01g09770,"leaf epidermis,leaf mesophyll,mestome sheath,leaf procambium",Leaf,Os01g0194000,PCMDB
Os01g0194600,LOC_Os01g09830,"leaf mesophyll,mestome sheath,leaf procambium",Leaf,OsGRX2,PCMDB
Os01g0195400,LOC_Os01g09880,"leaf mesophyll,mestome sheath,Xylem",Leaf,Os01g0195400,PCMDB
Os01g0196300,LOC_Os01g09990,leaf procambium,Leaf,DPF,PCMDB
Os01g0196500,LOC_Os01g10010,mestome sheath,Leaf,Os01g0196500,PCMDB
Os01g0196600,LOC_Os01g10020,leaf mesophyll,Leaf,Os01g0196600,PCMDB
Os01g0198500,LOC_Os01g10180,leaf mesophyll,Leaf,B1046G12.22,PCMDB
Os01g0198900,LOC_Os01g10210,leaf epidermis,Leaf,B1046G12.28,PCMDB
Os01g0199400,LOC_Os01g10250,mestome sheath,Leaf,B1046G12.33-1,PCMDB
Os01g0200400,LOC_Os01g10340,"leaf epidermis,mestome sheath",Leaf,Os01g0200400,PCMDB
Os01g0200700,LOC_Os01g10400,"leaf epidermis,leaf mesophyll,leaf procambium",Leaf,OsMT3a,PCMDB
Os01g0201100,LOC_Os01g10440,mestome sheath,Leaf,Os01g0201100,PCMDB
Os01g0201600,LOC_Os01g10490,leaf epidermis,Leaf,Os01g0201600,PCMDB
Os01g0202500,LOC_Os01g10580,"leaf mesophyll,mestome sheath",Leaf,OsBBX1,PCMDB
Os01g0203000,LOC_Os01g10610,leaf mesophyll,Leaf,BZR2,PCMDB
Os01g0203400,LOC_Os01g10640,"leaf epidermis,leaf mesophyll,leaf procambium",Leaf,OsCEP7,PCMDB
Os01g0205500,LOC_Os01g10820,"leaf epidermis,leaf mesophyll",Leaf,Os01g0205500,PCMDB
Os01g0205600,LOC_Os01g10830,mestome sheath,Leaf,Os01g0205600,PCMDB
Os01g0205700,LOC_Os01g10840,"leaf mesophyll,leaf procambium",Leaf,GSK1,PCMDB
Os01g0205900,LOC_Os01g10850,"leaf mesophyll,Mesophyll precursor",Leaf,prx2,PCMDB
Os01g0207400,LOC_Os01g10950,"leaf epidermis,leaf mesophyll,mestome sheath,leaf procambium",Leaf,Os01g0207400,PCMDB
Os01g0209800,LOC_Os01g11160,"leaf mesophyll,leaf procambium",Leaf,OsCAT1,PCMDB
Os01g0210500,LOC_Os01g11230,leaf procambium,Leaf,Os01g0210500,PCMDB
Os01g0210600,LOC_Os01g11240,"leaf epidermis,leaf mesophyll,mestome sheath,leaf procambium",Leaf,Os01g0210600,PCMDB
Os01g0210700,LOC_Os01g11250,leaf guard cell,Leaf,KAT2,PCMDB
Os01g0211600,LOC_Os01g11340,"leaf epidermis,leaf mesophyll",Leaf,Os01g0211600,PCMDB
Os01g0212400,LOC_Os01g11414,"leaf epidermis,leaf mesophyll,mestome sheath,leaf procambium",Leaf,OsEFCAX1,PCMDB
Os01g0212700,LOC_Os01g11460,"leaf epidermis,leaf mesophyll",Leaf,Os01g0212700,PCMDB
Os01g0213400,LOC_Os01g11520,leaf mesophyll,Leaf,OsRFPH2-8,PCMDB
Os01g0214200,LOC_Os01g11570,leaf mesophyll,Leaf,OsGELP1,PCMDB
Os01g0214400,LOC_Os01g11590,leaf mesophyll,Leaf,Os01g0214400,PCMDB
Os01g0214500,LOC_Os01g11600,"leaf mesophyll,mestome sheath,leaf procambium",Leaf,Os01g0214500,PCMDB
Os01g0218032,LOC_Os01g11900,"leaf mesophyll,mestome sheath",Leaf,ROS1A,PCMDB
Os01g0219300,LOC_Os01g12000,"leaf epidermis,leaf mesophyll,mestome sheath,leaf procambium",Leaf,Os01g0219300,PCMDB
Os01g0220400,LOC_Os01g12100,"leaf mesophyll,mestome sheath",Leaf,Os01g0220400,PCMDB
Os01g0221100,LOC_Os01g12160,mestome sheath,Leaf,OsJAR2,PCMDB
Os01g0221400,LOC_Os01g12190,"leaf epidermis,leaf mesophyll,mestome sheath",Leaf,Os01g0221400,PCMDB
Os01g0221500,LOC_Os01g12200,"leaf epidermis,leaf mesophyll,leaf procambium",Leaf,Os01g0221500,PCMDB
Os01g0221600,LOC_Os01g12210,flag leaf,Leaf,OsALMT4,PCMDB
Os01g0222600,LOC_Os01g12270,"leaf mesophyll,leaf procambium",Leaf,Os01g0222600,PCMDB
Os01g0223000,LOC_Os01g12304,leaf procambium,Leaf,Os01g0223000,PCMDB
Os01g0224100,LOC_Os01g12440,leaf mesophyll,Leaf,OsERF#053,PCMDB
Os01g0224200,LOC_Os01g12460,leaf mesophyll,Leaf,Os01g0224200,PCMDB
Os01g0224300,LOC_Os01g12464,"leaf epidermis,mestome sheath,leaf procambium",Leaf,Os01g0224300,PCMDB
Os01g0225100,LOC_Os01g12530,"leaf mesophyll,leaf procambium",Leaf,Os01g0225100,PCMDB
Os01g0225600,LOC_Os01g12580,leaf mesophyll,Leaf,Lea14A,PCMDB
Os01g0226300,LOC_Os01g12650,"leaf epidermis,leaf mesophyll,mestome sheath,leaf procambium,Xylem",Leaf,Os01g0226300,PCMDB
Os01g0226500,LOC_Os01g12670,leaf epidermis,Leaf,P0492F05.33-1,PCMDB
Os01g0226700,LOC_Os01g12690,leaf mesophyll,Leaf,OsOFP1,PCMDB
Os01g0227300,LOC_Os01g12730,"leaf epidermis,leaf mesophyll,mestome sheath",Leaf,OsRab7B1,PCMDB
Os01g0227500,LOC_Os01g12750,"mestome sheath,leaf procambium",Leaf,Os01g0227500,PCMDB
Os01g0228300,LOC_Os01g12800,leaf mesophyll,Leaf,Os01g0228300,PCMDB
Os01g0228400,LOC_Os01g12810,leaf mesophyll,Leaf,Os01g0228400,PCMDB
Os01g0228500,LOC_Os01g12820,leaf mesophyll,Leaf,Os01g0228500,PCMDB
Os01g0228600,LOC_Os01g12830,"leaf epidermis,leaf mesophyll,mestome sheath,leaf procambium",Leaf,OsHPR2-1,PCMDB
Os01g0229200,LOC_Os01g12880,leaf procambium,Leaf,Os01g0229200,PCMDB
Os01g0231000,LOC_Os01g13030,"leaf epidermis,leaf mesophyll,mestome sheath,leaf procambium",Leaf,OsIAA3,PCMDB
Os01g0231500,LOC_Os01g13060,"leaf epidermis,leaf mesophyll,mestome sheath,leaf procambium",Leaf,P0431F01.19-1,PCMDB
Os01g0232400,LOC_Os01g13160,leaf mesophyll,Leaf,Os01g0232400,PCMDB
Os01g0232800,LOC_Os01g13200,leaf epidermis,Leaf,Os01g0232800,PCMDB
Os01g0233000,LOC_Os01g13210,"leaf epidermis,leaf mesophyll",Leaf,OsDREPP1,PCMDB
Os01g0234900,LOC_Os01g13370,mestome sheath,Leaf,OsRFPHC-14,PCMDB
Os01g0235100,LOC_Os01g13390,"leaf mesophyll,Mesophyll precursor",Leaf,Os01g0235100,PCMDB
Os01g0235300,LOC_Os01g13420,"leaf epidermis,leaf mesophyll,mestome sheath,leaf procambium",Leaf,Os01g0235300,PCMDB
Os01g0238200,LOC_Os01g13660,"leaf epidermis,leaf mesophyll,mestome sheath,leaf procambium,Xylem",Leaf,Os01g0238200,PCMDB
Os01g0238500,LOC_Os01g13690,leaf mesophyll,Leaf,Os01g0238500,PCMDB
Os01g0238600,LOC_Os01g13700,"leaf epidermis,leaf mesophyll,leaf procambium",Leaf,Os01g0238600,PCMDB
Os01g0238900,LOC_Os01g13730,leaf mesophyll,Leaf,OsWD40-11,PCMDB
Os01g0239000,LOC_Os01g13740,"leaf mesophyll,Mesophyll precursor",Leaf,GLK2,PCMDB
Os01g0239200,LOC_Os01g13770,"leaf epidermis,leaf mesophyll,mestome sheath,leaf procambium,Mesophyll precursor",Leaf,OsTPT1,PCMDB
Os01g0241000,LOC_Os01g13930,leaf mesophyll,Leaf,Os01g0241000,PCMDB
Os01g0241400,LOC_Os01g13950,"leaf epidermis,leaf mesophyll,mestome sheath,leaf procambium",Leaf,OsGRX3,PCMDB
Os01g0242300,LOC_Os01g14020,"leaf epidermis,leaf mesophyll,mestome sheath",Leaf,Os01g0242300,PCMDB
Os01g0242500,LOC_Os01g14040,leaf mesophyll,Leaf,Os01g0242500,PCMDB
Os01g0242900,LOC_Os01g14070,"leaf epidermis,leaf mesophyll,mestome sheath,leaf procambium",Leaf,B1066G12.20-1,PCMDB
Os01g0243000,LOC_Os01g14080,"leaf epidermis,leaf mesophyll",Leaf,Os01g0243000,PCMDB
Os01g0244400,LOC_Os01g14220,leaf mesophyll,Leaf,Os01g0244400,PCMDB
Os01g0246100,LOC_Os01g14370,leaf mesophyll,Leaf,OsHAC701,PCMDB
Os01g0246500,LOC_Os01g14420,leaf mesophyll,Leaf,Os01g0246500,PCMDB
Os01g0246700,LOC_Os01g14440,"leaf epidermis,leaf mesophyll,mestome sheath,leaf procambium",Leaf,OsWRKY1,PCMDB
Os01g0247500,LOC_Os01g14510,"leaf epidermis,leaf mesophyll,leaf procambium",Leaf,OsRLCK27,PCMDB
Os01g0247600,LOC_Os01g14514,"leaf mesophyll,leaf procambium,Mesophyll precursor",Leaf,Os01g0247600,PCMDB
Os01g0249200,LOC_Os01g14670,"leaf mesophyll,leaf epidermis,mestome sheath,leaf procambium,Xylem",Leaf,OsGLP1-1,PCMDB
Os01g0249300,LOC_Os01g14690,"leaf epidermis,leaf mesophyll,leaf procambium",Leaf,P0434D08.2-1,PCMDB
Os01g0250600,LOC_Os01g14790,"leaf epidermis,leaf mesophyll",Leaf,Os01g0250600,PCMDB
Os01g0250900,LOC_Os01g14810,leaf mesophyll,Leaf,Os01g0250900,PCMDB
Os01g0251400,LOC_Os01g14850,"leaf epidermis,mestome sheath,leaf procambium",Leaf,Os01g0251400,PCMDB
Os01g0252100,LOC_Os01g14860,leaf mesophyll,Leaf,OsSKgamma,PCMDB
Os01g0252300,LOC_Os01g14880,mestome sheath,Leaf,Os01g0252300,PCMDB
Os01g0253300,LOC_Os01g14950,leaf mesophyll,Leaf,rImpa1a,PCMDB
Os01g0253600,LOC_Os01g14980,"leaf epidermis,leaf mesophyll",Leaf,OsRPA14,PCMDB
Os01g0253900,LOC_Os01g15000,"leaf epidermis,leaf mesophyll",Leaf,P0705D01.7-1,PCMDB
Os01g0254000,LOC_Os01g15010,"leaf epidermis,leaf mesophyll,mestome sheath,leaf procambium",Leaf,OsARL1d,PCMDB
Os01g0254100,LOC_Os01g15020,"leaf mesophyll,leaf procambium",Leaf,OsWD40-12,PCMDB
Os01g0254900,LOC_Os01g15110,leaf epidermis,Leaf,Os01g0254900,PCMDB
Os01g0255000,LOC_Os01g15120,leaf mesophyll,Leaf,Os01g0255000,PCMDB
Os01g0256400,LOC_Os01g15260,"leaf epidermis,mestome sheath",Leaf,Os01g0256400,PCMDB
Os01g0256500,LOC_Os01g15270,"leaf mesophyll,mestome sheath,leaf procambium",Leaf,Os01g0256500,PCMDB
Os01g0256600,LOC_Os01g15290,"leaf epidermis,leaf mesophyll",Leaf,Os01g0256600,PCMDB
Os01g0257100,LOC_Os01g15320,"leaf epidermis,leaf mesophyll,mestome sheath,leaf procambium,Xylem",Leaf,OsRALF-5,PCMDB
Os01g0257400,LOC_Os01g15350,"leaf epidermis,leaf mesophyll,leaf procambium",Leaf,OsC3H5,PCMDB
Os01g0258600,LOC_Os01g15448,leaf mesophyll,Leaf,DPL1,PCMDB
Os01g0259200,LOC_Os01g15470,"leaf mesophyll,mestome sheath",Leaf,OsRLCK28,PCMDB
Os01g0260700,LOC_Os01g15600,leaf epidermis,Leaf,Os01g0260700,PCMDB
Os01g0260800,LOC_Os01g15610,leaf procambium,Leaf,Os01g0260800,PCMDB
Os01g0261100,LOC_Os01g15630,mestome sheath,Leaf,OsRFP,PCMDB
Os01g0261200,LOC_Os01g15640,leaf mesophyll,Leaf,OsNAC8,PCMDB
Os01g0262500,LOC_Os01g15770,"leaf epidermis,mestome sheath",Leaf,Os01g0262500,PCMDB
Os01g0263300,LOC_Os01g15830,"leaf epidermis,mestome sheath,leaf procambium",Leaf,atp6,PCMDB
Os01g0264000,LOC_Os01g15900,"leaf mesophyll,mestome sheath",Leaf,RDD1,PCMDB
Os01g0264400,LOC_Os01g15970,"leaf epidermis,leaf mesophyll,leaf procambium",Leaf,Os01g0264400,PCMDB
Os01g0264500,LOC_Os01g15979,"leaf mesophyll,leaf procambium",Leaf,Os01g0264500,PCMDB
Os01g0264900,LOC_Os01g16010,leaf epidermis,Leaf,Os01g0264900,PCMDB
Os01g0265100,LOC_Os01g16030,"leaf epidermis,leaf mesophyll,mestome sheath,leaf procambium,Xylem",Leaf,OsARFA1e,PCMDB
Os01g0265900,LOC_Os01g16100,leaf mesophyll,Leaf,Os01g0265900,PCMDB
Os01g0266100,LOC_Os01g16120,leaf mesophyll,Leaf,Os01g0266100,PCMDB
Os01g0266400,LOC_Os01g16140,"leaf epidermis,leaf mesophyll,mestome sheath,leaf procambium",Leaf,Os01g0266400,PCMDB
Os01g0266500,LOC_Os01g16146,"leaf mesophyll,mestome sheath,leaf procambium",Leaf,Os01g0266500,PCMDB
Os01g0266600,LOC_Os01g16152,"leaf epidermis,leaf mesophyll,mestome sheath,leaf procambium",Leaf,OsPrxII,PCMDB
Os01g0266800,LOC_Os01g16170,"mestome sheath,leaf procambium",Leaf,Os01g0266800,PCMDB
Os01g0267200,LOC_Os01g16190,"leaf epidermis,leaf mesophyll,mestome sheath,leaf procambium",Leaf,OsRpn11,PCMDB
Os01g0267400,LOC_Os01g16210,"leaf epidermis,leaf mesophyll",Leaf,Os01g0267400,PCMDB
Os01g0267600,LOC_Os01g16220,leaf mesophyll,Leaf,Os01g0267600,PCMDB
Os01g0267900,LOC_Os01g16240,"leaf epidermis,leaf mesophyll",Leaf,OsCam1-3,PCMDB
Os01g0268600,LOC_Os01g16310,leaf procambium,Leaf,Os01g0268600,PCMDB
Os01g0269000,LOC_Os01g16350,"leaf epidermis,leaf mesophyll,mestome sheath,leaf procambium",Leaf,Os01g0269000,PCMDB
Os01g0270100,LOC_Os01g16430,"leaf epidermis,leaf mesophyll,mestome sheath",Leaf,Os01g0270100,PCMDB
Os01g0270300,LOC_Os01g16450,"leaf mesophyll,Mesophyll precursor",Leaf,prx4,PCMDB
Os01g0271000,LOC_Os01g16510,leaf mesophyll,Leaf,Os01g0271000,PCMDB
Os01g0271400,LOC_Os01g16530,leaf mesophyll,Leaf,OsClpR4,PCMDB
Os01g0271500,LOC_Os01g16540,leaf mesophyll,Leaf,Os01g0271500,PCMDB
Os01g0271700,LOC_Os01g16550,"leaf epidermis,leaf mesophyll",Leaf,Os01g0271700,PCMDB
Os01g0273000,LOC_Os01g16640,"leaf mesophyll,mestome sheath",Leaf,DSS1/SEM1,PCMDB
Os01g0273100,LOC_Os01g16650,"leaf epidermis,leaf mesophyll,leaf procambium",Leaf,OsUBC27,PCMDB
Os01g0273300,LOC_Os01g16670,leaf mesophyll,Leaf,Os01g0273300,PCMDB
Os01g0276000,LOC_Os01g16890,"leaf epidermis,leaf mesophyll,mestome sheath",Leaf,RPL30,PCMDB
Os01g0276100,LOC_Os01g16900,"leaf epidermis,leaf mesophyll",Leaf,OsIDHa,PCMDB
Os01g0276400,LOC_Os01g16930,leaf mesophyll,Leaf,Os01g0276400,PCMDB
Os01g0276500,LOC_Os01g16940,leaf mesophyll,Leaf,Os01g0276500,PCMDB
Os01g0276700,LOC_Os01g16960,"leaf epidermis,leaf mesophyll,mestome sheath,leaf procambium",Leaf,Os01g0276700,PCMDB
Os01g0276800,LOC_Os01g16970,leaf mesophyll,Leaf,Gas2,PCMDB
Os01g0277600,LOC_Os01g17010,"leaf epidermis,leaf mesophyll,leaf procambium",Leaf,osALA2,PCMDB
Os01g0277700,LOC_Os01g17020,"leaf epidermis,leaf mesophyll",Leaf,Os01g0277700,PCMDB
Os01g0278000,LOC_Os01g17050,leaf mesophyll,Leaf,OsVQ1,PCMDB
Os01g0278900,LOC_Os01g17150,"leaf mesophyll,leaf epidermis,mestome sheath,leaf procambium,Mesophyll precursor",Leaf,Os01g0278900,PCMDB
Os01g0279100,LOC_Os01g17170,"leaf epidermis,leaf mesophyll,mestome sheath,leaf procambium,Mesophyll precursor",Leaf,OsCRD1,PCMDB
Os01g0279300,LOC_Os01g17190,"leaf epidermis,leaf mesophyll,leaf procambium",Leaf,OsCaM3,PCMDB
Os01g0279700,LOC_Os01g17240,"leaf mesophyll,leaf procambium",Leaf,OsPT21,PCMDB
Os01g0280500,LOC_Os01g17330,"mestome sheath,leaf procambium",Leaf,EIF6,PCMDB
Os01g0281000,LOC_Os01g17390,leaf epidermis,Leaf,OsFbox006,PCMDB
Os01g0281100,LOC_Os01g17396,leaf mesophyll,Leaf,Os01g0281100,PCMDB
Os01g0281600,LOC_Os01g17470,leaf mesophyll,Leaf,OsENODL4,PCMDB
Os01g0282800,LOC_Os01g18050,"leaf epidermis,leaf mesophyll,mestome sheath,Xylem",Leaf,OsTUB1,PCMDB
Os01g0283100,LOC_Os01g18070,"leaf epidermis,leaf mesophyll",Leaf,Os01g0283100,PCMDB
Os01g0283300,LOC_Os01g18080,"leaf epidermis,leaf mesophyll,mestome sheath,leaf procambium,Xylem",Leaf,OSJNBa0004B13.11,PCMDB
Os01g0283500,LOC_Os01g18100,"leaf epidermis,leaf mesophyll,mestome sheath",Leaf,OsRhmbd3,PCMDB
Os01g0283700,LOC_Os01g18120,"leaf epidermis,leaf mesophyll,mestome sheath,leaf procambium",Leaf,OsCCR5,PCMDB
Os01g0284500,LOC_Os01g18170,leaf epidermis,Leaf,GER4,PCMDB
Os01g0284700,LOC_Os01g18210,leaf mesophyll,Leaf,OsCYP20-3,PCMDB
Os01g0286600,LOC_Os01g18320,"leaf mesophyll,leaf procambium,Mesophyll precursor",Leaf,PPX,PCMDB
Os01g0289100,LOC_Os01g18530,"leaf mesophyll,leaf initial cell",Leaf,Os01g0289100,PCMDB
Os01g0289100,LOC_Os01g18530,"leaf mesophyll,leaf initial cell",Leaf,Os01g0289100,PCMDB
Os01g0289100,LOC_Os01g18530,"leaf mesophyll,Phloem",Leaf,Os01g0289100,PCMDB
Os01g0289100,LOC_Os01g18530,"leaf mesophyll,Phloem",Leaf,Os01g0289100,PCMDB
Os01g0290700,LOC_Os01g18670,"leaf mesophyll,Leaf preprocambium",Leaf,OsABCB1,PCMDB
Os01g0292200,LOC_Os01g18800,leaf procambium,Leaf,OsCIPK01,PCMDB
Os01g0294700,LOC_Os01g19020,"leaf epidermis,leaf mesophyll,leaf procambium,Xylem",Leaf,OsPOD,PCMDB
Os01g0295700,LOC_Os01g19130,leaf mesophyll,Leaf,OsPP2C02,PCMDB
Os01g0296700,LOC_Os01g19220,leaf mesophyll,Leaf,Os01g0296700,PCMDB
Os01g0298400,LOC_Os01g19330,"leaf mesophyll,mestome sheath",Leaf,Os01g0298400,PCMDB
Os01g0299400,LOC_Os01g19400,"leaf epidermis,leaf mesophyll",Leaf,Os01g0299400,PCMDB
Os01g0300200,LOC_Os01g19450,"leaf epidermis,mestome sheath",Leaf,ACLB-1,PCMDB
Os01g0301900,LOC_Os01g19610,vascular leaf,Leaf,Os01g0301900,PCMDB
Os01g0303000,LOC_Os01g19740,"leaf epidermis,leaf mesophyll",Leaf,P0035H10.18,PCMDB
Os01g0303600,LOC_Os01g19800,"leaf epidermis,leaf mesophyll,mestome sheath,leaf procambium",Leaf,OsRFPV-1,PCMDB
Os01g0303800,LOC_Os01g19820,"leaf epidermis,leaf mesophyll,mestome sheath,leaf procambium",Leaf,Os01g0303800,PCMDB
Os01g0304000,LOC_Os01g19840,"leaf epidermis,leaf mesophyll,leaf procambium",Leaf,Os01g0304000,PCMDB
Os01g0305200,LOC_Os01g19940,leaf mesophyll,Leaf,Os01g0305200,PCMDB
Os01g0306400,LOC_Os01g20030,"leaf mesophyll,Mesophyll precursor",Leaf,OsDOG1L-1,PCMDB
Os01g0306800,LOC_Os01g20110,leaf mesophyll,Leaf,P0552C05.41-2,PCMDB
Os01g0308600,LOC_Os01g20730,leaf epidermis,Leaf,Os01g0308600,PCMDB
Os01g0309100,LOC_Os01g20780,leaf mesophyll,Leaf,Os01g0309100,PCMDB
Os01g0311400,LOC_Os01g20930,mestome sheath,Leaf,Os01g0311400,PCMDB
Os01g0311800,LOC_Os01g20980,"leaf mesophyll,mestome sheath",Leaf,OsPME2,PCMDB
Os01g0312500,LOC_Os01g21034,"leaf mesophyll,Mesophyll precursor",Leaf,OsPME3,PCMDB
Os01g0313300,LOC_Os01g21120,leaf epidermis,Leaf,OsERF#068,PCMDB
Os01g0314100,LOC_Os01g21160,"leaf epidermis,leaf mesophyll,mestome sheath,leaf procambium",Leaf,Os01g0314100,PCMDB
Os01g0314300,LOC_Os01g21180,"leaf epidermis,leaf mesophyll,leaf procambium",Leaf,Os01g0314300,PCMDB
Os01g0314800,LOC_Os01g21250,"leaf epidermis,leaf mesophyll,mestome sheath,leaf procambium",Leaf,OsLEA9,PCMDB
Os01g0315700,LOC_Os01g21310,"leaf epidermis,mestome sheath",Leaf,Os01g0315700,PCMDB
Os01g0316800,LOC_Os01g21440,"leaf epidermis,leaf mesophyll",Leaf,Os01g0316800,PCMDB
Os01g0317800,LOC_Os01g21560,"leaf epidermis,leaf mesophyll",Leaf,Os01g0317800,PCMDB
Os01g0318400,LOC_Os01g21590,leaf mesophyll,Leaf,Os01g0318400,PCMDB
Os01g0321800,LOC_Os01g21860,leaf mesophyll,Leaf,Os01g0321800,PCMDB
Os01g0323000,LOC_Os01g21960,"leaf epidermis,mestome sheath,Xylem",Leaf,Os01g0323000,PCMDB
Os01g0323600,LOC_Os01g22010,"leaf mesophyll,leaf procambium,leaf initial cell",Leaf,OsSAM2,PCMDB
Os01g0324400,LOC_Os01g22090,"leaf mesophyll,leaf procambium",Leaf,OSJNBa0011P19.20-2,PCMDB
Os01g0326000,LOC_Os01g22230,"leaf mesophyll,leaf procambium",Leaf,prx12,PCMDB
Os01g0326100,LOC_Os01g22249,"leaf epidermis,leaf mesophyll,mestome sheath,leaf procambium",Leaf,RP-2,PCMDB
Os01g0326300,LOC_Os01g22249,"leaf epidermis,leaf mesophyll,mestome sheath,leaf procambium",Leaf,Os01g0326300,PCMDB
Os01g0327100,LOC_Os01g22352,leaf epidermis,Leaf,prx15,PCMDB
Os01g0327400,LOC_Os01g22370,"leaf epidermis,leaf mesophyll",Leaf,prx16,PCMDB
Os01g0328400,LOC_Os01g22490,"leaf epidermis,leaf mesophyll",Leaf,RPS27a,PCMDB
Os01g0328500,LOC_Os01g22500,"leaf epidermis,leaf mesophyll,leaf procambium",Leaf,Os01g0328500,PCMDB
Os01g0328600,LOC_Os01g22510,"leaf epidermis,leaf mesophyll,mestome sheath,leaf procambium",Leaf,Os01g0328600,PCMDB
Os01g0328700,LOC_Os01g22520,"leaf epidermis,leaf mesophyll",Leaf,Os01g0328700,PCMDB
Os01g0329800,LOC_Os01g22630,mestome sheath,Leaf,IAI1,PCMDB
Os01g0330100,LOC_Os01g22660,leaf mesophyll,Leaf,OsGELP15,PCMDB
Os01g0331900,LOC_Os01g22870,"leaf epidermis,leaf mesophyll,leaf procambium",Leaf,Os01g0331900,PCMDB
Os01g0332100,LOC_Os01g22900,"leaf mesophyll,leaf procambium",Leaf,OsNIN2,PCMDB
Os01g0332800,LOC_Os01g22980,vascular leaf,Leaf,OsSCP3,PCMDB
Os01g0332900,LOC_Os01g22990,"leaf epidermis,leaf mesophyll,mestome sheath,leaf initial cell",Leaf,Os01g0332900,PCMDB
Os01g0337600,LOC_Os01g23590,"leaf epidermis,leaf mesophyll,leaf procambium",Leaf,Os01g0337600,PCMDB
Os01g0338200,LOC_Os01g23640,leaf mesophyll,Leaf,Os01g0338200,PCMDB
Os01g0342900,LOC_Os01g24030,"leaf epidermis,leaf mesophyll,mestome sheath,leaf procambium",Leaf,Os01g0342900,PCMDB
Os01g0343300,LOC_Os01g24070,"leaf epidermis,leaf mesophyll,mestome sheath,leaf procambium",Leaf,OsGATA8,PCMDB
Os01g0346700,LOC_Os01g24440,leaf mesophyll,Leaf,Os01g0346700,PCMDB
Os01g0347100,LOC_Os01g24480,mestome sheath,Leaf,Os01g0347100,PCMDB
Os01g0348600,LOC_Os01g24680,leaf epidermis,Leaf,Os01g0348600,PCMDB
Os01g0348700,LOC_Os01g24690,"leaf epidermis,leaf mesophyll",Leaf,OsRPL23A,PCMDB
Os01g0348900,LOC_Os01g24710,leaf mesophyll,Leaf,OsJRL,PCMDB
Os01g0349600,LOC_Os01g24764,leaf mesophyll,Leaf,Os01g0349600,PCMDB
Os01g0352100,LOC_Os01g25010,flag leaf,Leaf,Os01g0352100,PCMDB
Os01g0355500,LOC_Os01g25320,leaf mesophyll,Leaf,OsDjC5,PCMDB
Os01g0357100,LOC_Os01g25484,leaf procambium,Leaf,NiR,PCMDB
Os01g0357900,LOC_Os01g25540,"leaf mesophyll,mestome sheath,leaf procambium",Leaf,OsRALF-4,PCMDB
Os01g0358100,LOC_Os01g25560,"leaf epidermis,leaf mesophyll,mestome sheath,leaf procambium",Leaf,OsRALF-6,PCMDB
Os01g0358400,LOC_Os01g25610,"leaf epidermis,leaf mesophyll",Leaf,Os01g0358400,PCMDB
Os01g0360600,LOC_Os01g25880,leaf epidermis,Leaf,Os01g0360600,PCMDB
Os01g0362400,LOC_Os01g26070,"leaf epidermis,leaf mesophyll,mestome sheath,leaf procambium",Leaf,Os01g0362400,PCMDB
Os01g0363300,LOC_Os01g26120,"leaf mesophyll,leaf procambium",Leaf,Os01g0363300,PCMDB
Os01g0364800,LOC_Os01g26270,leaf sheath,Leaf,OsWAK7/8,PCMDB
Os01g0367100,LOC_Os01g26920,"leaf epidermis,leaf mesophyll,leaf procambium",Leaf,PHD1,PCMDB
Os01g0367300,LOC_Os01g26940,leaf procambium,Leaf,Os01g0367300,PCMDB
Os01g0367400,LOC_Os01g26970,"leaf mesophyll,leaf procambium",Leaf,B1329D01.9-1,PCMDB
Os01g0367700,LOC_Os01g27020,"leaf epidermis,leaf mesophyll,leaf procambium",Leaf,Orysa,PCMDB
Os01g0368900,LOC_Os01g27140,"mestome sheath,leaf procambium,vascular leaf",Leaf,OsGRX4,PCMDB
Os01g0369000,LOC_Os01g27150,mestome sheath,Leaf,OsCUL1-1,PCMDB
Os01g0369700,LOC_Os01g27210,"leaf mesophyll,leaf procambium",Leaf,OsGSTF5,PCMDB
Os01g0369900,LOC_Os01g27230,mestome sheath,Leaf,OsOPR10,PCMDB
Os01g0373400,LOC_Os01g27590,"leaf epidermis,leaf mesophyll,leaf procambium",Leaf,Os01g0373400,PCMDB
Os01g0375200,LOC_Os01g27750,leaf mesophyll,Leaf,DHQDT/SDH,PCMDB
Os01g0377700,LOC_Os01g27990,leaf mesophyll,Leaf,Os01g0377700,PCMDB
Os01g0383700,LOC_Os01g28680,"leaf mesophyll,leaf procambium",Leaf,OsWD40-14,PCMDB
Os01g0384800,LOC_Os01g28790,leaf mesophyll,Leaf,Os01g0384800,PCMDB
Os01g0386500,LOC_Os01g28970,leaf mesophyll,Leaf,OsRNAG,PCMDB
Os01g0389200,LOC_Os01g29280,mestome sheath,Leaf,Os01g0389200,PCMDB
Os01g0390900,LOC_Os01g29469,mestome sheath,Leaf,OsDsPTP1,PCMDB
Os01g0392600,LOC_Os01g29804,"leaf epidermis,leaf mesophyll,mestome sheath",Leaf,Os01g0392600,PCMDB
Os01g0444100,LOC_Os01g31050,leaf,Leaf,Os01g0444100,PCMDB
Os01g0496900,LOC_Os01g31220,leaf mesophyll,Leaf,Os01g0496900,PCMDB
Os01g0498200,LOC_Os01g31360,"leaf epidermis,leaf mesophyll,leaf procambium",Leaf,Os01g0498200,PCMDB
Os01g0498300,LOC_Os01g31370,leaf mesophyll,Leaf,Os01g0498300,PCMDB
Os01g0500500,LOC_Os01g31580,mestome sheath,Leaf,Os01g0500500,PCMDB
Os01g0501700,LOC_Os01g31680,leaf mesophyll,Leaf,OsTATC,PCMDB
Os01g0501800,LOC_Os01g31690,"leaf epidermis,leaf mesophyll,mestome sheath,leaf procambium,Mesophyll precursor",Leaf,PsbO,PCMDB
Os01g0502700,LOC_Os01g31800,"leaf mesophyll,leaf initial cell",Leaf,Os01g0502700,PCMDB
Os01g0504500,LOC_Os01g31980,mestome sheath,Leaf,Os01g0504500,PCMDB
Os01g0505400,LOC_Os01g32080,"leaf mesophyll,mestome sheath,leaf procambium",Leaf,Os01g0505400,PCMDB
Os01g0507300,LOC_Os01g32280,leaf procambium,Leaf,Os01g0507300,PCMDB
Os01g0507500,LOC_Os01g32300,"leaf epidermis,leaf mesophyll",Leaf,Os01g0507500,PCMDB
Os01g0507900,LOC_Os01g32350,leaf mesophyll,Leaf,OsClpP3,PCMDB
Os01g0508100,LOC_Os01g32380,"leaf epidermis,leaf mesophyll,mestome sheath,leaf procambium,Mesophyll precursor",Leaf,RH3,PCMDB
Os01g0508500,LOC_Os01g32460,"leaf epidermis,leaf mesophyll,leaf procambium",Leaf,RH2,PCMDB
Os01g0510200,LOC_Os01g32670,"leaf mesophyll,mestome sheath",Leaf,Os01g0510200,PCMDB
Os01g0510600,LOC_Os01g32730,leaf mesophyll,Leaf,OsFLU1,PCMDB
Os01g0510800,LOC_Os01g32750,"leaf mesophyll,mestome sheath,leaf procambium",Leaf,TAF6,PCMDB
Os01g0511100,LOC_Os01g32780,"leaf epidermis,leaf mesophyll,mestome sheath,leaf procambium",Leaf,Os01g0511100,PCMDB
Os01g0511200,LOC_Os01g32790,"leaf mesophyll,leaf procambium",Leaf,Os01g0511200,PCMDB
Os01g0511300,LOC_Os01g32800,"leaf epidermis,leaf mesophyll,leaf procambium",Leaf,OsRpn9a,PCMDB
Os01g0512100,LOC_Os01g32870,leaf procambium,Leaf,OsDjC7,PCMDB
Os01g0512700,LOC_Os01g32920,mestome sheath,Leaf,Os01g0512700,PCMDB
Os01g0513700,LOC_Os01g33020,"leaf epidermis,leaf mesophyll,mestome sheath,leaf procambium",Leaf,P0504D03.30-1,PCMDB
Os01g0514000,LOC_Os01g33050,"leaf epidermis,leaf mesophyll,mestome sheath,leaf procambium",Leaf,P0504D03.37-1,PCMDB
Os01g0514300,LOC_Os01g33060,"leaf epidermis,leaf procambium",Leaf,Os01g0514300,PCMDB
Os01g0516600,LOC_Os01g33204,"leaf epidermis,leaf mesophyll",Leaf,B1108H10.11-1,PCMDB
Os01g0526100,LOC_Os01g34190,leaf mesophyll,Leaf,Os01g0526100,PCMDB
Os01g0526200,LOC_Os01g34200,leaf mesophyll,Leaf,Os01g0526200,PCMDB
Os01g0527700,LOC_Os01g34390,"leaf epidermis,leaf mesophyll,mestome sheath,leaf procambium",Leaf,Os01g0527700,PCMDB
Os01g0528800,LOC_Os01g34480,"leaf epidermis,leaf mesophyll,mestome sheath",Leaf,CADL,PCMDB
Os01g0529800,LOC_Os01g34560,leaf epidermis,Leaf,P0702H08.4,PCMDB
Os01g0530400,LOC_Os01g34620,"leaf epidermis,leaf mesophyll",Leaf,OsGRX5,PCMDB
Os01g0531500,LOC_Os01g34700,"leaf epidermis,leaf mesophyll,mestome sheath,leaf procambium",Leaf,Os01g0531500,PCMDB
Os01g0532200,LOC_Os01g34780,leaf mesophyll,Leaf,Os01g0532200,PCMDB
Os01g0534800,LOC_Os01g35040,"leaf epidermis,leaf mesophyll,mestome sheath,leaf procambium",Leaf,Os01g0534800,PCMDB
Os01g0534900,LOC_Os01g35050,leaf mesophyll,Leaf,OsOSCA1.1,PCMDB
Os01g0538000,LOC_Os01g35580,"leaf mesophyll,mestome sheath,leaf procambium",Leaf,B1166B08.10-1,PCMDB
Os01g0539400,LOC_Os01g35789,leaf mesophyll,Leaf,Os01g0539400,PCMDB
Os01g0541600,LOC_Os01g35990,"leaf epidermis,leaf mesophyll,mestome sheath",Leaf,Os01g0541600,PCMDB
Os01g0541800,LOC_Os01g36070,"leaf epidermis,leaf mesophyll,mestome sheath,leaf procambium",Leaf,OsSWEET2a,PCMDB
Os01g0543600,LOC_Os01g36294,"flag leaf,leaf",Leaf,Os01g0543600,PCMDB
Os01g0544200,LOC_Os01g36350,leaf sheath,Leaf,Os01g0544200,PCMDB
Os01g0545100,LOC_Os01g36460,"mestome sheath,Xylem",Leaf,OsMYB86-L1,PCMDB
Os01g0546800,LOC_Os01g36620,leaf epidermis,Leaf,OsPSE1,PCMDB
Os01g0548600,LOC_Os01g36790,"leaf mesophyll,leaf procambium,Leaf preprocambium",Leaf,Os01g0548600,PCMDB
Os01g0548750,LOC_Os01g36790,"leaf mesophyll,leaf procambium",Leaf,Os01g0548750,PCMDB
Os01g0549200,LOC_Os01g36840,mestome sheath,Leaf,Os01g0549200,PCMDB
Os01g0549400,LOC_Os01g36860,leaf procambium,Leaf,Os01g0549400,PCMDB
Os01g0549700,LOC_Os01g36890,leaf mesophyll,Leaf,AIP1,PCMDB
Os01g0550000,LOC_Os01g36920,leaf mesophyll,Leaf,AIP2,PCMDB
Os01g0550300,LOC_Os01g36950,leaf mesophyll,Leaf,B1156H12.27-2,PCMDB
Os01g0551000,LOC_Os01g37040,"mestome sheath,leaf procambium",Leaf,Os01g0551000,PCMDB
Os01g0551400,LOC_Os01g37090,"leaf epidermis,leaf mesophyll",Leaf,Os01g0551400,PCMDB
Os01g0555100,LOC_Os01g37460,vascular leaf,Leaf,SRZ3,PCMDB
Os01g0555300,LOC_Os01g37480,"leaf epidermis,leaf mesophyll,leaf procambium",Leaf,Os01g0555300,PCMDB
Os01g0557100,LOC_Os01g37630,leaf epidermis,Leaf,Os01g0557100,PCMDB
Os01g0558100,LOC_Os01g37750,"leaf epidermis,leaf mesophyll,leaf procambium",Leaf,OsGSTU6,PCMDB
Os01g0558600,LOC_Os01g37800,leaf mesophyll,Leaf,OsRab1B2,PCMDB
Os01g0558700,LOC_Os01g37810,"leaf epidermis,leaf mesophyll,leaf procambium",Leaf,Os01g0558700,PCMDB
Os01g0559000,LOC_Os01g37832,leaf mesophyll,Leaf,B1144D11.37-1,PCMDB
Os01g0559100,LOC_Os01g37837,leaf procambium,Leaf,B1144D11.40-1,PCMDB
Os01g0559300,LOC_Os01g37850,leaf mesophyll,Leaf,Os01g0559300,PCMDB
Os01g0560000,LOC_Os01g37960,"leaf epidermis,leaf mesophyll,mestome sheath,leaf procambium",Leaf,ILL1,PCMDB
Os01g0560200,LOC_Os01g37980,"leaf epidermis,leaf mesophyll,mestome sheath,leaf procambium",Leaf,Os01g0560200,PCMDB
Os01g0561700,LOC_Os01g38120,leaf procambium,Leaf,Os01g0561700,PCMDB
Os01g0564300,LOC_Os01g38359,leaf sheath,Leaf,OsFKBP46,PCMDB
Os01g0565600,LOC_Os01g38480,"leaf epidermis,leaf mesophyll,mestome sheath,leaf procambium",Leaf,P0697C12.21-1,PCMDB
Os01g0565900,LOC_Os01g38510,"leaf mesophyll,mestome sheath,leaf procambium",Leaf,Os01g0565900,PCMDB
Os01g0566100,LOC_Os01g38530,"leaf epidermis,leaf mesophyll,mestome sheath,leaf procambium",Leaf,OsELF3.2,PCMDB
Os01g0566500,LOC_Os01g38580,"leaf epidermis,leaf mesophyll,mestome sheath,leaf procambium,Mesophyll precursor",Leaf,OsCCD8a,PCMDB
Os01g0566900,LOC_Os01g38620,leaf mesophyll,Leaf,Os01g0566900,PCMDB
Os01g0570800,LOC_Os01g38980,leaf mesophyll,Leaf,B1114B07.32-1,PCMDB
Os01g0571100,LOC_Os01g39000,"leaf epidermis,leaf mesophyll,mestome sheath,leaf procambium,Xylem",Leaf,Os01g0571100,PCMDB
Os01g0571166,LOC_Os01g39000,"leaf epidermis,leaf mesophyll,mestome sheath,leaf procambium",Leaf,Os01g0571166,PCMDB
Os01g0571200,LOC_Os01g39010,leaf epidermis,Leaf,Os01g0571200,PCMDB
Os01g0574500,LOC_Os01g39260,mestome sheath,Leaf,OsFtsH5,PCMDB
Os01g0574600,LOC_Os01g39270,leaf mesophyll,Leaf,OsGLYR2,PCMDB
Os01g0575200,LOC_Os01g39330,"leaf mesophyll,mestome sheath,leaf procambium",Leaf,OsbHLH024,PCMDB
Os01g0575500,LOC_Os01g39380,"leaf epidermis,leaf mesophyll",Leaf,OsWD40-16,PCMDB
Os01g0579600,LOC_Os01g39770,leaf mesophyll,Leaf,OsCBL9,PCMDB
Os01g0579900,LOC_Os01g39790,mestome sheath,Leaf,Os01g0579900,PCMDB
Os01g0580500,LOC_Os01g39860,"leaf epidermis,leaf mesophyll,leaf procambium",Leaf,ACO7,PCMDB
Os01g0580800,LOC_Os01g39890,leaf mesophyll,Leaf,Os01g0580800,PCMDB
Os01g0582600,LOC_Os01g40070,"leaf epidermis,leaf mesophyll,mestome sheath,leaf procambium",Leaf,B1097D05.32,PCMDB
Os01g0584200,LOC_Os01g40200,mestome sheath,Leaf,Os01g0584200,PCMDB
Os01g0584900,LOC_Os01g40260,"leaf epidermis,leaf mesophyll,mestome sheath",Leaf,OsWRKY77,PCMDB
Os01g0585100,LOC_Os01g40280,"leaf mesophyll,mestome sheath",Leaf,Os01g0585100,PCMDB
Os01g0585200,LOC_Os01g40290,"leaf epidermis,leaf mesophyll,mestome sheath,leaf procambium",Leaf,Os01g0585200,PCMDB
Os01g0585300,LOC_Os01g40310,"leaf mesophyll,mestome sheath,leaf procambium",Leaf,Os01g0585300,PCMDB
Os01g0585600,LOC_Os01g40330,mestome sheath,Leaf,Os01g0585600,PCMDB
Os01g0585700,LOC_Os01g40340,leaf mesophyll,Leaf,Os01g0585700,PCMDB
Os01g0586800,LOC_Os01g40430,mestome sheath,Leaf,OsWRKY27,PCMDB
Os01g0587000,LOC_Os01g40470,"leaf epidermis,leaf mesophyll,leaf procambium",Leaf,Os01g0587000,PCMDB
Os01g0588200,LOC_Os01g40570,"leaf epidermis,leaf mesophyll,leaf procambium",Leaf,OSVDAC3,PCMDB
Os01g0588400,LOC_Os01g40580,"leaf mesophyll,mestome sheath,leaf procambium",Leaf,Os01g0588400,PCMDB
Os01g0589100,LOC_Os01g40650,"leaf epidermis,leaf mesophyll",Leaf,Os01g0589100,PCMDB
Os01g0589300,LOC_Os01g40670,leaf mesophyll,Leaf,Os01g0589300,PCMDB
Os01g0589500,LOC_Os01g40690,"leaf epidermis,leaf mesophyll,mestome sheath,leaf procambium",Leaf,Os01g0589500,PCMDB
Os01g0589800,LOC_Os01g40710,"leaf mesophyll,leaf procambium",Leaf,Os01g0589800,PCMDB
Os01g0590300,LOC_Os01g40760,"leaf epidermis,leaf mesophyll,leaf procambium",Leaf,Os01g0590300,PCMDB
Os01g0591000,LOC_Os01g40860,leaf mesophyll,Leaf,ALDH1a,PCMDB
Os01g0591300,LOC_Os01g40870,leaf procambium,Leaf,OsALDH2C1,PCMDB
Os01g0593200,LOC_Os01g41010,mestome sheath,Leaf,Os01g0593200,PCMDB
Os01g0594300,LOC_Os01g41120,"leaf epidermis,leaf mesophyll,leaf procambium",Leaf,P0451D05.14-2,PCMDB
Os01g0595100,LOC_Os01g41190,leaf mesophyll,Leaf,Os01g0595100,PCMDB
Os01g0595400,LOC_Os01g41220,"leaf epidermis,leaf mesophyll,mestome sheath,leaf procambium",Leaf,Os01g0595400,PCMDB
Os01g0595600,LOC_Os01g41240,"leaf epidermis,leaf mesophyll,mestome sheath,leaf procambium",Leaf,Os01g0595600,PCMDB
Os01g0597800,LOC_Os01g41430,leaf epidermis,Leaf,Os01g0597800,PCMDB
Os01g0598600,LOC_Os01g41550,mestome sheath,Leaf,Os01g0598600,PCMDB
Os01g0600000,LOC_Os01g41610,"leaf epidermis,leaf mesophyll,leaf procambium",Leaf,Os01g0600000,PCMDB
Os01g0600500,LOC_Os01g41660,"leaf epidermis,leaf mesophyll,leaf procambium",Leaf,Os01g0600500,PCMDB
Os01g0600900,LOC_Os01g41710,"leaf epidermis,leaf mesophyll,mestome sheath,leaf procambium",Leaf,CAB2R,PCMDB
Os01g0601200,LOC_Os01g41730,mestome sheath,Leaf,OsRLCK41,PCMDB
Os01g0603300,LOC_Os01g41900,"leaf epidermis,leaf mesophyll,mestome sheath,leaf procambium",Leaf,P0681B11.9-1,PCMDB
Os01g0604500,LOC_Os01g41990,leaf mesophyll,Leaf,OsCML12,PCMDB
Os01g0604700,LOC_Os01g42010,"leaf epidermis,leaf mesophyll,mestome sheath,leaf procambium",Leaf,Os01g0604700,PCMDB
Os01g0605100,LOC_Os01g42030,"leaf epidermis,leaf mesophyll",Leaf,Os01g0605100,PCMDB
Os01g0606900,LOC_Os01g42190,leaf mesophyll,Leaf,OsDjC10,PCMDB
Os01g0607200,LOC_Os01g42234,leaf mesophyll,Leaf,OsBAT1,PCMDB
Os01g0607400,LOC_Os01g42260,"leaf epidermis,leaf mesophyll",Leaf,OsWD40-17,PCMDB
Os01g0609200,LOC_Os01g42370,"leaf epidermis,mestome sheath",Leaf,OsABCG35,PCMDB
Os01g0609300,LOC_Os01g42380,"leaf epidermis,leaf mesophyll,mestome sheath,leaf procambium",Leaf,OsPDR9,PCMDB
Os01g0609900,LOC_Os01g42410,"leaf epidermis,leaf mesophyll,mestome sheath,leaf procambium",Leaf,OsPDR8,PCMDB
Os01g0610100,LOC_Os01g42430,"leaf epidermis,leaf mesophyll",Leaf,Os01g0610100,PCMDB
Os01g0610400,LOC_Os01g42470,"leaf epidermis,leaf mesophyll,mestome sheath,leaf procambium",Leaf,Os01g0610400,PCMDB
Os01g0610700,LOC_Os01g42500,leaf mesophyll,Leaf,OsRFPV-4,PCMDB
Os01g0610800,LOC_Os01g42510,"leaf epidermis,leaf mesophyll",Leaf,Os01g0610800,PCMDB
Os01g0611000,LOC_Os01g42520,"leaf epidermis,leaf mesophyll,mestome sheath,leaf procambium",Leaf,P0410E03.33-1,PCMDB
Os01g0612200,LOC_Os01g42650,"leaf mesophyll,leaf procambium",Leaf,coxVb,PCMDB
Os01g0613300,LOC_Os01g42770,"leaf epidermis,leaf mesophyll,leaf procambium,Mesophyll precursor",Leaf,Os01g0613300,PCMDB
Os01g0614500,LOC_Os01g42820,"leaf epidermis,leaf mesophyll",Leaf,Os01g0614500,PCMDB
Os01g0614700,LOC_Os01g42830,mestome sheath,Leaf,OsABCI13,PCMDB
Os01g0615100,LOC_Os01g42860,"leaf mesophyll,mestome sheath",Leaf,OCPI2,PCMDB
Os01g0615200,LOC_Os01g42870,"leaf epidermis,leaf mesophyll,leaf procambium",Leaf,OsAT2,PCMDB
Os01g0615300,LOC_Os01g42880,"leaf epidermis,leaf mesophyll,mestome sheath,leaf procambium,Xylem",Leaf,OsAT1,PCMDB
Os01g0616100,LOC_Os01g42950,"leaf epidermis,leaf mesophyll,leaf procambium",Leaf,Os01g0616100,PCMDB
Os01g0616400,LOC_Os01g42970,leaf epidermis,Leaf,OsC3H8,PCMDB
Os01g0616500,LOC_Os01g42980,"leaf epidermis,leaf mesophyll,leaf procambium",Leaf,Os01g0616500,PCMDB
Os01g0616900,LOC_Os01g43020,"leaf mesophyll,mestome sheath",Leaf,Os01g0616900,PCMDB
Os01g0617900,LOC_Os01g43070,"leaf epidermis,leaf mesophyll,leaf procambium,Mesophyll precursor",Leaf,P0686E09.32-2,PCMDB
Os01g0617950,LOC_Os01g43080,"leaf epidermis,leaf mesophyll,mestome sheath,leaf procambium",Leaf,Os01g0617950,PCMDB
Os01g0618000,LOC_Os01g43080,"leaf epidermis,leaf mesophyll,mestome sheath,leaf procambium",Leaf,Os01g0618000,PCMDB
Os01g0618100,LOC_Os01g43090,"leaf epidermis,leaf mesophyll",Leaf,Os01g0618100,PCMDB
Os01g0618700,LOC_Os01g43140,"leaf epidermis,leaf mesophyll",Leaf,Os01g0618700,PCMDB
Os01g0620100,LOC_Os01g43250,"leaf epidermis,leaf mesophyll",Leaf,OsWD40-19,PCMDB
Os01g0621200,LOC_Os01g43320,leaf epidermis,Leaf,OsGAT2,PCMDB
Os01g0621300,LOC_Os01g43330,leaf epidermis,Leaf,Os01g0621300,PCMDB
Os01g0621700,LOC_Os01g43360,"leaf epidermis,leaf mesophyll",Leaf,Os01g0621700,PCMDB
Os01g0621900,LOC_Os01g43370,leaf mesophyll,Leaf,IIP1,PCMDB
Os01g0622700,LOC_Os01g43420,"leaf epidermis,leaf mesophyll,mestome sheath,leaf procambium",Leaf,Os01g0622700,PCMDB
Os01g0623200,LOC_Os01g43460,leaf mesophyll,Leaf,SLAC,PCMDB
Os01g0623500,LOC_Os01g43480,"leaf mesophyll,leaf procambium",Leaf,Os01g0623500,PCMDB
Os01g0624500,LOC_Os01g43540,"leaf epidermis,mestome sheath",Leaf,OsSgt1,PCMDB
Os01g0624700,LOC_Os01g43550,"leaf epidermis,leaf mesophyll,leaf procambium",Leaf,OsWRKY12,PCMDB
Os01g0625200,LOC_Os01g43580,"leaf epidermis,leaf mesophyll,mestome sheath,leaf procambium",Leaf,Os01g0625200,PCMDB
Os01g0626400,LOC_Os01g43650,leaf mesophyll,Leaf,WRKY11,PCMDB
Os01g0627400,LOC_Os01g43700,mestome sheath,Leaf,OsCYP72A17,PCMDB
Os01g0627500,LOC_Os01g43710,"leaf mesophyll,leaf procambium",Leaf,OsCYP72A18,PCMDB
Os01g0627600,LOC_Os01g43720,leaf mesophyll,Leaf,OsCYP72A19,PCMDB
Os01g0627900,LOC_Os01g43750,leaf procambium,Leaf,Os01g0627900,PCMDB
Os01g0628700,LOC_Os01g43844,"leaf epidermis,leaf mesophyll,mestome sheath,leaf procambium,Phloem",Leaf,Os01g0628700,PCMDB
Os01g0629400,LOC_Os01g43870,"leaf mesophyll,mestome sheath,leaf procambium",Leaf,Os01g0629400,PCMDB
Os01g0629750,LOC_Os01g43895,mestome sheath,Leaf,Os01g0629750,PCMDB
Os01g0629900,LOC_Os01g43910,leaf mesophyll,Leaf,OsMPK20-1,PCMDB
Os01g0630300,LOC_Os01g43950,leaf mesophyll,Leaf,Os01g0630300,PCMDB
Os01g0631100,LOC_Os01g44040,"mestome sheath,Xylem",Leaf,B1158C05.2-1,PCMDB
Os01g0631800,LOC_Os01g44120,"leaf epidermis,leaf mesophyll",Leaf,Os01g0631800,PCMDB
Os01g0633000,LOC_Os01g44210,"leaf epidermis,leaf mesophyll,mestome sheath,leaf procambium,Mesophyll precursor",Leaf,Os01g0633000,PCMDB
Os01g0636400,LOC_Os01g44960,mestome sheath,Leaf,Os01g0636400,PCMDB
Os01g0637600,LOC_Os01g45070,leaf mesophyll,Leaf,OsPDF1B,PCMDB
Os01g0638000,LOC_Os01g45110,"leaf epidermis,leaf mesophyll,mestome sheath,leaf procambium",Leaf,Os01g0638000,PCMDB
Os01g0639100,LOC_Os01g45190,leaf mesophyll,Leaf,OsRH2,PCMDB
Os01g0639200,LOC_Os01g45200,"mestome sheath,leaf procambium",Leaf,SNL6,PCMDB
Os01g0639600,LOC_Os01g45250,"leaf epidermis,leaf mesophyll,mestome sheath,leaf procambium",Leaf,Os01g0639600,PCMDB
Os01g0639900,LOC_Os01g45274,"leaf mesophyll,mestome sheath",Leaf,BETACA1,PCMDB
Os01g0641000,LOC_Os01g45380,mestome sheath,Leaf,Os01g0641000,PCMDB
Os01g0642900,LOC_Os01g45530,leaf epidermis,Leaf,SSB,PCMDB
Os01g0643300,LOC_Os01g45550,leaf mesophyll,Leaf,PIN10A,PCMDB
Os01g0644000,LOC_Os01g45640,"leaf mesophyll,leaf procambium",Leaf,Os01g0644000,PCMDB
Os01g0644600,LOC_Os01g45700,"leaf epidermis,leaf mesophyll,leaf procambium",Leaf,Os01g0644600,PCMDB
Os01g0644900,LOC_Os01g45720,"leaf epidermis,leaf mesophyll,mestome sheath,leaf procambium",Leaf,Os01g0644900,PCMDB
Os01g0645000,LOC_Os01g45730,"leaf mesophyll,mestome sheath,leaf procambium",Leaf,OsC3H9,PCMDB
Os01g0645200,LOC_Os01g45750,"leaf mesophyll,mestome sheath,leaf procambium,Mesophyll precursor",Leaf,BASS2,PCMDB
Os01g0647200,LOC_Os01g45914,leaf,Leaf,Os01g0647200,PCMDB
Os01g0649100,LOC_Os01g46070,"leaf epidermis,leaf mesophyll,leaf procambium",Leaf,OsmMDH,PCMDB
Os01g0651800,LOC_Os01g46290,"leaf epidermis,leaf mesophyll,leaf procambium",Leaf,Os01g0651800,PCMDB
Os01g0652100,LOC_Os01g46350,leaf mesophyll,Leaf,OsTBL21,PCMDB
Os01g0652300,LOC_Os01g46370,leaf mesophyll,Leaf,Os01g0652300,PCMDB
Os01g0652600,LOC_Os01g46380,"leaf epidermis,leaf mesophyll,mestome sheath,leaf procambium",Leaf,Os01g0652600,PCMDB
Os01g0652800,LOC_Os01g46400,leaf procambium,Leaf,OsTBL57,PCMDB
Os01g0653300,LOC_Os01g46440,leaf mesophyll,Leaf,OsVQ2,PCMDB
Os01g0653800,LOC_Os01g46510,leaf procambium,Leaf,Os01g0653800,PCMDB
Os01g0654100,LOC_Os01g46570,mestome sheath,Leaf,Os01g0654100,PCMDB
Os01g0654400,LOC_Os01g46600,"leaf mesophyll,Mesophyll precursor",Leaf,Os01g0654400,PCMDB
Os01g0654500,LOC_Os01g46610,"leaf epidermis,leaf mesophyll,leaf procambium",Leaf,Os01g0654500,PCMDB
Os01g0655250,LOC_Os01g46700,leaf mesophyll,Leaf,Os01g0655250,PCMDB
Os01g0655300,LOC_Os01g46700,leaf mesophyll,Leaf,OsSET2,PCMDB
Os01g0655400,LOC_Os01g46710,leaf mesophyll,Leaf,OSJNBa0049H05.21-2,PCMDB
Os01g0655800,LOC_Os01g46750,"leaf epidermis,mestome sheath",Leaf,Os01g0655800,PCMDB
Os01g0658400,LOC_Os01g46926,leaf mesophyll,Leaf,UBC5A,PCMDB
Os01g0658900,LOC_Os01g46970,leaf epidermis,Leaf,OsBZ8,PCMDB
Os01g0659200,LOC_Os01g46980,"leaf epidermis,leaf mesophyll,mestome sheath,leaf procambium",Leaf,v-ATP-E,PCMDB
Os01g0660200,LOC_Os01g47070,"leaf epidermis,leaf mesophyll,mestome sheath,leaf procambium",Leaf,C10728,PCMDB
Os01g0660300,LOC_Os01g47080,"leaf epidermis,leaf mesophyll,mestome sheath",Leaf,Os01g0660300,PCMDB
Os01g0661500,LOC_Os01g47262,"leaf epidermis,leaf mesophyll,mestome sheath,leaf procambium",Leaf,Os01g0661500,PCMDB
Os01g0662300,LOC_Os01g47330,"leaf epidermis,leaf mesophyll,mestome sheath,leaf procambium,Mesophyll precursor",Leaf,rpl12-2,PCMDB
Os01g0662600,LOC_Os01g47340,"leaf epidermis,leaf mesophyll,leaf procambium",Leaf,OsISC6,PCMDB
Os01g0662700,LOC_Os01g47350,"leaf mesophyll,leaf procambium",Leaf,Os01g0662700,PCMDB
Os01g0663300,LOC_Os01g47400,"leaf epidermis,leaf mesophyll,leaf procambium",Leaf,Os01g0663300,PCMDB
Os01g0663500,LOC_Os01g47420,leaf mesophyll,Leaf,Os01g0663500,PCMDB
Os01g0664100,LOC_Os01g47460,"leaf mesophyll,mestome sheath,leaf procambium",Leaf,Os01g0664100,PCMDB
Os01g0664500,LOC_Os01g47490,"leaf epidermis,leaf mesophyll,mestome sheath,leaf procambium",Leaf,P0003E08.12-1,PCMDB
Os01g0665400,LOC_Os01g47550,leaf mesophyll,Leaf,Os01g0665400,PCMDB
Os01g0665500,LOC_Os01g47560,leaf mesophyll,Leaf,OsWRKY16,PCMDB
Os01g0665750,LOC_Os01g47560,leaf mesophyll,Leaf,OsWRKY16,PCMDB
Os01g0665900,LOC_Os01g47570,"leaf mesophyll,leaf procambium",Leaf,Os01g0665900,PCMDB
Os01g0666900,LOC_Os01g47660,"leaf epidermis,leaf mesophyll,leaf procambium",Leaf,Os01g0666900,PCMDB
Os01g0667100,LOC_Os01g47680,"leaf epidermis,leaf mesophyll,mestome sheath,leaf procambium",Leaf,Os01g0667100,PCMDB
Os01g0667200,LOC_Os01g47690,"leaf epidermis,leaf mesophyll,mestome sheath",Leaf,GLYII-1,PCMDB
Os01g0667600,LOC_Os01g47730,mestome sheath,Leaf,OsRab11C1,PCMDB
Os01g0667700,LOC_Os01g47740,leaf epidermis,Leaf,OsRFP,PCMDB
Os01g0667900,LOC_Os01g47760,"leaf mesophyll,mestome sheath",Leaf,GRX6,PCMDB
Os01g0668000,LOC_Os01g47770,"leaf epidermis,leaf mesophyll",Leaf,P0014E08.4-1,PCMDB
Os01g0668100,LOC_Os01g47780,"leaf epidermis,leaf mesophyll,mestome sheath,leaf procambium,Xylem",Leaf,OsFLA7,PCMDB
Os01g0670100,LOC_Os01g48000,"leaf mesophyll,Phloem",Leaf,Os01g0670100,PCMDB
Os01g0670600,LOC_Os01g48040,"leaf mesophyll,leaf procambium",Leaf,Os01g0670600,PCMDB
Os01g0672100,LOC_Os01g48130,leaf epidermis,Leaf,ONAC073,PCMDB
Os01g0672500,LOC_Os01g48200,leaf mesophyll,Leaf,OsGSL2,PCMDB
Os01g0673600,LOC_Os01g48280,"leaf epidermis,leaf mesophyll,mestome sheath",Leaf,OsUBC13,PCMDB
Os01g0673800,LOC_Os01g48300,leaf mesophyll,Leaf,Os,PCMDB
Os01g0674000,LOC_Os01g48320,leaf mesophyll,Leaf,Os01g0674000,PCMDB
Os01g0674400,LOC_Os01g48360,"leaf epidermis,leaf mesophyll,leaf procambium",Leaf,Os01g0674400,PCMDB
Os01g0674500,LOC_Os01g48370,"leaf epidermis,leaf mesophyll,mestome sheath",Leaf,OsTLP9,PCMDB
Os01g0674800,LOC_Os01g48390,"leaf epidermis,leaf mesophyll,leaf procambium",Leaf,Os01g0674800,PCMDB
Os01g0675100,LOC_Os01g48420,"leaf epidermis,leaf mesophyll",Leaf,OsPrxII,PCMDB
Os01g0675700,LOC_Os01g48444,"leaf epidermis,leaf mesophyll,mestome sheath,leaf procambium",Leaf,OsIAA5,PCMDB
Os01g0675800,LOC_Os01g48446,"leaf mesophyll,leaf procambium",Leaf,ONAC014,PCMDB
Os01g0676200,LOC_Os01g48500,"leaf mesophyll,Mesophyll precursor",Leaf,Os01g0676200,PCMDB
Os01g0678000,LOC_Os01g48620,vascular leaf,Leaf,Os01g0678000,PCMDB
Os01g0678600,LOC_Os01g48690,"leaf epidermis,leaf mesophyll,mestome sheath,leaf procambium,Mesophyll precursor",Leaf,ASL1,PCMDB
Os01g0679550,LOC_Os01g48750,"leaf mesophyll,leaf procambium",Leaf,Os01g0679550,PCMDB
Os01g0679600,LOC_Os01g48760,"leaf epidermis,leaf mesophyll",Leaf,B1144G04.39-1,PCMDB
Os01g0679700,LOC_Os01g48770,"leaf epidermis,leaf mesophyll",Leaf,Os01g0679700,PCMDB
Os01g0680400,LOC_Os01g48810,"leaf epidermis,leaf mesophyll",Leaf,Os01g0680400,PCMDB
Os01g0680700,LOC_Os01g48830,"leaf mesophyll,mestome sheath,leaf procambium",Leaf,P0019E03.11-1,PCMDB
Os01g0681150,LOC_Os01g48910,"leaf mesophyll,mestome sheath,leaf procambium",Leaf,Os01g0681150,PCMDB
Os01g0681200,LOC_Os01g48910,"leaf mesophyll,mestome sheath,leaf procambium",Leaf,Os01g0681200,PCMDB
Os01g0681900,LOC_Os01g48960,"leaf epidermis,leaf mesophyll,mestome sheath,leaf procambium",Leaf,OsGLT1,PCMDB
Os01g0682001,LOC_Os01g48960,"leaf epidermis,leaf mesophyll,mestome sheath,leaf procambium",Leaf,Os01g0682001,PCMDB
Os01g0682500,LOC_Os01g48990,leaf mesophyll,Leaf,Os01g0682500,PCMDB
Os01g0683100,LOC_Os01g49000,mestome sheath,Leaf,OsKTN60,PCMDB
Os01g0683600,LOC_Os01g49026,leaf mesophyll,Leaf,Os01g0683600,PCMDB
Os01g0685400,LOC_Os01g49160,leaf mesophyll,Leaf,Os01g0685400,PCMDB
Os01g0685800,LOC_Os01g49190,"leaf epidermis,leaf mesophyll,leaf procambium",Leaf,Os01g0685800,PCMDB
Os01g0686400,LOC_Os01g49250,leaf procambium,Leaf,Os01g0686400,PCMDB
Os01g0686800,LOC_Os01g49290,leaf mesophyll,Leaf,RACK1,PCMDB
Os01g0687700,LOC_Os01g49350,"leaf epidermis,leaf mesophyll,mestome sheath",Leaf,Os01g0687700,PCMDB
Os01g0688200,LOC_Os01g49380,leaf mesophyll,Leaf,Os01g0688200,PCMDB
Os01g0689600,LOC_Os01g49490,leaf epidermis,Leaf,Os01g0689600,PCMDB
Os01g0689800,LOC_Os01g49510,leaf epidermis,Leaf,OsPOP3,PCMDB
Os01g0689975,LOC_Os01g49510,leaf epidermis,Leaf,OsPOP3,PCMDB
Os01g0692000,LOC_Os01g49710,"leaf epidermis,leaf mesophyll,mestome sheath,leaf procambium,Mesophyll precursor",Leaf,OsGSTU40,PCMDB
Os01g0692100,LOC_Os01g49720,"leaf mesophyll,mestome sheath,leaf procambium",Leaf,OsGSTU39,PCMDB
Os01g0692600,LOC_Os01g49760,leaf procambium,Leaf,Os01g0692600,PCMDB
Os01g0692700,LOC_Os01g49770,"leaf epidermis,leaf mesophyll,mestome sheath",Leaf,OsRFPH2-23,PCMDB
Os01g0693400,LOC_Os01g49830,leaf mesophyll,Leaf,AP2/EREBP#127,PCMDB
Os01g0693800,LOC_Os01g49890,"leaf mesophyll,Mesophyll precursor",Leaf,Os01g0693800,PCMDB
Os01g0693900,LOC_Os01g49900,"leaf epidermis,leaf mesophyll,mestome sheath,leaf procambium",Leaf,Os01g0693900,PCMDB
Os01g0694000,LOC_Os01g49910,leaf mesophyll,Leaf,Os01g0694000,PCMDB
Os01g0694100,LOC_Os01g49920,"leaf mesophyll,mestome sheath,leaf procambium",Leaf,LRR-RLK,PCMDB
Os01g0694300,LOC_Os01g49940,"leaf mesophyll,leaf procambium",Leaf,Os01g0694300,PCMDB
Os01g0694400,LOC_Os01g49940,"leaf mesophyll,leaf procambium",Leaf,Os01g0694400,PCMDB
Os01g0694900,LOC_Os01g50010,"leaf mesophyll,leaf procambium",Leaf,Os01g0694900,PCMDB
Os01g0695100,LOC_Os01g50030,"leaf epidermis,leaf mesophyll,leaf procambium",Leaf,OsPEAMT1,PCMDB
Os01g0695200,LOC_Os01g50040,"leaf epidermis,leaf mesophyll,leaf procambium",Leaf,Os01g0695200,PCMDB
Os01g0695800,LOC_Os01g50100,"leaf epidermis,leaf mesophyll,mestome sheath,leaf procambium",Leaf,MDR4,PCMDB
Os01g0696600,LOC_Os01g50160,mestome sheath,Leaf,OsABCB6,PCMDB
Os01g0697100,LOC_Os01g50200,"leaf epidermis,leaf mesophyll,mestome sheath",Leaf,Os01g0697100,PCMDB
Os01g0698000,LOC_Os01g50310,"leaf epidermis,leaf mesophyll",Leaf,Os01g0698000,PCMDB
Os01g0699600,LOC_Os01g50420,leaf mesophyll,Leaf,OsNPK1-PK,PCMDB
Os01g0699900,LOC_Os01g50440,"leaf mesophyll,leaf procambium,Phloem",Leaf,Os01g0699900,PCMDB
Os01g0700000,LOC_Os01g50450,"leaf epidermis,leaf mesophyll,leaf procambium,Phloem",Leaf,Os01g0700000,PCMDB
Os01g0700100,LOC_Os01g50460,leaf mesophyll,Leaf,OsSWEET2b,PCMDB
Os01g0702450,LOC_Os01g50700,"leaf mesophyll,leaf procambium",Leaf,Os01g0702450,PCMDB
Os01g0702500,LOC_Os01g50700,"leaf mesophyll,leaf procambium",Leaf,OsLEA22,PCMDB
Os01g0702700,LOC_Os01g50720,leaf epidermis,Leaf,OsMYB14,PCMDB
Os01g0703300,LOC_Os01g50750,mestome sheath,Leaf,P0421H07.23-1,PCMDB
Os01g0703400,LOC_Os01g50760,"leaf epidermis,leaf mesophyll,leaf procambium,Mesophyll precursor",Leaf,OsFPPS1,PCMDB
Os01g0704000,LOC_Os01g50810,"leaf mesophyll,leaf procambium",Leaf,Os01g0704000,PCMDB
Os01g0704100,LOC_Os01g50820,"leaf epidermis,leaf mesophyll,mestome sheath,leaf procambium",Leaf,NRT2.3,PCMDB
Os01g0704300,LOC_Os01g50840,mestome sheath,Leaf,Os_F0670,PCMDB
Os01g0705200,LOC_Os01g50910,"leaf epidermis,leaf mesophyll,mestome sheath",Leaf,OsLEA14,PCMDB
Os01g0705300,LOC_Os01g50930,leaf mesophyll,Leaf,P0692C11.5-1,PCMDB
Os01g0705700,LOC_Os01g50940,leaf mesophyll,Leaf,OsICE1,PCMDB
Os01g0706000,LOC_Os01g50960,"leaf epidermis,leaf mesophyll",Leaf,Os01g0706000,PCMDB
Os01g0706400,LOC_Os01g51010,leaf epidermis,Leaf,P0692C11.22-2,PCMDB
Os01g0706600,LOC_Os01g51030,"leaf epidermis,leaf mesophyll",Leaf,Os01g0706600,PCMDB
Os01g0707300,LOC_Os01g51120,"leaf epidermis,mestome sheath,leaf procambium",Leaf,P0692C11.36-1,PCMDB
Os01g0707500,LOC_Os01g51140,leaf epidermis,Leaf,OsbHLH118,PCMDB
Os01g0708100,LOC_Os01g51170,leaf procambium,Leaf,Os01g0708100,PCMDB
Os01g0708400,LOC_Os01g51200,mestome sheath,Leaf,Os01g0708400,PCMDB
Os01g0708600,LOC_Os01g51220,"leaf epidermis,leaf mesophyll",Leaf,Os01g0708600,PCMDB
Os01g0709500,LOC_Os01g51290,leaf procambium,Leaf,P0456F08.11-1,PCMDB
Os01g0710000,LOC_Os01g51300,leaf mesophyll,Leaf,OsWD40-23,PCMDB
Os01g0710700,LOC_Os01g51360,"leaf epidermis,leaf mesophyll",Leaf,Os01g0710700,PCMDB
Os01g0711400,LOC_Os01g51410,"leaf epidermis,leaf mesophyll,leaf procambium,Mesophyll precursor",Leaf,Os01g0711400,PCMDB
Os01g0711600,LOC_Os01g51430,"leaf epidermis,mestome sheath",Leaf,OsRTH1,PCMDB
Os01g0714600,LOC_Os01g51670,"leaf epidermis,leaf mesophyll,mestome sheath,leaf procambium",Leaf,Os01g0714600,PCMDB
Os01g0714800,LOC_Os01g51690,leaf mesophyll,Leaf,OsWRKY26,PCMDB
Os01g0715500,LOC_Os01g51770,mestome sheath,Leaf,OSVDAC4,PCMDB
Os01g0715800,LOC_Os01g51800,leaf procambium,Leaf,Os01g0715800,PCMDB
Os01g0716200,LOC_Os01g51840,leaf mesophyll,Leaf,P0683B11.9-1,PCMDB
Os01g0716500,LOC_Os01g51870,"leaf mesophyll,leaf procambium,leaf initial cell",Leaf,Os01g0716500,PCMDB
Os01g0716800,LOC_Os01g51890,"leaf epidermis,leaf mesophyll,leaf procambium",Leaf,Os01g0716800,PCMDB
Os01g0717000,LOC_Os01g51920,leaf mesophyll,Leaf,P0683B11.20-2,PCMDB
Os01g0717400,LOC_Os01g51980,"leaf mesophyll,leaf procambium",Leaf,Os01g0717400,PCMDB
Os01g0718000,LOC_Os01g52030,leaf epidermis,Leaf,OsSAP2,PCMDB
Os01g0718500,LOC_Os01g52060,mestome sheath,Leaf,Os01g0718500,PCMDB
Os01g0719100,LOC_Os01g52110,"leaf mesophyll,mestome sheath,leaf procambium",Leaf,OsRZFP34,PCMDB
Os01g0719300,LOC_Os01g52130,leaf procambium,Leaf,OsSultr3,PCMDB
Os01g0720200,LOC_Os01g52214,"leaf epidermis,leaf mesophyll,mestome sheath,leaf procambium,Xylem",Leaf,Os01g0720200,PCMDB
Os01g0720300,LOC_Os01g52214,"leaf epidermis,leaf mesophyll,mestome sheath,leaf procambium",Leaf,Os01g0720300,PCMDB
Os01g0720400,LOC_Os01g52230,"leaf epidermis,Leaf preprocambium",Leaf,OsACP1,PCMDB
Os01g0720500,LOC_Os01g52240,"leaf mesophyll,leaf epidermis,leaf procambium",Leaf,Lhcb1.1,PCMDB
Os01g0720700,LOC_Os01g52260,"leaf epidermis,leaf mesophyll",Leaf,OsSAT,PCMDB
Os01g0721000,LOC_Os01g52290,"leaf mesophyll,leaf procambium",Leaf,OsHSP70,PCMDB
Os01g0721400,LOC_Os01g52340,leaf procambium,Leaf,Os01g0721400,PCMDB
Os01g0722800,LOC_Os01g52460,leaf epidermis,Leaf,Os01g0722800,PCMDB
Os01g0723200,LOC_Os01g52490,leaf mesophyll,Leaf,OsRPS24,PCMDB
Os01g0723400,LOC_Os01g52500,leaf procambium,Leaf,NADP-ME2,PCMDB
Os01g0723600,LOC_Os01g52530,"leaf epidermis,leaf mesophyll",Leaf,Os01g0723600,PCMDB
Os01g0725000,LOC_Os01g52594,leaf mesophyll,Leaf,Os01g0725000,PCMDB
Os01g0725400,LOC_Os01g52610,leaf mesophyll,Leaf,Os01g0725400,PCMDB
Os01g0726700,LOC_Os01g52690,leaf epidermis,Leaf,Os01g0726700,PCMDB
Os01g0727500,LOC_Os01g52730,"leaf epidermis,leaf mesophyll,mestome sheath",Leaf,OsS40-7,PCMDB
Os01g0728300,LOC_Os01g52790,leaf mesophyll,Leaf,Os01g0728300,PCMDB
Os01g0728400,LOC_Os01g52810,"leaf epidermis,leaf mesophyll",Leaf,Os01g0728400,PCMDB
Os01g0729100,LOC_Os01g52864,"leaf epidermis,leaf mesophyll,leaf procambium",Leaf,Os01g0729100,PCMDB
Os01g0729500,LOC_Os01g52890,"leaf epidermis,leaf mesophyll",Leaf,Os01g0729500,PCMDB
Os01g0730300,LOC_Os01g53000,"leaf mesophyll,leaf procambium",Leaf,OsTPS3,PCMDB
Os01g0730800,LOC_Os01g53060,leaf mesophyll,Leaf,Os01g0730800,PCMDB
Os01g0731000,LOC_Os01g53079,"leaf epidermis,leaf mesophyll,mestome sheath,leaf procambium",Leaf,Os01g0731000,PCMDB
Os01g0731100,LOC_Os01g53090,leaf mesophyll,Leaf,Os01g0731100,PCMDB
Os01g0731600,LOC_Os01g53090,leaf mesophyll,Leaf,Os01g0731600,PCMDB
Os01g0732100,LOC_Os01g53140,"leaf mesophyll,mestome sheath",Leaf,Os01g0732100,PCMDB
Os01g0732300,LOC_Os01g53160,"leaf mesophyll,leaf procambium",Leaf,OsOFP3,PCMDB
Os01g0733200,LOC_Os01g53220,leaf mesophyll,Leaf,OsHsfC1b,PCMDB
Os01g0733500,LOC_Os01g53240,leaf epidermis,Leaf,RD22,PCMDB
Os01g0734000,LOC_Os01g53260,mestome sheath,Leaf,OsWRKY23,PCMDB
Os01g0734200,LOC_Os01g53294,"leaf epidermis,leaf mesophyll",Leaf,rbohA,PCMDB
Os01g0734333,LOC_Os01g53294,"leaf epidermis,leaf mesophyll",Leaf,Os01g0734333,PCMDB
Os01g0734466,LOC_Os01g53294,"leaf epidermis,leaf mesophyll",Leaf,Os01g0734466,PCMDB
Os01g0734800,LOC_Os01g53350,"leaf epidermis,mestome sheath,leaf procambium",Leaf,OsUGT706F1,PCMDB
Os01g0735900,LOC_Os01g53420,"leaf mesophyll,mestome sheath,leaf procambium",Leaf,OsUGT706B1,PCMDB
Os01g0736100,LOC_Os01g53430,leaf mesophyll,Leaf,OsUGT706C1,PCMDB
Os01g0736400,LOC_Os01g53450,leaf epidermis,Leaf,B1060H01.46-1,PCMDB
Os01g0736500,LOC_Os01g53470,"leaf mesophyll,leaf procambium",Leaf,Os01g0736500,PCMDB
Os01g0736900,LOC_Os01g53520,"leaf epidermis,mestome sheath",Leaf,Os01g0736900,PCMDB
Os01g0738000,LOC_Os01g53620,"leaf epidermis,leaf mesophyll",Leaf,Os01g0738000,PCMDB
Os01g0738800,LOC_Os01g53680,"leaf epidermis,leaf mesophyll",Leaf,OsPFK02,PCMDB
Os01g0739200,LOC_Os01g53710,"leaf epidermis,mestome sheath",Leaf,OsPP14,PCMDB
Os01g0740600,LOC_Os01g53810,"leaf mesophyll,leaf procambium",Leaf,Os01g0740600,PCMDB
Os01g0740650,LOC_Os01g53810,"leaf mesophyll,leaf procambium",Leaf,Os01g0740650,PCMDB
Os01g0742200,LOC_Os01g53900,leaf mesophyll,Leaf,Os01g0742200,PCMDB
Os01g0742400,LOC_Os01g53920,"leaf epidermis,leaf mesophyll,mestome sheath,leaf procambium",Leaf,P0439E07.18-1,PCMDB
Os01g0743100,LOC_Os01g53980,leaf mesophyll,Leaf,Os01g0743100,PCMDB
Os01g0743200,LOC_Os01g53990,"leaf epidermis,leaf mesophyll,mestome sheath,leaf procambium",Leaf,OsPME5,PCMDB
Os01g0744000,LOC_Os01g54080,"leaf epidermis,leaf mesophyll,mestome sheath",Leaf,KIN14C,PCMDB
Os01g0744300,LOC_Os01g54100,"leaf mesophyll,mestome sheath,leaf procambium",Leaf,Os01g0744300,PCMDB
Os01g0745300,LOC_Os01g54190,mestome sheath,Leaf,Os01g0745300,PCMDB
Os01g0747300,LOC_Os01g54340,"leaf epidermis,leaf mesophyll,mestome sheath,leaf procambium",Leaf,Os01g0747300,PCMDB
Os01g0747400,LOC_Os01g54350,"leaf epidermis,leaf mesophyll",Leaf,Os01g0747400,PCMDB
Os01g0747500,LOC_Os01g54370,"leaf epidermis,leaf mesophyll,leaf procambium",Leaf,PYRC,PCMDB
Os01g0747800,LOC_Os01g54400,"leaf epidermis,leaf mesophyll,leaf procambium",Leaf,OsVQ3,PCMDB
Os01g0748000,LOC_Os01g54420,mestome sheath,Leaf,P0481E12.20,PCMDB
Os01g0748900,LOC_Os01g54510,"leaf mesophyll,leaf procambium",Leaf,Os01g0748900,PCMDB
Os01g0749200,LOC_Os01g54540,"leaf epidermis,leaf mesophyll,mestome sheath,leaf procambium,Mesophyll precursor",Leaf,WLP1,PCMDB
Os01g0749300,LOC_Os01g54550,leaf mesophyll,Leaf,HSFA4A,PCMDB
Os01g0749400,LOC_Os01g54560,"leaf mesophyll,leaf procambium",Leaf,OsTPS2,PCMDB
Os01g0749900,LOC_Os01g54580,leaf mesophyll,Leaf,Os01g0749900,PCMDB
Os01g0750100,LOC_Os01g54600,"leaf epidermis,leaf mesophyll,leaf procambium",Leaf,WRKY13,PCMDB
Os01g0750300,LOC_Os01g54620,"leaf epidermis,leaf mesophyll,mestome sheath,Xylem",Leaf,OsCesA4,PCMDB
Os01g0750500,LOC_Os01g54670,"leaf epidermis,leaf mesophyll,mestome sheath",Leaf,Os01g0750500,PCMDB
Os01g0750600,LOC_Os01g54700,"leaf epidermis,leaf mesophyll,mestome sheath,leaf procambium",Leaf,Os01g0750600,PCMDB
Os01g0750800,LOC_Os01g54730,"leaf epidermis,leaf mesophyll,mestome sheath,leaf procambium",Leaf,P0046E05.18-1,PCMDB
Os01g0752100,LOC_Os01g54850,leaf mesophyll,Leaf,OsFbox037,PCMDB
Os01g0752200,LOC_Os01g54860,"leaf mesophyll,leaf procambium",Leaf,NOG1,PCMDB
Os01g0752300,LOC_Os01g54870,leaf mesophyll,Leaf,RPL18A,PCMDB
Os01g0752500,LOC_Os01g54890,"leaf epidermis,leaf mesophyll",Leaf,ERF92,PCMDB
Os01g0752800,LOC_Os01g54920,leaf epidermis,Leaf,Os01g0752800,PCMDB
Os01g0753100,LOC_Os01g54940,"leaf epidermis,leaf mesophyll",Leaf,Os01g0753100,PCMDB
Os01g0753200,LOC_Os01g54960,"leaf mesophyll,leaf procambium",Leaf,Os01g0753200,PCMDB
Os01g0754000,LOC_Os01g55020,"leaf epidermis,leaf mesophyll",Leaf,Os01g0754000,PCMDB
Os01g0754100,LOC_Os01g55030,"leaf epidermis,leaf mesophyll,leaf procambium",Leaf,Os01g0754100,PCMDB
Os01g0754500,LOC_Os01g55050,leaf epidermis,Leaf,Os01g0754500,PCMDB
Os01g0755700,LOC_Os01g55110,leaf procambium,Leaf,Os01g0755700,PCMDB
Os01g0756200,LOC_Os01g55150,"leaf mesophyll,mestome sheath",Leaf,OsbZIP06,PCMDB
Os01g0756600,LOC_Os01g55190,"leaf epidermis,leaf mesophyll",Leaf,Os01g0756600,PCMDB
Os01g0757200,LOC_Os01g55240,"leaf mesophyll,leaf procambium",Leaf,GA2OX3,PCMDB
Os01g0757500,LOC_Os01g55270,"leaf epidermis,leaf mesophyll,mestome sheath,leaf procambium",Leaf,Os01g0757500,PCMDB
Os01g0758200,LOC_Os01g55340,"leaf epidermis,leaf mesophyll,mestome sheath,leaf procambium",Leaf,OsDof6,PCMDB
Os01g0758500,LOC_Os01g55370,"leaf mesophyll,mestome sheath,leaf procambium",Leaf,B1131G08.18-1,PCMDB
Os01g0760000,LOC_Os01g55510,"leaf epidermis,leaf mesophyll,mestome sheath,leaf procambium",Leaf,Os01g0760000,PCMDB
Os01g0760600,LOC_Os01g55540,"leaf mesophyll,leaf procambium",Leaf,Os01g0760600,PCMDB
Os01g0760800,LOC_Os01g55549,leaf mesophyll,Leaf,Roc9(t),PCMDB
Os01g0760900,LOC_Os01g55560,"leaf mesophyll,Mesophyll precursor",Leaf,Os01g0760900,PCMDB
Os01g0761000,LOC_Os01g55570,"leaf epidermis,leaf mesophyll,mestome sheath,leaf procambium,Mesophyll precursor",Leaf,P0460E08.25,PCMDB
Os01g0761300,LOC_Os01g55590,"leaf epidermis,mestome sheath",Leaf,Os01g0761300,PCMDB
Os01g0762900,LOC_Os01g55720,"mestome sheath,leaf procambium",Leaf,Os01g0762900,PCMDB
Os01g0763300,LOC_Os01g55770,"leaf epidermis,leaf mesophyll",Leaf,Os01g0763300,PCMDB
Os01g0763600,LOC_Os01g55780,"leaf epidermis,leaf mesophyll,mestome sheath,leaf procambium",Leaf,Os01g0763600,PCMDB
Os01g0763700,LOC_Os01g55799,"leaf epidermis,leaf mesophyll,mestome sheath,leaf procambium",Leaf,P0403C05.1-2,PCMDB
Os01g0763750,LOC_Os01g55799,"leaf epidermis,leaf mesophyll,mestome sheath,leaf procambium",Leaf,OsEXO70X1,PCMDB
Os01g0764000,LOC_Os01g55830,"leaf epidermis,leaf mesophyll,mestome sheath,leaf procambium",Leaf,OsGSTF2,PCMDB
Os01g0764400,LOC_Os01g55870,"leaf epidermis,leaf mesophyll,leaf procambium",Leaf,CM,PCMDB
Os01g0766300,LOC_Os01g56080,"leaf epidermis,mestome sheath",Leaf,Os01g0766300,PCMDB
Os01g0766600,LOC_Os01g56100,"leaf epidermis,leaf mesophyll",Leaf,Os01g0766600,PCMDB
Os01g0767600,LOC_Os01g56180,"leaf epidermis,leaf mesophyll",Leaf,Os01g0767600,PCMDB
Os01g0767900,LOC_Os01g56200,"leaf epidermis,leaf mesophyll,leaf procambium",Leaf,OsNH2,PCMDB
Os01g0768100,LOC_Os01g56220,"leaf epidermis,leaf mesophyll,mestome sheath,leaf procambium",Leaf,Os01g0768100,PCMDB
Os01g0768333,LOC_Os01g56240,"leaf epidermis,leaf mesophyll,mestome sheath,leaf procambium",Leaf,OsSAUR2,PCMDB
Os01g0768600,LOC_Os01g56270,"leaf epidermis,mestome sheath",Leaf,Os01g0768600,PCMDB
Os01g0769100,LOC_Os01g56310,"leaf epidermis,leaf mesophyll,leaf procambium",Leaf,Os01g0769100,PCMDB
Os01g0769700,LOC_Os01g56330,leaf mesophyll,Leaf,DRUS2,PCMDB
Os01g0770000,LOC_Os01g56360,leaf epidermis,Leaf,Os01g0770000,PCMDB
Os01g0770500,LOC_Os01g56400,leaf mesophyll,Leaf,OsABCI6,PCMDB
Os01g0770700,LOC_Os01g56420,"leaf epidermis,leaf mesophyll,mestome sheath,leaf procambium",Leaf,COPT1,PCMDB
Os01g0771000,LOC_Os01g56450,"leaf mesophyll,mestome sheath,leaf procambium",Leaf,Os01g0771000,PCMDB
Os01g0771200,LOC_Os01g56470,"leaf epidermis,leaf mesophyll,mestome sheath",Leaf,XB24,PCMDB
Os01g0771400,LOC_Os01g56490,leaf mesophyll,Leaf,OsM2,PCMDB
Os01g0772500,LOC_Os01g56570,mestome sheath,Leaf,Os01g0772500,PCMDB
Os01g0772600,LOC_Os01g56580,"leaf mesophyll,leaf procambium",Leaf,CK1_CaseinKinase_1a.3,PCMDB
Os01g0773100,LOC_Os01g56630,"leaf mesophyll,mestome sheath,leaf procambium",Leaf,Os01g0773100,PCMDB
Os01g0773700,LOC_Os01g56680,"leaf epidermis,leaf mesophyll,mestome sheath,leaf procambium",Leaf,PSBW,PCMDB
Os01g0773800,LOC_Os01g56690,leaf mesophyll,Leaf,Os01g0773800,PCMDB
Os01g0775200,LOC_Os01g56790,"mestome sheath,leaf procambium",Leaf,Os01g0775200,PCMDB
Os01g0775400,LOC_Os01g56810,leaf mesophyll,Leaf,OsCKX5,PCMDB
Os01g0776600,LOC_Os01g56880,"leaf epidermis,leaf mesophyll,mestome sheath,leaf procambium",Leaf,OsPAP10a,PCMDB
Os01g0776700,LOC_Os01g56890,"leaf epidermis,leaf mesophyll,mestome sheath,leaf procambium",Leaf,P0413G02.21,PCMDB
Os01g0777200,LOC_Os01g56930,leaf mesophyll,Leaf,P0413G02.28,PCMDB
Os01g0777400,LOC_Os01g56969,leaf mesophyll,Leaf,Os01g0777400,PCMDB
Os01g0778400,LOC_Os01g57040,"leaf mesophyll,mestome sheath,Xylem",Leaf,OsAGP19,PCMDB
Os01g0778800,LOC_Os01g57073,"leaf mesophyll,mestome sheath,leaf procambium",Leaf,Os01g0778800,PCMDB
Os01g0779300,LOC_Os01g57100,"leaf epidermis,leaf mesophyll",Leaf,Os01g0779300,PCMDB
Os01g0779400,LOC_Os01g57110,"leaf epidermis,leaf mesophyll",Leaf,P0010B10.13-1,PCMDB
Os01g0780800,LOC_Os01g57240,"leaf mesophyll,leaf procambium",Leaf,OsULT1,PCMDB
Os01g0781000,LOC_Os01g57260,leaf mesophyll,Leaf,Os01g0781000,PCMDB
Os01g0783200,LOC_Os01g57420,"leaf epidermis,leaf mesophyll,mestome sheath",Leaf,Os01g0783200,PCMDB
Os01g0783600,LOC_Os01g57460,"leaf epidermis,leaf mesophyll,mestome sheath",Leaf,OsISC22,PCMDB
Os01g0783700,LOC_Os01g57470,"leaf mesophyll,mestome sheath,leaf procambium",Leaf,Os01g0783700,PCMDB
Os01g0784800,LOC_Os01g57570,"leaf epidermis,leaf mesophyll,leaf procambium",Leaf,Os01g0784800,PCMDB
Os01g0785900,LOC_Os01g57650,"leaf mesophyll,leaf procambium",Leaf,Os01g0785900,PCMDB
Os01g0786900,LOC_Os01g57720,leaf procambium,Leaf,OsATG18e,PCMDB
Os01g0787000,LOC_Os01g57730,"leaf mesophyll,leaf procambium",Leaf,prx19,PCMDB
Os01g0787400,LOC_Os01g57740,"leaf epidermis,leaf mesophyll,mestome sheath",Leaf,Os01g0787400,PCMDB
Os01g0787600,LOC_Os01g57770,"leaf mesophyll,leaf procambium",Leaf,OsPOP4,PCMDB
Os01g0788200,LOC_Os01g57840,"leaf epidermis,leaf mesophyll,mestome sheath",Leaf,Os01g0788200,PCMDB
Os01g0788400,LOC_Os01g57854,mestome sheath,Leaf,OsPME6,PCMDB
Os01g0793800,LOC_Os01g58130,"leaf epidermis,leaf mesophyll",Leaf,Os01g0793800,PCMDB
Os01g0793900,LOC_Os01g58140,"leaf mesophyll,mestome sheath",Leaf,Os01g0793900,PCMDB
Os01g0794100,LOC_Os01g58150,"leaf mesophyll,mestome sheath",Leaf,Os01g0794100,PCMDB
Os01g0794500,LOC_Os01g58220,"leaf mesophyll,mestome sheath,leaf procambium",Leaf,Os01g0794500,PCMDB
Os01g0795400,LOC_Os01g58290,"leaf epidermis,leaf mesophyll",Leaf,Hwi2,PCMDB
Os01g0795600,LOC_Os01g58310,mestome sheath,Leaf,Os01g0795600,PCMDB
Os01g0795832,LOC_Os01g58335,"leaf epidermis,leaf mesophyll,mestome sheath",Leaf,Os01g0795832,PCMDB
Os01g0796000,LOC_Os01g58350,"leaf epidermis,leaf mesophyll,mestome sheath,leaf procambium",Leaf,Os01g0796000,PCMDB
Os01g0796400,LOC_Os01g58380,"leaf epidermis,leaf mesophyll,leaf procambium",Leaf,P0699H05.27-1,PCMDB
Os01g0796500,LOC_Os01g58390,"leaf epidermis,leaf mesophyll,leaf procambium",Leaf,Os01g0796500,PCMDB
Os01g0796700,LOC_Os01g58400,"leaf epidermis,leaf mesophyll,leaf procambium",Leaf,Os01g0796700,PCMDB
Os01g0797600,LOC_Os01g58420,leaf mesophyll,Leaf,ERF3,PCMDB
Os01g0798500,LOC_Os01g58470,leaf mesophyll,Leaf,P0691E06.11-2,PCMDB
Os01g0799500,LOC_Os01g58550,leaf mesophyll,Leaf,TagI,PCMDB
Os01g0799900,LOC_Os01g58580,"leaf epidermis,leaf mesophyll,mestome sheath,leaf procambium,Xylem",Leaf,OsMC6,PCMDB
Os01g0801500,LOC_Os01g58730,"leaf epidermis,mestome sheath",Leaf,Gns7,PCMDB
Os01g0802100,LOC_Os01g58790,"leaf mesophyll,leaf procambium",Leaf,OsIspE,PCMDB
Os01g0802200,LOC_Os01g58800,leaf mesophyll,Leaf,Os01g0802200,PCMDB
Os01g0802850,LOC_Os01g58870,"leaf epidermis,leaf mesophyll,leaf procambium",Leaf,Os01g0802850,PCMDB
Os01g0803200,LOC_Os01g58890,"leaf epidermis,leaf mesophyll,leaf procambium",Leaf,Oc1*,PCMDB
Os01g0805000,LOC_Os01g59060,"leaf mesophyll,mestome sheath,leaf procambium",Leaf,Os01g0805000,PCMDB
Os01g0805200,LOC_Os01g59080,leaf mesophyll,Leaf,Os01g0805200,PCMDB
Os01g0805400,LOC_Os01g59100,"leaf mesophyll,leaf procambium",Leaf,OsEnS-18,PCMDB
Os01g0805700,LOC_Os01g59130,"leaf mesophyll,mestome sheath,leaf procambium",Leaf,Os01g0805700,PCMDB
Os01g0805800,LOC_Os01g59140,leaf mesophyll,Leaf,Os01g0805800,PCMDB
Os01g0805900,LOC_Os01g59150,"leaf epidermis,leaf mesophyll,mestome sheath",Leaf,OsTUB4,PCMDB
Os01g0806000,LOC_Os01g59160,"leaf epidermis,leaf mesophyll,leaf procambium",Leaf,Os01g0806000,PCMDB
Os01g0806101,LOC_Os01g59180,leaf mesophyll,Leaf,OsFbox045,PCMDB
Os01g0806200,LOC_Os01g59180,leaf mesophyll,Leaf,OsFbox045,PCMDB
Os01g0809300,LOC_Os01g59440,"leaf epidermis,leaf mesophyll,mestome sheath,leaf procambium",Leaf,OsLRP,PCMDB
Os01g0811100,LOC_Os01g59600,"leaf epidermis,leaf mesophyll",Leaf,OsPAG1,PCMDB
Os01g0812100,LOC_Os01g59680,"leaf epidermis,leaf mesophyll,mestome sheath,leaf procambium",Leaf,Os01g0812100,PCMDB
Os01g0812200,LOC_Os01g59690,"leaf epidermis,leaf mesophyll,mestome sheath,leaf procambium",Leaf,OsFbox046,PCMDB
Os01g0812900,LOC_Os01g59740,"leaf mesophyll,leaf procambium",Leaf,Os01g0812900,PCMDB
Os01g0813400,LOC_Os01g59790,"leaf mesophyll,leaf procambium,leaf initial cell",Leaf,OsARFA1a,PCMDB
Os01g0813900,LOC_Os01g59850,leaf mesophyll,Leaf,Os01g0813900,PCMDB
Os01g0814100,LOC_Os01g59870,"leaf epidermis,leaf mesophyll,leaf procambium",Leaf,OsLTPG1,PCMDB
Os01g0814150,LOC_Os01g59870,"leaf epidermis,leaf mesophyll,leaf procambium",Leaf,OsLTPG1,PCMDB
Os01g0814700,LOC_Os01g59910,"leaf mesophyll,leaf procambium",Leaf,OsFbox047,PCMDB
Os01g0814800,LOC_Os01g59920,leaf mesophyll,Leaf,Os01g0814800,PCMDB
Os01g0814900,LOC_Os01g59930,leaf mesophyll,Leaf,NFR,PCMDB
Os01g0815100,LOC_Os01g59950,leaf epidermis,Leaf,Os01g0815100,PCMDB
Os01g0815400,LOC_Os01g59970,"leaf mesophyll,leaf procambium",Leaf,Os01g0815400,PCMDB
Os01g0815800,LOC_Os01g59990,leaf mesophyll,Leaf,BIP123,PCMDB
Os01g0816100,LOC_Os01g60020,"leaf epidermis,leaf mesophyll",Leaf,OsNAC4,PCMDB
Os01g0816400,LOC_Os01g60040,"leaf epidermis,leaf mesophyll,leaf procambium",Leaf,MOR1,PCMDB
Os01g0817000,LOC_Os01g60110,"leaf epidermis,leaf mesophyll,leaf procambium,Leaf preprocambium",Leaf,Os01g0817000,PCMDB
Os01g0817700,LOC_Os01g60190,"leaf epidermis,leaf mesophyll,leaf procambium",Leaf,BPM,PCMDB
Os01g0818300,LOC_Os01g60260,"leaf mesophyll,leaf procambium",Leaf,Os01g0818300,PCMDB
Os01g0818400,LOC_Os01g60270,"leaf epidermis,leaf mesophyll,mestome sheath,leaf procambium",Leaf,OsWOX8,PCMDB
Os01g0819500,LOC_Os01g60410,"leaf epidermis,mestome sheath,leaf procambium",Leaf,OsUBC22,PCMDB
Os01g0819900,LOC_Os01g60440,"leaf mesophyll,leaf procambium",Leaf,EIP10,PCMDB
Os01g0821300,LOC_Os01g60600,"leaf epidermis,leaf mesophyll,mestome sheath,leaf procambium,Mesophyll precursor",Leaf,OsWRKY108,PCMDB
Os01g0821600,LOC_Os01g60640,"leaf mesophyll,leaf procambium",Leaf,OsWRKY21,PCMDB
Os01g0821800,LOC_Os01g60660,"leaf epidermis,leaf mesophyll",Leaf,Os01g0821800,PCMDB
Os01g0822200,LOC_Os01g60700,leaf mesophyll,Leaf,OsRLCK47,PCMDB
Os01g0823300,LOC_Os01g60790,"leaf epidermis,leaf mesophyll",Leaf,OsRPS26,PCMDB
Os01g0823900,LOC_Os01g60860,"leaf epidermis,leaf mesophyll,mestome sheath,leaf procambium",Leaf,OsPUB3,PCMDB
Os01g0825000,LOC_Os01g60960,leaf epidermis,Leaf,Os01g0825000,PCMDB
Os01g0825700,LOC_Os01g61030,leaf epidermis,Leaf,Os01g0825700,PCMDB
Os01g0825800,LOC_Os01g61044,"leaf mesophyll,mestome sheath,leaf procambium",Leaf,OsATL7,PCMDB
Os01g0825900,LOC_Os01g61060,"leaf epidermis,leaf mesophyll,mestome sheath,leaf procambium",Leaf,Os01g0825900,PCMDB
Os01g0826400,LOC_Os01g61080,"leaf epidermis,leaf mesophyll,mestome sheath,leaf procambium",Leaf,OsWRKY24,PCMDB
Os01g0827300,LOC_Os01g61160,"mestome sheath,leaf procambium",Leaf,OsChI1,PCMDB
Os01g0828100,LOC_Os01g61230,"leaf epidermis,leaf mesophyll,leaf procambium",Leaf,OsCCR6,PCMDB
Os01g0829100,LOC_Os01g61330,leaf mesophyll,Leaf,Os01g0829100,PCMDB
Os01g0830000,LOC_Os01g61400,leaf mesophyll,Leaf,OsABCI5,PCMDB
Os01g0830100,LOC_Os01g61410,"leaf mesophyll,leaf procambium",Leaf,B1088C09.41-1,PCMDB
Os01g0830500,LOC_Os01g61440,"leaf epidermis,leaf mesophyll,mestome sheath,leaf procambium",Leaf,Os2OG-Fe,PCMDB
Os01g0830700,LOC_Os01g61460,"leaf mesophyll,Leaf preprocambium",Leaf,OsTBL12,PCMDB
Os01g0831200,LOC_Os01g61500,"leaf epidermis,leaf mesophyll,mestome sheath,leaf procambium,Xylem",Leaf,OsBAG4,PCMDB
Os01g0831300,LOC_Os01g61510,"leaf mesophyll,leaf procambium",Leaf,OsAMT2,PCMDB
Os01g0832000,LOC_Os01g61560,leaf mesophyll,Leaf,CDS5,PCMDB
Os01g0832200,LOC_Os01g61580,"leaf mesophyll,leaf procambium",Leaf,P0446G04.43-2,PCMDB
Os01g0832600,LOC_Os01g61610,"leaf mesophyll,leaf epidermis,leaf procambium",Leaf,Os01g0832600,PCMDB
Os01g0832900,LOC_Os01g61620,leaf mesophyll,Leaf,OsSTK1,PCMDB
Os01g0833100,LOC_Os01g61640,"leaf epidermis,leaf mesophyll,leaf procambium",Leaf,Os01g0833100,PCMDB
Os01g0833150,LOC_Os01g61670,"leaf epidermis,leaf mesophyll,mestome sheath,leaf procambium",Leaf,P0460C04.19,PCMDB
Os01g0833200,LOC_Os01g61670,"leaf epidermis,leaf mesophyll,mestome sheath,leaf procambium",Leaf,Os01g0833200,PCMDB
Os01g0833400,LOC_Os01g61680,"leaf epidermis,leaf mesophyll,mestome sheath,leaf procambium",Leaf,Os01g0833400,PCMDB
Os01g0833700,LOC_Os01g61710,leaf epidermis,Leaf,Os01g0833700,PCMDB
Os01g0833800,LOC_Os01g61720,"leaf mesophyll,mestome sheath",Leaf,P0460C04.27-1,PCMDB
Os01g0834100,LOC_Os01g61760,leaf epidermis,Leaf,SIP1,PCMDB
Os01g0834200,LOC_Os01g61780,"leaf epidermis,leaf mesophyll,mestome sheath",Leaf,P0460C04.33-1,PCMDB
Os01g0834500,LOC_Os01g61814,"leaf epidermis,leaf mesophyll,leaf procambium",Leaf,OJ1754_E06.3,PCMDB
Os01g0834600,LOC_Os01g61814,"leaf epidermis,leaf mesophyll,leaf procambium",Leaf,Os01g0834600,PCMDB
Os01g0834700,LOC_Os01g61830,leaf mesophyll,Leaf,OsC3H11,PCMDB
Os01g0835500,LOC_Os01g61880,mestome sheath,Leaf,rbohE,PCMDB
Os01g0835900,LOC_Os01g61920,"leaf mesophyll,leaf initial cell",Leaf,OSJNBb0064P21.1,PCMDB
Os01g0836600,LOC_Os01g61940,mestome sheath,Leaf,OsABCG3,PCMDB
Os01g0837000,LOC_Os01g61990,leaf mesophyll,Leaf,OsNPR4,PCMDB
Os01g0837200,LOC_Os01g62010,"leaf mesophyll,leaf procambium",Leaf,Os01g0837200,PCMDB
Os01g0837600,LOC_Os01g62060,"leaf epidermis,leaf mesophyll,mestome sheath,leaf procambium",Leaf,Os01g0837600,PCMDB
Os01g0838600,LOC_Os01g62130,"leaf epidermis,mestome sheath,leaf procambium",Leaf,Os01g0838600,PCMDB
Os01g0839100,LOC_Os01g62190,"leaf epidermis,leaf mesophyll,mestome sheath",Leaf,OsZFP,PCMDB
Os01g0839200,LOC_Os01g62200,leaf epidermis,Leaf,OsDSR2,PCMDB
Os01g0839700,LOC_Os01g62244,leaf mesophyll,Leaf,OsUBC11,PCMDB
Os01g0839900,LOC_Os01g62260,"leaf mesophyll,mestome sheath,Mesophyll precursor",Leaf,Os01g0839900,PCMDB
Os01g0840100,LOC_Os01g62290,"leaf mesophyll,leaf procambium",Leaf,OsMed37_1,PCMDB
Os01g0840200,LOC_Os01g62300,"leaf epidermis,leaf mesophyll,mestome sheath,leaf procambium",Leaf,Os01g0840200,PCMDB
Os01g0841100,LOC_Os01g62380,"leaf mesophyll,leaf procambium",Leaf,OsFLA12,PCMDB
Os01g0841200,LOC_Os01g62390,leaf mesophyll,Leaf,Os01g0841200,PCMDB
Os01g0841600,LOC_Os01g62420,"leaf epidermis,leaf mesophyll,mestome sheath,leaf procambium",Leaf,OscTPI,PCMDB
Os01g0841700,LOC_Os01g62430,mestome sheath,Leaf,Rpp17,PCMDB
Os01g0842400,LOC_Os01g62480,"mestome sheath,Xylem",Leaf,Oslacc,PCMDB
Os01g0843432,LOC_Os01g62584,"leaf mesophyll,leaf procambium",Leaf,Os01g0843432,PCMDB
Os01g0843700,LOC_Os01g62584,"leaf mesophyll,leaf procambium",Leaf,Os01g0843700,PCMDB
Os01g0844300,LOC_Os01g62610,"leaf mesophyll,mestome sheath",Leaf,OsFKBP20-1b,PCMDB
Os01g0844400,LOC_Os01g62620,"leaf epidermis,mestome sheath,leaf procambium",Leaf,P0446B05.1-1,PCMDB
Os01g0844900,LOC_Os01g62660,leaf mesophyll,Leaf,Os01g0844900,PCMDB
Os01g0845100,LOC_Os01g62670,leaf procambium,Leaf,Os01g0845100,PCMDB
Os01g0846300,LOC_Os01g62760,"leaf epidermis,leaf mesophyll,mestome sheath",Leaf,OsPP15,PCMDB
Os01g0846500,LOC_Os01g62790,"leaf mesophyll,leaf procambium",Leaf,OsNTP3,PCMDB
Os01g0846900,LOC_Os01g62820,"leaf epidermis,leaf mesophyll,leaf procambium",Leaf,Os01g0846900,PCMDB
Os01g0847200,LOC_Os01g62840,leaf mesophyll,Leaf,OsMPG1,PCMDB
Os01g0847300,LOC_Os01g62850,"leaf mesophyll,mestome sheath,leaf procambium",Leaf,Os01g0847300,PCMDB
Os01g0847700,LOC_Os01g62870,"leaf epidermis,leaf mesophyll,mestome sheath,leaf procambium",Leaf,AKR2,PCMDB
Os01g0847800,LOC_Os01g62880,"leaf epidermis,leaf mesophyll,leaf procambium",Leaf,AKR3,PCMDB
Os01g0847900,LOC_Os01g62890,leaf mesophyll,Leaf,Os01g0847900,PCMDB
Os01g0848700,LOC_Os01g62950,"leaf epidermis,leaf mesophyll,leaf procambium",Leaf,OsSTA36,PCMDB
Os01g0849000,LOC_Os01g62980,mestome sheath,Leaf,OsLTPd5,PCMDB
Os01g0850000,LOC_Os01g63050,leaf procambium,Leaf,Os01g0850000,PCMDB
Os01g0850100,LOC_Os01g63060,"leaf epidermis,leaf mesophyll,mestome sheath,leaf procambium",Leaf,ERH1,PCMDB
Os01g0850900,LOC_Os01g63210,"leaf epidermis,leaf mesophyll,mestome sheath",Leaf,Os01g0850900,PCMDB
Os01g0851100,LOC_Os01g63230,"leaf epidermis,leaf mesophyll",Leaf,Os01g0851100,PCMDB
Os01g0851400,LOC_Os01g63250,"leaf epidermis,leaf mesophyll",Leaf,Os01g0851400,PCMDB
Os01g0853400,LOC_Os01g63420,leaf epidermis,Leaf,OsCOI1a,PCMDB
Os01g0855000,LOC_Os01g63580,"leaf epidermis,mestome sheath",Leaf,GPAT,PCMDB
Os01g0855600,LOC_Os01g63690,"leaf epidermis,leaf mesophyll,mestome sheath,leaf procambium",Leaf,HS1,PCMDB
Os01g0856500,LOC_Os01g63770,mestome sheath,Leaf,OsLAX1,PCMDB
Os01g0856800,LOC_Os01g63800,"leaf mesophyll,leaf procambium",Leaf,P0683F02.4-1,PCMDB
Os01g0857000,LOC_Os01g63820,"leaf mesophyll,leaf procambium",Leaf,OsCPL2,PCMDB
Os01g0857400,LOC_Os01g63854,"leaf epidermis,leaf mesophyll,leaf procambium",Leaf,OsGAT3,PCMDB
Os01g0857700,LOC_Os01g63890,"leaf epidermis,leaf mesophyll,mestome sheath,leaf procambium",Leaf,Os01g0857700,PCMDB
Os01g0858900,LOC_Os01g63970,leaf mesophyll,Leaf,STLP1,PCMDB
Os01g0859100,LOC_Os01g63980,leaf mesophyll,Leaf,Os01g0859100,PCMDB
Os01g0860300,LOC_Os01g64090,"leaf epidermis,leaf mesophyll,leaf procambium",Leaf,Os01g0860300,PCMDB
Os01g0860400,LOC_Os01g64100,"leaf mesophyll,leaf procambium",Leaf,Os01g0860400,PCMDB
Os01g0860500,LOC_Os01g64110,"leaf mesophyll,leaf procambium",Leaf,C10501,PCMDB
Os01g0860601,LOC_Os01g64120,"leaf mesophyll,mestome sheath,leaf procambium,Mesophyll precursor",Leaf,Os01g0860601,PCMDB
Os01g0860800,LOC_Os01g64170,mestome sheath,Leaf,P0489B03.44-1,PCMDB
Os01g0861700,LOC_Os01g64250,"leaf epidermis,leaf mesophyll,mestome sheath",Leaf,OsHORZ1,PCMDB
Os01g0862300,LOC_Os01g64280,leaf epidermis,Leaf,Os01g0862300,PCMDB
Os01g0862800,LOC_Os01g64310,"leaf epidermis,leaf mesophyll",Leaf,ENAC1,PCMDB
Os01g0863300,LOC_Os01g64360,leaf mesophyll,Leaf,Os01g0863300,PCMDB
Os01g0863400,LOC_Os01g64370,leaf mesophyll,Leaf,Os01g0863400,PCMDB
Os01g0863800,LOC_Os01g64410,leaf epidermis,Leaf,OsOFP5,PCMDB
Os01g0864200,LOC_Os01g64440,leaf procambium,Leaf,Os01g0864200,PCMDB
Os01g0864300,LOC_Os01g64450,"leaf mesophyll,leaf procambium",Leaf,Os01g0864300,PCMDB
Os01g0864500,LOC_Os01g64470,"leaf epidermis,leaf mesophyll,mestome sheath,leaf procambium",Leaf,OsSDS1,PCMDB
Os01g0865100,LOC_Os01g64520,"leaf epidermis,leaf mesophyll,mestome sheath,leaf procambium",Leaf,P0423B08.43-2,PCMDB
Os01g0865400,LOC_Os01g64540,"leaf mesophyll,mestome sheath,leaf procambium",Leaf,Os01g0865400,PCMDB
Os01g0865700,LOC_Os01g64570,"leaf mesophyll,leaf procambium",Leaf,OsPUB31,PCMDB
Os01g0866200,LOC_Os01g64640,"leaf mesophyll,mestome sheath,leaf initial cell",Leaf,Os01g0866200,PCMDB
Os01g0866300,LOC_Os01g64650,"leaf epidermis,leaf mesophyll,mestome sheath,leaf procambium",Leaf,Os01g0866300,PCMDB
Os01g0866400,LOC_Os01g64660,leaf mesophyll,Leaf,FR,PCMDB
Os01g0866800,LOC_Os01g64700,leaf epidermis,Leaf,OsTLP5,PCMDB
Os01g0867300,LOC_Os01g64730,leaf mesophyll,Leaf,BZIP12,PCMDB
Os01g0867900,LOC_Os01g64780,"leaf epidermis,leaf mesophyll,mestome sheath",Leaf,P0677H08.9-1,PCMDB
Os01g0868000,LOC_Os01g64790,leaf mesophyll,Leaf,ERF99,PCMDB
Os01g0868200,LOC_Os01g64810,leaf mesophyll,Leaf,Os01g0868200,PCMDB
Os01g0868900,LOC_Os01g64860,"leaf epidermis,leaf mesophyll,mestome sheath,leaf procambium",Leaf,OsSub11,PCMDB
Os01g0869600,LOC_Os01g64930,mestome sheath,Leaf,Os01g0869600,PCMDB
Os01g0869800,LOC_Os01g64960,"leaf mesophyll,leaf procambium",Leaf,PSBS1,PCMDB
Os01g0869900,LOC_Os01g64970,"leaf epidermis,mestome sheath",Leaf,SAPK4,PCMDB
Os01g0871300,LOC_Os01g65090,"leaf epidermis,leaf mesophyll,mestome sheath,leaf procambium",Leaf,Os01g0871300,PCMDB
Os01g0871350,LOC_Os01g65094,"leaf epidermis,leaf mesophyll,mestome sheath",Leaf,Os01g0871350,PCMDB
Os01g0872700,LOC_Os01g65220,"leaf epidermis,leaf mesophyll",Leaf,OsXrn3,PCMDB
Os01g0873700,LOC_Os01g65310,leaf procambium,Leaf,Os01g0873700,PCMDB
Os01g0873900,LOC_Os01g65330,"mestome sheath,leaf procambium",Leaf,Os01g0873900,PCMDB
Os01g0874300,LOC_Os01g65370,"leaf epidermis,leaf mesophyll,leaf procambium",Leaf,R2R3-MYB,PCMDB
Os01g0874700,LOC_Os01g65380,"leaf epidermis,leaf mesophyll,leaf procambium",Leaf,P0698A10.10-2,PCMDB
Os01g0875700,LOC_Os01g65480,leaf mesophyll,Leaf,OsDjB2,PCMDB
Os01g0876400,LOC_Os01g65520,leaf mesophyll,Leaf,P0698A10.35-1,PCMDB
Os01g0877500,LOC_Os01g65600,leaf epidermis,Leaf,Os01g0877500,PCMDB
Os01g0878000,LOC_Os01g65630,mestome sheath,Leaf,Os01g0878000,PCMDB
Os01g0878300,LOC_Os01g65650,leaf mesophyll,Leaf,P0018C10.13-1,PCMDB
Os01g0878550,LOC_Os01g65650,leaf mesophyll,Leaf,Os01g0878550,PCMDB
Os01g0878700,LOC_Os01g65670,"leaf epidermis,leaf mesophyll,leaf procambium",Leaf,OsAAP10D,PCMDB
Os01g0878900,LOC_Os01g65690,"leaf mesophyll,leaf epidermis,mestome sheath,leaf procambium",Leaf,Os01g0878900,PCMDB
Os01g0879000,LOC_Os01g65692,"leaf epidermis,leaf mesophyll",Leaf,Os01g0879000,PCMDB
Os01g0879200,LOC_Os01g65700,"leaf epidermis,leaf mesophyll,mestome sheath",Leaf,DRR206,PCMDB
Os01g0880200,LOC_Os01g65780,"leaf mesophyll,mestome sheath,leaf procambium",Leaf,P0018C10.44-1,PCMDB
Os01g0880300,LOC_Os01g65790,leaf mesophyll,Leaf,OsPME7,PCMDB
Os01g0881300,LOC_Os01g65880,"leaf mesophyll,leaf procambium",Leaf,OsSWEET1a,PCMDB
Os01g0881400,LOC_Os01g65890,leaf mesophyll,Leaf,Os01g0881400,PCMDB
Os01g0881500,LOC_Os01g65900,leaf procambium,Leaf,SCL1,PCMDB
Os01g0881900,LOC_Os01g65920,"leaf mesophyll,Phloem",Leaf,Os01g0881900,PCMDB
Os01g0882000,LOC_Os01g65950,leaf mesophyll,Leaf,Os01g0882000,PCMDB
Os01g0882100,LOC_Os01g65950,leaf mesophyll,Leaf,Os01g0882100,PCMDB
Os01g0882500,LOC_Os01g66000,"leaf mesophyll,leaf procambium,Mesophyll precursor",Leaf,Os01g0882500,PCMDB
Os01g0882800,LOC_Os01g66010,"leaf mesophyll,mestome sheath",Leaf,OsAAP11E,PCMDB
Os01g0883200,LOC_Os01g66050,"leaf epidermis,leaf mesophyll",Leaf,Os01g0883200,PCMDB
Os01g0883900,LOC_Os01g66110,leaf procambium,Leaf,Os01g0883900,PCMDB
Os01g0884300,LOC_Os01g66120,leaf epidermis,Leaf,OsNAC6,PCMDB
Os01g0884400,LOC_Os01g66130,"leaf epidermis,mestome sheath",Leaf,OsPUB16,PCMDB
Os01g0884700,LOC_Os01g66150,"leaf mesophyll,mestome sheath",Leaf,Os01g0884700,PCMDB
Os01g0884850,LOC_Os01g66170,leaf mesophyll,Leaf,Os01g0884850,PCMDB
Os01g0884900,LOC_Os01g66170,leaf mesophyll,Leaf,Os01g0884900,PCMDB
Os01g0885200,LOC_Os01g66190,"leaf mesophyll,mestome sheath",Leaf,Os01g0885200,PCMDB
Os01g0885300,LOC_Os01g66200,"leaf epidermis,leaf mesophyll,mestome sheath,leaf procambium",Leaf,Os01g0885300,PCMDB
Os01g0885600,LOC_Os01g66240,"leaf epidermis,leaf mesophyll",Leaf,Os01g0885600,PCMDB
Os01g0885700,LOC_Os01g66250,"mestome sheath,leaf procambium",Leaf,Os01g0885700,PCMDB
Os01g0885900,LOC_Os01g66270,"leaf epidermis,leaf mesophyll,mestome sheath,leaf procambium,Leaf preprocambium",Leaf,OsERF#017,PCMDB
Os01g0886000,LOC_Os01g66280,"leaf epidermis,leaf mesophyll",Leaf,Os01g0886000,PCMDB
Os01g0886600,LOC_Os01g66330,"leaf epidermis,mestome sheath",Leaf,OsSTA38,PCMDB
Os01g0887100,LOC_Os01g66360,"leaf mesophyll,leaf procambium",Leaf,OsCMS,PCMDB
Os01g0887700,LOC_Os01g66420,"leaf epidermis,leaf mesophyll,mestome sheath,Mesophyll precursor",Leaf,Os01g0887700,PCMDB
Os01g0888132,LOC_Os01g66480,leaf mesophyll,Leaf,Os01g0888132,PCMDB
Os01g0888700,LOC_Os01g66520,"leaf mesophyll,leaf procambium",Leaf,Os01g0888700,PCMDB
Os01g0888850,LOC_Os01g66544,"leaf mesophyll,mestome sheath",Leaf,Os01g0888850,PCMDB
Os01g0888900,LOC_Os01g66544,"leaf mesophyll,mestome sheath",Leaf,Os01g0888900,PCMDB
Os01g0889400,LOC_Os01g66590,leaf procambium,Leaf,CRL1L3,PCMDB
Os01g0889800,LOC_Os01g66600,leaf mesophyll,Leaf,OsStr13,PCMDB
Os01g0889900,LOC_Os01g66610,leaf epidermis,Leaf,Os01g0889900,PCMDB
Os01g0891300,LOC_Os01g66720,"leaf epidermis,leaf mesophyll",Leaf,Os01g0891300,PCMDB
Os01g0892500,LOC_Os01g66840,"leaf epidermis,leaf procambium",Leaf,Os01g0892500,PCMDB
Os01g0893700,LOC_Os01g66900,mestome sheath,Leaf,Os01g0893700,PCMDB
Os01g0894300,LOC_Os01g66940,mestome sheath,Leaf,OsFKI,PCMDB
Os01g0894600,LOC_Os01g66970,"leaf mesophyll,mestome sheath",Leaf,OsRFPV-7,PCMDB
Os01g0894700,LOC_Os01g66980,"leaf mesophyll,leaf procambium",Leaf,Os01g0894700,PCMDB
Os01g0894900,LOC_Os01g66990,"leaf mesophyll,leaf epidermis,mestome sheath,leaf procambium",Leaf,Os01g0894900,PCMDB
Os01g0895000,LOC_Os01g66990,"leaf mesophyll,leaf epidermis,mestome sheath,leaf procambium",Leaf,Os01g0895000,PCMDB
Os01g0895100,LOC_Os01g67000,"leaf mesophyll,leaf procambium",Leaf,VIPP1,PCMDB
Os01g0895200,LOC_Os01g67010,"leaf mesophyll,leaf procambium",Leaf,Os01g0895200,PCMDB
Os01g0895300,LOC_Os01g67030,leaf mesophyll,Leaf,Os01g0895300,PCMDB
Os01g0895500,LOC_Os01g67040,"leaf epidermis,leaf mesophyll,leaf procambium",Leaf,OsRhmbd5,PCMDB
Os01g0895600,LOC_Os01g67054,leaf mesophyll,Leaf,Os01g0895600,PCMDB
Os01g0896200,LOC_Os01g67090,"leaf mesophyll,mestome sheath,leaf procambium,Xylem",Leaf,Os01g0896200,PCMDB
Os01g0896500,LOC_Os01g67120,leaf mesophyll,Leaf,OsStr10,PCMDB
Os01g0896800,LOC_Os01g67134,"leaf mesophyll,leaf procambium",Leaf,Os01g0896800,PCMDB
Os01g0897600,LOC_Os01g67220,"leaf epidermis,leaf mesophyll,leaf procambium",Leaf,Os1bglu4,PCMDB
Os01g0897800,LOC_Os01g67250,leaf mesophyll,Leaf,OsRad21,PCMDB
Os01g0898300,LOC_Os01g67290,"leaf mesophyll,leaf procambium",Leaf,OsSPR1,PCMDB
Os01g0900800,LOC_Os01g67480,leaf mesophyll,Leaf,OsbHLH109,PCMDB
Os01g0901000,LOC_Os01g67500,"leaf epidermis,leaf mesophyll,mestome sheath,leaf procambium",Leaf,OsPUB28,PCMDB
Os01g0901800,LOC_Os01g67560,"leaf epidermis,leaf mesophyll,mestome sheath",Leaf,P0035F12.32-2,PCMDB
Os01g0902300,LOC_Os01g67600,leaf mesophyll,Leaf,B1065G12.16,PCMDB
Os01g0903700,LOC_Os01g67680,"leaf mesophyll,leaf procambium",Leaf,Os01g0903700,PCMDB
Os01g0905700,LOC_Os01g67850,"leaf epidermis,leaf mesophyll,mestome sheath,leaf procambium",Leaf,Os01g0905700,PCMDB
Os01g0905800,LOC_Os01g67860,"leaf epidermis,leaf mesophyll,mestome sheath,leaf procambium",Leaf,AldC-1,PCMDB
Os01g0907200,LOC_Os01g67950,"leaf epidermis,leaf mesophyll,mestome sheath,leaf procambium",Leaf,Os01g0907200,PCMDB
Os01g0908700,LOC_Os01g68060,"leaf epidermis,leaf mesophyll,mestome sheath,leaf procambium",Leaf,OsRFP,PCMDB
Os01g0910900,LOC_Os01g68300,"leaf epidermis,leaf mesophyll,mestome sheath,leaf procambium",Leaf,Os01g0910900,PCMDB
Os01g0911100,LOC_Os01g68320,leaf procambium,Leaf,OsRH30,PCMDB
Os01g0912700,LOC_Os01g68450,leaf mesophyll,Leaf,Os01g0912700,PCMDB
Os01g0913000,LOC_Os01g68480,"leaf mesophyll,mestome sheath,leaf procambium",Leaf,OsTRXh10,PCMDB
Os01g0914100,LOC_Os01g68580,leaf mesophyll,Leaf,OsLTPd1,PCMDB
Os01g0914300,LOC_Os01g68589,"leaf epidermis,leaf mesophyll,mestome sheath,leaf procambium,Mesophyll precursor",Leaf,OsLTPd2,PCMDB
Os01g0914400,LOC_Os01g68598,leaf mesophyll,Leaf,STOMAGEN,PCMDB
Os01g0915000,LOC_Os01g68650,"leaf epidermis,leaf mesophyll,mestome sheath",Leaf,Os01g0915000,PCMDB
Os01g0915300,LOC_Os01g68680,mestome sheath,Leaf,Os01g0915300,PCMDB
Os01g0915400,LOC_Os01g68680,mestome sheath,Leaf,Os01g0915400,PCMDB
Os01g0915600,LOC_Os01g68700,mestome sheath,Leaf,OsbHLH090,PCMDB
Os01g0915800,LOC_Os01g68710,"leaf mesophyll,leaf procambium",Leaf,OsFKBP15-2,PCMDB
Os01g0916200,LOC_Os01g68750,leaf procambium,Leaf,Os01g0916200,PCMDB
Os01g0916400,LOC_Os01g68770,"leaf epidermis,leaf mesophyll,mestome sheath,leaf procambium",Leaf,Os,PCMDB
Os01g0916600,LOC_Os01g68790,leaf epidermis,Leaf,OsGRP1,PCMDB
Os01g0916800,LOC_Os01g68810,"leaf epidermis,leaf mesophyll,leaf procambium",Leaf,Os01g0916800,PCMDB
Os01g0917300,LOC_Os01g68840,leaf mesophyll,Leaf,Os01g0917300,PCMDB
Os01g0917400,LOC_Os01g68860,mestome sheath,Leaf,C3H12,PCMDB
Os01g0918200,LOC_Os01g68940,leaf mesophyll,Leaf,Os01g0918200,PCMDB
Os01g0918300,LOC_Os01g68950,"leaf mesophyll,mestome sheath",Leaf,smt3,PCMDB
Os01g0919400,LOC_Os01g69030,leaf mesophyll,Leaf,SPS1,PCMDB
Os01g0919600,LOC_Os01g69050,"leaf epidermis,leaf mesophyll,mestome sheath",Leaf,Os01g0919600,PCMDB
Os01g0919900,LOC_Os01g69080,"leaf epidermis,leaf mesophyll,mestome sheath,leaf procambium,Mesophyll precursor",Leaf,OsSSI2,PCMDB
Os01g0920100,LOC_Os01g69100,"leaf mesophyll,mestome sheath,leaf procambium",Leaf,Os01g0920100,PCMDB
Os01g0920200,LOC_Os01g69110,"leaf epidermis,leaf mesophyll,mestome sheath,leaf procambium",Leaf,Os01g0920200,PCMDB
Os01g0920300,LOC_Os01g69120,leaf mesophyll,Leaf,Os01g0920300,PCMDB
Os01g0920400,LOC_Os01g69130,"leaf mesophyll,leaf procambium",Leaf,OsDRP3A,PCMDB
Os01g0921400,LOC_Os01g69230,mestome sheath,Leaf,OsEXO70F1,PCMDB
Os01g0921600,LOC_Os01g69250,"leaf epidermis,leaf mesophyll,mestome sheath",Leaf,TOM20,PCMDB
Os01g0921800,LOC_Os01g69270,leaf mesophyll,Leaf,OsFbox052,PCMDB
Os01g0922800,LOC_Os01g69850,leaf epidermis,Leaf,MADS51,PCMDB
Os01g0923000,LOC_Os01g69870,"leaf epidermis,leaf mesophyll,mestome sheath,leaf procambium",Leaf,Os01g0923000,PCMDB
Os01g0923300,LOC_Os01g69900,leaf epidermis,Leaf,OsCBSCBSPB1,PCMDB
Os01g0923600,LOC_Os01g69910,"leaf mesophyll,leaf procambium",Leaf,CAMTA,PCMDB
Os01g0923700,LOC_Os01g69920,"leaf epidermis,leaf mesophyll,mestome sheath,leaf procambium",Leaf,HK3,PCMDB
Os01g0924000,LOC_Os01g69950,"leaf epidermis,leaf mesophyll,mestome sheath,leaf procambium,Mesophyll precursor",Leaf,RPL27,PCMDB
Os01g0924100,LOC_Os01g69950,"leaf epidermis,leaf mesophyll,mestome sheath,leaf procambium",Leaf,Os01g0924100,PCMDB
Os01g0924300,LOC_Os01g69970,leaf procambium,Leaf,OsWD40-29,PCMDB
Os01g0924600,LOC_Os01g69990,leaf mesophyll,Leaf,Os01g0924600,PCMDB
Os01g0924900,LOC_Os01g70020,"mestome sheath,leaf procambium",Leaf,BIP112,PCMDB
Os01g0925100,LOC_Os01g70080,mestome sheath,Leaf,Os01g0925100,PCMDB
Os01g0925200,LOC_Os01g70090,"leaf epidermis,leaf mesophyll,leaf procambium",Leaf,P0482D04.4,PCMDB
Os01g0925300,LOC_Os01g70100,mestome sheath,Leaf,Os01g0925300,PCMDB
Os01g0925400,LOC_Os01g70110,"leaf epidermis,leaf mesophyll,mestome sheath",Leaf,ONAC041,PCMDB
Os01g0925800,LOC_Os01g70140,"leaf epidermis,leaf mesophyll,mestome sheath,Phloem",Leaf,OsUBC44,PCMDB
Os01g0926200,LOC_Os01g70160,"leaf epidermis,leaf mesophyll,leaf procambium",Leaf,OsRFP,PCMDB
Os01g0926300,LOC_Os01g70170,"leaf epidermis,leaf mesophyll,leaf procambium",Leaf,Os01g0926300,PCMDB
Os01g0926400,LOC_Os01g70180,"leaf epidermis,leaf mesophyll,mestome sheath,leaf procambium",Leaf,Os01g0926400,PCMDB
Os01g0926600,LOC_Os01g70190,"leaf epidermis,leaf mesophyll,mestome sheath,leaf procambium",Leaf,OsGT47A,PCMDB
Os01g0926700,LOC_Os01g70200,"leaf epidermis,Xylem",Leaf,OsIRX10,PCMDB
Os01g0927600,LOC_Os01g70270,leaf procambium,Leaf,OsARF4,PCMDB
Os01g0928100,LOC_Os01g70320,mestome sheath,Leaf,Os01g0928100,PCMDB
Os01g0928300,LOC_Os01g70330,leaf procambium,Leaf,Os01g0928300,PCMDB
Os01g0930200,LOC_Os01g70470,"leaf mesophyll,mestome sheath",Leaf,Os01g0930200,PCMDB
Os01g0930500,LOC_Os01g70500,leaf mesophyll,Leaf,Os01g0930500,PCMDB
Os01g0933900,LOC_Os01g70770,"leaf epidermis,leaf mesophyll",Leaf,OsGSTF4,PCMDB
Os01g0934100,LOC_Os01g70790,"leaf mesophyll,mestome sheath,leaf procambium",Leaf,Os01g0934100,PCMDB
Os01g0934200,LOC_Os01g70800,"leaf mesophyll,leaf procambium",Leaf,Os01g0934200,PCMDB
Os01g0934300,LOC_Os01g70810,leaf procambium,Leaf,Os01g0934300,PCMDB
Os01g0934350,LOC_Os01g70820,"leaf mesophyll,mestome sheath",Leaf,Os01g0934350,PCMDB
Os01g0934400,LOC_Os01g70820,"leaf mesophyll,mestome sheath",Leaf,Os01g0934400,PCMDB
Os01g0935400,LOC_Os01g70930,"mestome sheath,leaf procambium",Leaf,Os01g0935400,PCMDB
Os01g0935600,LOC_Os01g70950,"leaf epidermis,leaf mesophyll,mestome sheath,leaf procambium",Leaf,Os01g0935600,PCMDB
Os01g0935700,LOC_Os01g70960,"leaf mesophyll,leaf procambium",Leaf,P0492G09.27-1,PCMDB
Os01g0935900,LOC_Os01g70980,"leaf epidermis,leaf mesophyll,leaf procambium",Leaf,SDH4,PCMDB
Os01g0936100,LOC_Os01g71000,"leaf epidermis,leaf mesophyll,leaf procambium",Leaf,OsRLCK55,PCMDB
Os01g0936200,LOC_Os01g71010,"leaf epidermis,leaf mesophyll,mestome sheath,leaf procambium",Leaf,Os01g0936200,PCMDB
Os01g0936800,LOC_Os01g71050,"leaf epidermis,leaf mesophyll,mestome sheath,leaf procambium",Leaf,Os01g0936800,PCMDB
Os01g0937100,LOC_Os01g71090,"leaf epidermis,leaf mesophyll,mestome sheath,leaf procambium",Leaf,Os01g0937100,PCMDB
Os01g0937900,LOC_Os01g71170,"leaf mesophyll,Mesophyll precursor",Leaf,OsAGP2,PCMDB
Os01g0938100,LOC_Os01g71190,"leaf mesophyll,leaf procambium",Leaf,PSB28,PCMDB
Os01g0938200,LOC_Os01g71200,"leaf epidermis,leaf mesophyll,leaf procambium",Leaf,Os01g0938200,PCMDB
Os01g0938400,LOC_Os01g71210,leaf epidermis,Leaf,Os01g0938400,PCMDB
Os01g0938900,LOC_Os01g71230,"leaf epidermis,leaf procambium",Leaf,Os01g0938900,PCMDB
Os01g0939400,LOC_Os01g71262,"leaf epidermis,leaf mesophyll,mestome sheath",Leaf,Os01g0939400,PCMDB
Os01g0939600,LOC_Os01g71280,"leaf epidermis,mestome sheath",Leaf,GPDH2,PCMDB
Os01g0939700,LOC_Os01g71300,"leaf epidermis,leaf mesophyll,leaf procambium",Leaf,B1150F11.18-1,PCMDB
Os01g0940000,LOC_Os01g71310,"mestome sheath,leaf procambium",Leaf,CKX4,PCMDB
Os01g0944100,LOC_Os01g71624,"leaf epidermis,leaf mesophyll,leaf procambium",Leaf,P0614D08.13-1,PCMDB
Os01g0944200,LOC_Os01g71630,"leaf mesophyll,leaf procambium",Leaf,Os01g0944200,PCMDB
Os01g0944900,LOC_Os01g71690,leaf procambium,Leaf,Gns2,PCMDB
Os01g0945001,LOC_Os01g71690,leaf procambium,Leaf,Os01g0945001,PCMDB
Os01g0945300,LOC_Os01g71720,vascular leaf,Leaf,OsBAT4,PCMDB
Os01g0946200,LOC_Os01g71790,"leaf epidermis,leaf procambium",Leaf,ONAC038,PCMDB
Os01g0948300,LOC_Os01g71980,"leaf epidermis,leaf mesophyll,mestome sheath,leaf procambium",Leaf,Os01g0948300,PCMDB
Os01g0948400,LOC_Os01g71990,leaf mesophyll,Leaf,OsP5CR,PCMDB
Os01g0948500,LOC_Os01g72000,"leaf mesophyll,mestome sheath,leaf procambium",Leaf,Os01g0948500,PCMDB
Os01g0948600,LOC_Os01g72009,leaf mesophyll,Leaf,Os01g0948600,PCMDB
Os01g0949300,LOC_Os01g72080,"leaf mesophyll,mestome sheath,leaf procambium",Leaf,Os01g0949300,PCMDB
Os01g0949500,LOC_Os01g72100,leaf mesophyll,Leaf,OsCML10,PCMDB
Os01g0949750,LOC_Os01g72130,"leaf epidermis,leaf mesophyll,mestome sheath,leaf procambium",Leaf,OsGSTU35,PCMDB
Os01g0952000,LOC_Os01g72290,"leaf epidermis,leaf mesophyll,mestome sheath,leaf procambium,Xylem",Leaf,GER8,PCMDB
Os01g0952300,LOC_Os01g72320,mestome sheath,Leaf,Os01g0952300,PCMDB
Os01g0952500,LOC_Os01g72330,"leaf epidermis,leaf mesophyll",Leaf,RR4,PCMDB
Os01g0952800,LOC_Os01g72370,"leaf mesophyll,leaf",Leaf,OsIRO2,PCMDB
Os01g0952900,LOC_Os01g72360,leaf procambium,Leaf,Os01g0952900,PCMDB
Os01g0953500,LOC_Os01g72420,leaf procambium,Leaf,Os01g0953500,PCMDB
Os01g0953600,LOC_Os01g72430,"leaf epidermis,leaf mesophyll,mestome sheath,leaf procambium",Leaf,Os01g0953600,PCMDB
Os01g0954000,LOC_Os01g72460,"leaf mesophyll,Phloem",Leaf,Os01g0954000,PCMDB
Os01g0954500,LOC_Os01g72490,"leaf mesophyll,mestome sheath",Leaf,Os01g0954500,PCMDB
Os01g0955000,LOC_Os01g72520,"leaf epidermis,leaf mesophyll,leaf procambium",Leaf,OsNPC2,PCMDB
Os01g0955100,LOC_Os01g72530,"leaf epidermis,leaf mesophyll,mestome sheath,leaf procambium",Leaf,OsCML31,PCMDB
Os01g0956075,LOC_Os01g72600,leaf mesophyll,Leaf,Os01g0956075,PCMDB
Os01g0956200,LOC_Os01g72610,"leaf epidermis,leaf mesophyll,mestome sheath,leaf procambium",Leaf,Os01g0956200,PCMDB
Os01g0957000,LOC_Os01g72690,mestome sheath,Leaf,Os01g0957000,PCMDB
Os01g0957200,LOC_Os01g72710,"leaf mesophyll,mestome sheath,leaf procambium",Leaf,Os01g0957200,PCMDB
Os01g0958100,LOC_Os01g72800,leaf mesophyll,Leaf,OJ1294_F06.26-1,PCMDB
Os01g0958200,LOC_Os01g72810,"leaf epidermis,leaf procambium",Leaf,Os01g0958200,PCMDB
Os01g0958700,LOC_Os01g72860,leaf mesophyll,Leaf,Os01g0958700,PCMDB
Os01g0959100,LOC_Os01g72900,"leaf epidermis,leaf mesophyll,mestome sheath,leaf procambium,leaf initial cell",Leaf,Asr3,PCMDB
Os01g0959200,LOC_Os01g72910,"leaf epidermis,leaf mesophyll,leaf procambium",Leaf,Asr4,PCMDB
Os01g0959800,LOC_Os01g72940,leaf mesophyll,Leaf,PSD2,PCMDB
Os01g0959900,LOC_Os01g72950,"leaf mesophyll,mestome sheath,leaf procambium,Mesophyll precursor",Leaf,P0401G10.21-1,PCMDB
Os01g0960200,LOC_Os01g72970,"mestome sheath,leaf procambium",Leaf,Os01g0960200,PCMDB
Os01g0961000,LOC_Os01g73024,"leaf mesophyll,leaf procambium",Leaf,Os01g0961000,PCMDB
Os01g0962200,LOC_Os01g73120,"leaf epidermis,leaf mesophyll,mestome sheath,leaf procambium",Leaf,Os01g0962200,PCMDB
Os01g0962600,LOC_Os01g73160,leaf epidermis,Leaf,RPS10,PCMDB
Os01g0962700,LOC_Os01g73170,leaf epidermis,Leaf,prx20,PCMDB
Os01g0963000,LOC_Os01g73200,"leaf epidermis,leaf mesophyll,mestome sheath,leaf procambium",Leaf,prx22,PCMDB
Os01g0963300,LOC_Os01g73230,"leaf epidermis,leaf mesophyll,mestome sheath,leaf procambium",Leaf,Os01g0963300,PCMDB
Os01g0963400,LOC_Os01g73234,"leaf epidermis,leaf mesophyll,mestome sheath,leaf procambium",Leaf,Os01g0963400,PCMDB
Os01g0963600,LOC_Os01g73250,flag leaf,Leaf,OsAsr2,PCMDB
Os01g0964000,LOC_Os01g73300,"leaf epidermis,leaf mesophyll,mestome sheath,leaf procambium",Leaf,Os01g0964000,PCMDB
Os01g0964133,LOC_Os01g73310,"leaf epidermis,leaf mesophyll,mestome sheath",Leaf,Os01g0964133,PCMDB
Os01g0965400,LOC_Os01g73450,"leaf epidermis,leaf mesophyll,leaf procambium,Mesophyll precursor",Leaf,YGL8,PCMDB
Os01g0965900,LOC_Os01g73500,leaf mesophyll,Leaf,Os01g0965900,PCMDB
Os01g0966100,LOC_Os01g73530,leaf mesophyll,Leaf,OsABCD2,PCMDB
Os01g0966500,LOC_Os01g73570,"leaf epidermis,leaf mesophyll,mestome sheath,leaf procambium",Leaf,Os01g0966500,PCMDB
Os01g0967100,LOC_Os01g73620,"leaf mesophyll,mestome sheath,leaf procambium",Leaf,Os01g0967100,PCMDB
Os01g0967800,LOC_Os01g73670,mestome sheath,Leaf,Os01g0967800,PCMDB
Os01g0968800,LOC_Os01g73770,"leaf epidermis,leaf mesophyll,mestome sheath,leaf procambium",Leaf,OsERF#027,PCMDB
Os01g0969000,LOC_Os01g73780,leaf mesophyll,Leaf,Os01g0969000,PCMDB
Os01g0969100,LOC_Os01g73790,leaf mesophyll,Leaf,Os01g0969100,PCMDB
Os01g0970400,LOC_Os01g73880,"leaf epidermis,leaf mesophyll,leaf procambium",Leaf,p26,PCMDB
Os01g0970500,LOC_Os01g73890,"leaf epidermis,leaf mesophyll,mestome sheath",Leaf,OsTFIIAgamma1,PCMDB
Os01g0971100,LOC_Os01g73960,mestome sheath,Leaf,OsDi19-5,PCMDB
Os01g0971200,LOC_Os01g73970,"leaf epidermis,mestome sheath",Leaf,Os01g0971200,PCMDB
Os01g0971500,LOC_Os01g73990,"leaf epidermis,leaf mesophyll,mestome sheath,leaf procambium",Leaf,Os01g0971500,PCMDB
Os01g0972000,LOC_Os01g74040,leaf mesophyll,Leaf,OsRFPH2-3,PCMDB
Os01g0973000,LOC_Os01g74152,"leaf epidermis,leaf mesophyll",Leaf,Os01g0973000,PCMDB
Os01g0973100,LOC_Os01g74160,vascular leaf,Leaf,Os01g0973100,PCMDB
Os01g0973400,LOC_Os01g74190,"leaf epidermis,leaf mesophyll,leaf procambium,Mesophyll precursor",Leaf,Os01g0973400,PCMDB
Os01g0973500,LOC_Os01g74200,"leaf epidermis,leaf mesophyll,mestome sheath,leaf procambium",Leaf,OsRLCK57,PCMDB
Os01g0973600,LOC_Os01g74250,"leaf epidermis,leaf mesophyll,mestome sheath,leaf procambium",Leaf,Os01g0973600,PCMDB
Os01g0974200,LOC_Os01g74300,"leaf epidermis,mestome sheath,leaf procambium,Phloem",Leaf,OsMT2c,PCMDB
Os01g0974800,LOC_Os01g74350,"leaf epidermis,mestome sheath",Leaf,Os01g0974800,PCMDB
Os01g0976300,LOC_Os01g74490,leaf mesophyll,Leaf,Os01g0976300,PCMDB
Os01g0976600,LOC_Os01g74520,"leaf epidermis,leaf mesophyll,leaf procambium",Leaf,COQ5,PCMDB
Os01g0977200,LOC_Os01g74580,"leaf epidermis,leaf mesophyll",Leaf,OsDjC15,PCMDB
Os01g0978100,LOC_Os01g74650,"leaf epidermis,leaf mesophyll,mestome sheath,leaf procambium,Mesophyll precursor",Leaf,Os01g0978100,PCMDB
Os02g0100300,LOC_Os02g01030,leaf mesophyll,Leaf,OsHSP40,PCMDB
Os02g0100700,LOC_Os02g01070,"leaf mesophyll,leaf procambium",Leaf,Os02g0100700,PCMDB
Os02g0101400,LOC_Os02g01140,leaf epidermis,Leaf,OsGELP29,PCMDB
Os02g0101700,LOC_Os02g01170,mestome sheath,Leaf,Os02g0101700,PCMDB
Os02g0102700,LOC_Os02g01250,leaf epidermis,Leaf,Os02g0102700,PCMDB
Os02g0103700,LOC_Os02g01332,"leaf epidermis,leaf mesophyll,leaf procambium",Leaf,Os02g0103700,PCMDB
Os02g0103800,LOC_Os02g01340,"leaf mesophyll,mestome sheath,leaf procambium",Leaf,OsLFNR1,PCMDB
Os02g0104200,LOC_Os02g01360,"leaf epidermis,leaf mesophyll,mestome sheath,leaf procambium",Leaf,OsMADS60,PCMDB
Os02g0104800,LOC_Os02g01450,"leaf epidermis,leaf mesophyll,leaf procambium",Leaf,OJA1212_C06.19,PCMDB
Os02g0105400,LOC_Os02g01510,"leaf epidermis,leaf mesophyll,mestome sheath,leaf procambium",Leaf,LDH,PCMDB
Os02g0105500,LOC_Os02g01520,leaf mesophyll,Leaf,Os02g0105500,PCMDB
Os02g0105700,LOC_Os02g01540,leaf mesophyll,Leaf,Os02g0105700,PCMDB
Os02g0105900,LOC_Os02g01560,leaf mesophyll,Leaf,RPS4,PCMDB
Os02g0106800,LOC_Os02g01720,leaf epidermis,Leaf,Os02g0106800,PCMDB
Os02g0106900,LOC_Os02g01730,leaf epidermis,Leaf,OsRLCK58,PCMDB
Os02g0106966,LOC_Os02g01740,leaf mesophyll,Leaf,Os02g0106966,PCMDB
Os02g0107000,LOC_Os02g01740,leaf mesophyll,Leaf,Os02g0107000,PCMDB
Os02g0107600,LOC_Os02g01790,mestome sheath,Leaf,P0017C12.10-1,PCMDB
Os02g0107800,LOC_Os02g01810,leaf procambium,Leaf,Os02g0107800,PCMDB
Os02g0109800,LOC_Os02g01960,"leaf epidermis,mestome sheath,Xylem",Leaf,Os02g0109800,PCMDB
Os02g0110700,LOC_Os02g02050,"leaf epidermis,leaf procambium",Leaf,CHR744,PCMDB
Os02g0111700,LOC_Os02g02130,leaf mesophyll,Leaf,Os02g0111700,PCMDB
Os02g0114000,LOC_Os02g02290,"leaf mesophyll,leaf procambium",Leaf,Os02g0114000,PCMDB
Os02g0114033,LOC_Os02g02290,"leaf mesophyll,leaf procambium",Leaf,Os02g0114033,PCMDB
Os02g0114200,LOC_Os02g02320,"leaf epidermis,Xylem",Leaf,CBP3,PCMDB
Os02g0114400,LOC_Os02g02340,"leaf epidermis,leaf mesophyll,mestome sheath,leaf procambium",Leaf,GPAT,PCMDB
Os02g0115700,LOC_Os02g02400,leaf mesophyll,Leaf,CATA1,PCMDB
Os02g0115900,LOC_Os02g02410,"leaf mesophyll,mestome sheath,leaf procambium",Leaf,OsBiP1,PCMDB
Os02g0116600,LOC_Os02g02480,"leaf epidermis,leaf mesophyll,mestome sheath,leaf procambium",Leaf,OsbHLH059,PCMDB
Os02g0117100,LOC_Os02g02520,"leaf mesophyll,Mesophyll precursor",Leaf,Os02g0117100,PCMDB
Os02g0117200,LOC_Os02g02524,"leaf epidermis,leaf mesophyll",Leaf,Os02g0117200,PCMDB
Os02g0117400,LOC_Os02g02530,leaf procambium,Leaf,SPP1,PCMDB
Os02g0117800,LOC_Os02g02570,leaf mesophyll,Leaf,OsATG5,PCMDB
Os02g0118000,LOC_Os02g02590,"leaf mesophyll,leaf procambium",Leaf,Os02g0118000,PCMDB
Os02g0118200,LOC_Os02g02600,leaf mesophyll,Leaf,OsRLCK60,PCMDB
Os02g0118400,LOC_Os02g02620,leaf mesophyll,Leaf,STLP4,PCMDB
Os02g0119100,LOC_Os02g02690,"leaf epidermis,mestome sheath",Leaf,SIP9,PCMDB
Os02g0119200,LOC_Os02g02700,"leaf epidermis,leaf mesophyll,mestome sheath,leaf procambium,Leaf preprocambium",Leaf,Os02g0119200,PCMDB
Os02g0119300,LOC_Os02g02710,leaf mesophyll,Leaf,Os02g0119300,PCMDB
Os02g0119400,LOC_Os02g02720,"leaf mesophyll,mestome sheath",Leaf,Os02g0119400,PCMDB
Os02g0119600,LOC_Os02g02730,"leaf mesophyll,mestome sheath",Leaf,Os02g0119600,PCMDB
Os02g0119800,LOC_Os02g02750,"leaf epidermis,leaf mesophyll,leaf procambium",Leaf,Os02g0119800,PCMDB
Os02g0120100,LOC_Os02g02780,"leaf epidermis,leaf mesophyll,mestome sheath,leaf procambium",Leaf,OsACTPK1,PCMDB
Os02g0120800,LOC_Os02g02840,"leaf epidermis,leaf mesophyll,mestome sheath,leaf procambium",Leaf,OsRacB,PCMDB
Os02g0121000,LOC_Os02g02860,"leaf mesophyll,mestome sheath,leaf procambium",Leaf,Os02g0121000,PCMDB
Os02g0121100,LOC_Os02g02870,leaf mesophyll,Leaf,OsCSP1,PCMDB
Os02g0121300,LOC_Os02g02890,"leaf epidermis,mestome sheath,leaf procambium",Leaf,LRT2,PCMDB
Os02g0121400,LOC_Os02g02900,leaf mesophyll,Leaf,Os02g0121400,PCMDB
Os02g0121600,LOC_Os02g02920,"leaf mesophyll,Phloem",Leaf,Os02g0121600,PCMDB
Os02g0121800,LOC_Os02g02940,"leaf epidermis,leaf mesophyll,mestome sheath,leaf procambium",Leaf,SDH3-1,PCMDB
Os02g0122000,LOC_Os02g02960,leaf epidermis,Leaf,Os02g0122000,PCMDB
Os02g0122500,LOC_Os02g03010,"leaf epidermis,leaf mesophyll,mestome sheath,leaf procambium",Leaf,P0575F10.3,PCMDB
Os02g0122600,LOC_Os02g03020,"leaf epidermis,leaf mesophyll,leaf procambium",Leaf,Os02g0122600,PCMDB
Os02g0122800,LOC_Os02g03040,leaf mesophyll,Leaf,P0575F10.6-1,PCMDB
Os02g0123500,LOC_Os02g03100,"leaf epidermis,leaf mesophyll,mestome sheath,leaf procambium",Leaf,OsM6PR1,PCMDB
Os02g0123600,LOC_Os02g03110,"leaf epidermis,leaf mesophyll,mestome sheath,leaf procambium",Leaf,Os02g0123600,PCMDB
Os02g0124800,LOC_Os02g03230,leaf mesophyll,Leaf,Os02g0124800,PCMDB
Os02g0125100,LOC_Os02g03260,"leaf mesophyll,leaf procambium",Leaf,Os02g0125100,PCMDB
Os02g0125300,LOC_Os02g03280,"leaf mesophyll,leaf procambium",Leaf,OsBI-1,PCMDB
Os02g0125700,LOC_Os02g03330,"leaf epidermis,leaf mesophyll,mestome sheath,leaf procambium,Mesophyll precursor",Leaf,OsLIL3,PCMDB
Os02g0126800,LOC_Os02g03450,leaf epidermis,Leaf,Os02g0126800,PCMDB
Os02g0127900,LOC_Os02g03560,mestome sheath,Leaf,Os02g0127900,PCMDB
Os02g0128200,LOC_Os02g03580,"leaf epidermis,leaf mesophyll,leaf procambium",Leaf,OsbZIP13,PCMDB
Os02g0128600,LOC_Os02g03610,"leaf epidermis,leaf procambium",Leaf,OsARFB1b,PCMDB
Os02g0129700,LOC_Os02g03700,"leaf epidermis,leaf mesophyll,mestome sheath",Leaf,Os02g0129700,PCMDB
Os02g0129800,LOC_Os02g03710,"leaf epidermis,leaf mesophyll,mestome sheath",Leaf,Os02g0129800,PCMDB
Os02g0129900,LOC_Os02g03720,"leaf mesophyll,leaf procambium",Leaf,Os02g0129900,PCMDB
Os02g0130100,LOC_Os02g03740,"leaf mesophyll,leaf procambium",Leaf,Os02g0130100,PCMDB
Os02g0131100,LOC_Os02g03840,"mestome sheath,leaf procambium",Leaf,Os02g0131100,PCMDB
Os02g0131300,LOC_Os02g03860,"leaf epidermis,leaf mesophyll,mestome sheath,leaf procambium",Leaf,OsMASP1,PCMDB
Os02g0131700,LOC_Os02g03890,"leaf mesophyll,leaf procambium",Leaf,Os02g0131700,PCMDB
Os02g0133300,LOC_Os02g04040,"leaf mesophyll,leaf procambium",Leaf,SMC3,PCMDB
Os02g0134000,LOC_Os02g04120,leaf mesophyll,Leaf,Os02g0134000,PCMDB
Os02g0134200,LOC_Os02g04130,"leaf epidermis,leaf mesophyll,mestome sheath,leaf procambium",Leaf,OsSGL,PCMDB
Os02g0134300,LOC_Os02g04160,"leaf epidermis,leaf mesophyll,leaf procambium",Leaf,OsTEF1,PCMDB
Os02g0134400,LOC_Os02g04170,mestome sheath,Leaf,OsLASPO,PCMDB
Os02g0134500,LOC_Os02g04180,leaf mesophyll,Leaf,Os02g0134500,PCMDB
Os02g0135200,LOC_Os02g04230,leaf procambium,Leaf,OsMPK13,PCMDB
Os02g0135500,LOC_Os02g04250,mestome sheath,Leaf,P0585B01.29-1,PCMDB
Os02g0136150,LOC_Os02g04369,"mestome sheath,leaf procambium",Leaf,Os02g0136150,PCMDB
Os02g0137100,LOC_Os02g04450,"leaf epidermis,mestome sheath,leaf procambium",Leaf,Os02g0137100,PCMDB
Os02g0137200,LOC_Os02g04460,"leaf epidermis,leaf mesophyll,mestome sheath,leaf procambium,Mesophyll precursor",Leaf,Os02g0137200,PCMDB
Os02g0137450,LOC_Os02g04490,"leaf epidermis,leaf mesophyll,mestome sheath,leaf procambium",Leaf,OsHAC703,PCMDB
Os02g0137500,LOC_Os02g04490,"leaf epidermis,leaf mesophyll,mestome sheath,leaf procambium",Leaf,OsHAC703,PCMDB
Os02g0137800,LOC_Os02g04520,"leaf mesophyll,leaf procambium",Leaf,RGG2,PCMDB
Os02g0139600,LOC_Os02g04700,leaf mesophyll,Leaf,Os02g0139600,PCMDB
Os02g0139650,LOC_Os02g04710,leaf mesophyll,Leaf,Os02g0139650,PCMDB
Os02g0139700,LOC_Os02g04710,leaf mesophyll,Leaf,OsOSC2,PCMDB
Os02g0141500,LOC_Os02g04860,leaf epidermis,Leaf,Os02g0141500,PCMDB
Os02g0143100,LOC_Os02g05030,"leaf epidermis,leaf mesophyll,mestome sheath,leaf procambium",Leaf,SPP2,PCMDB
Os02g0146500,LOC_Os02g05320,"leaf mesophyll,mestome sheath",Leaf,Os02g0146500,PCMDB
Os02g0146600,LOC_Os02g05330,"leaf epidermis,leaf mesophyll,mestome sheath,leaf procambium",Leaf,eIF-4a,PCMDB
Os02g0146900,LOC_Os02g05360,leaf mesophyll,Leaf,OJ1008_C03.13-1,PCMDB
Os02g0147700,LOC_Os02g05440,"leaf epidermis,leaf mesophyll",Leaf,OJ1008_C03.26-2,PCMDB
Os02g0148100,LOC_Os02g05480,"leaf epidermis,leaf mesophyll,mestome sheath,leaf procambium",Leaf,OsMAPK33,PCMDB
Os02g0149800,LOC_Os02g05630,"leaf epidermis,leaf mesophyll,mestome sheath,leaf procambium",Leaf,OsPP2C10,PCMDB
Os02g0150100,LOC_Os02g05660,"leaf mesophyll,leaf procambium",Leaf,OsRH35A,PCMDB
Os02g0150300,LOC_Os02g05680,"mestome sheath,Xylem",Leaf,Os02g0150300,PCMDB
Os02g0150900,LOC_Os02g05710,"leaf epidermis,leaf mesophyll,mestome sheath,leaf procambium",Leaf,Os02g0150900,PCMDB
Os02g0151300,LOC_Os02g05744,"leaf mesophyll,mestome sheath,leaf procambium",Leaf,OsGH9B7,PCMDB
Os02g0152400,LOC_Os02g05830,"leaf mesophyll,leaf procambium",Leaf,RbcS1,PCMDB
Os02g0153200,LOC_Os02g05920,leaf mesophyll,Leaf,LRK7,PCMDB
Os02g0153400,LOC_Os02g05930,"leaf epidermis,leaf mesophyll,mestome sheath,leaf procambium",Leaf,LRK6,PCMDB
Os02g0154200,LOC_Os02g05980,leaf mesophyll,Leaf,LRK1,PCMDB
Os02g0154600,LOC_Os02g06010,leaf mesophyll,Leaf,Os02g0154600,PCMDB
Os02g0155400,LOC_Os02g06090,"leaf epidermis,leaf mesophyll,mestome sheath,leaf procambium",Leaf,Os02g0155400,PCMDB
Os02g0156100,LOC_Os02g06170,leaf mesophyll,Leaf,Os02g0156100,PCMDB
Os02g0159200,LOC_Os02g06430,"leaf mesophyll,mestome sheath,leaf procambium",Leaf,Os02g0159200,PCMDB
Os02g0160200,LOC_Os02g06520,"leaf epidermis,leaf mesophyll,leaf procambium",Leaf,OsFbox068,PCMDB
Os02g0161200,LOC_Os02g06584,"leaf mesophyll,mestome sheath",Leaf,OsC3H13,PCMDB
Os02g0161400,LOC_Os02g06592,leaf mesophyll,Leaf,Os02g0161400,PCMDB
Os02g0162000,LOC_Os02g06650,"leaf epidermis,leaf mesophyll",Leaf,Os02g0162000,PCMDB
Os02g0162500,LOC_Os02g06700,"leaf epidermis,leaf mesophyll,leaf procambium",Leaf,Os02g0162500,PCMDB
Os02g0162700,LOC_Os02g06720,"leaf mesophyll,leaf procambium",Leaf,OsWD40-37,PCMDB
Os02g0162733,LOC_Os02g06720,"leaf mesophyll,leaf procambium",Leaf,Os02g0162733,PCMDB
Os02g0164800,LOC_Os02g06890,"leaf epidermis,leaf mesophyll,leaf procambium",Leaf,Os02g0164800,PCMDB
Os02g0164900,LOC_Os02g06910,"leaf mesophyll,mestome sheath,leaf procambium",Leaf,OsARF6a,PCMDB
Os02g0165000,LOC_Os02g06920,leaf procambium,Leaf,Os02g0165000,PCMDB
Os02g0166600,LOC_Os02g07010,leaf epidermis,Leaf,Os02g0166600,PCMDB
Os02g0167000,LOC_Os02g07040,"leaf epidermis,leaf mesophyll,leaf procambium",Leaf,Os02g0167000,PCMDB
Os02g0167100,LOC_Os02g07044,"leaf mesophyll,leaf procambium",Leaf,OsStr23,PCMDB
Os02g0167300,LOC_Os02g07060,"leaf epidermis,leaf mesophyll,mestome sheath",Leaf,OsTUB5,PCMDB
Os02g0167600,LOC_Os02g07110,"leaf epidermis,leaf mesophyll,mestome sheath,leaf procambium",Leaf,OsSAUR6,PCMDB
Os02g0168100,LOC_Os02g07160,"leaf epidermis,leaf mesophyll,mestome sheath,leaf procambium",Leaf,OsHPPD,PCMDB
Os02g0168200,LOC_Os02g07170,leaf procambium,Leaf,Os02g0168200,PCMDB
Os02g0168500,LOC_Os02g07200,"leaf epidermis,mestome sheath",Leaf,Os02g0168500,PCMDB
Os02g0168600,LOC_Os02g07210,leaf procambium,Leaf,OsOTU1,PCMDB
Os02g0168800,LOC_Os02g07230,"leaf epidermis,leaf mesophyll,leaf procambium,Mesophyll precursor",Leaf,PBD,PCMDB
Os02g0168900,LOC_Os02g07240,"leaf mesophyll,leaf procambium",Leaf,Os02g0168900,PCMDB
Os02g0169300,LOC_Os02g07260,"leaf epidermis,leaf mesophyll,mestome sheath,leaf procambium",Leaf,OsPGK2,PCMDB
Os02g0169900,LOC_Os02g07350,leaf mesophyll,Leaf,OsIMP-2,PCMDB
Os02g0170100,LOC_Os02g07410,"leaf epidermis,leaf mesophyll,mestome sheath,leaf procambium",Leaf,Os02g0170100,PCMDB
Os02g0170500,LOC_Os02g07450,"leaf mesophyll,leaf procambium",Leaf,OsHAP5A,PCMDB
Os02g0170900,LOC_Os02g07480,"leaf epidermis,mestome sheath",Leaf,Os02g0170900,PCMDB
Os02g0173100,LOC_Os02g07680,leaf mesophyll,Leaf,CYP97B4,PCMDB
Os02g0173200,LOC_Os02g07690,"leaf mesophyll,mestome sheath,leaf procambium",Leaf,OsVQ5,PCMDB
Os02g0174100,LOC_Os02g07780,leaf mesophyll,Leaf,OsSPL4,PCMDB
Os02g0174200,LOC_Os02g07790,"leaf epidermis,leaf mesophyll",Leaf,OsDPK2,PCMDB
Os02g0174800,LOC_Os02g07820,mestome sheath,Leaf,Os02g0174800,PCMDB
Os02g0175100,LOC_Os02g07840,"leaf epidermis,leaf mesophyll",Leaf,OsbZIP15,PCMDB
Os02g0175400,LOC_Os02g07870,leaf mesophyll,Leaf,VHA-A2,PCMDB
Os02g0175600,LOC_Os02g07890,"leaf epidermis,leaf mesophyll",Leaf,Os02g0175600,PCMDB
Os02g0175800,LOC_Os02g07910,"leaf epidermis,leaf mesophyll,mestome sheath,leaf procambium",Leaf,OJ1077_E05.15-1,PCMDB
Os02g0175900,LOC_Os02g07920,leaf epidermis,Leaf,Os02g0175900,PCMDB
Os02g0175950,LOC_Os02g07930,"leaf epidermis,leaf mesophyll,mestome sheath",Leaf,Os02g0175950,PCMDB
Os02g0176000,LOC_Os02g07930,"leaf epidermis,leaf mesophyll,mestome sheath",Leaf,OsBBX2,PCMDB
Os02g0176400,LOC_Os02g07980,"leaf epidermis,leaf mesophyll,mestome sheath,leaf procambium",Leaf,Os02g0176400,PCMDB
Os02g0176650,LOC_Os02g08010,"leaf epidermis,leaf mesophyll,leaf procambium",Leaf,Os02g0176650,PCMDB
Os02g0176700,LOC_Os02g08010,"leaf epidermis,leaf mesophyll,leaf procambium",Leaf,osACA9,PCMDB
Os02g0177500,LOC_Os02g08090,"leaf epidermis,leaf mesophyll",Leaf,Os02g0177500,PCMDB
Os02g0177600,LOC_Os02g08100,"leaf epidermis,leaf mesophyll",Leaf,4CL3,PCMDB
Os02g0177900,LOC_Os02g08130,leaf mesophyll,Leaf,Os02g0177900,PCMDB
Os02g0178400,LOC_Os02g08180,leaf mesophyll,Leaf,Os02g0178400,PCMDB
Os02g0178800,LOC_Os02g08230,"leaf mesophyll,mestome sheath,leaf procambium",Leaf,OsGL1-2,PCMDB
Os02g0179100,LOC_Os02g08260,leaf mesophyll,Leaf,Os02g0179100,PCMDB
Os02g0180000,LOC_Os02g08364,"leaf epidermis,leaf mesophyll,mestome sheath,leaf procambium",Leaf,OsPP2C11,PCMDB
Os02g0180100,LOC_Os02g08370,"leaf epidermis,leaf mesophyll",Leaf,Os02g0180100,PCMDB
Os02g0180200,LOC_Os02g08380,"leaf epidermis,leaf mesophyll,leaf procambium",Leaf,Os02g0180200,PCMDB
Os02g0180700,LOC_Os02g08420,"leaf epidermis,leaf mesophyll,mestome sheath",Leaf,OsCCR21,PCMDB
Os02g0181300,LOC_Os02g08440,"leaf epidermis,leaf mesophyll,mestome sheath",Leaf,WRKY71,PCMDB
Os02g0181800,LOC_Os02g08480,"leaf epidermis,mestome sheath",Leaf,Os02g0181800,PCMDB
Os02g0181900,LOC_Os02g08490,"leaf epidermis,mestome sheath",Leaf,ClpB-m,PCMDB
Os02g0182700,LOC_Os02g08540,"leaf epidermis,leaf mesophyll,mestome sheath,leaf procambium",Leaf,Os02g0182700,PCMDB
Os02g0182850,LOC_Os02g09050,leaf procambium,Leaf,OJ1572_F02.1,PCMDB
Os02g0182900,LOC_Os02g09060,mestome sheath,Leaf,APIP10,PCMDB
Os02g0184100,LOC_Os02g09140,"leaf epidermis,leaf mesophyll",Leaf,OJ1572_F02.10-1,PCMDB
Os02g0184200,LOC_Os02g09150,leaf mesophyll,Leaf,Os02g0184200,PCMDB
Os02g0185200,LOC_Os02g09240,leaf epidermis,Leaf,Os02g0185200,PCMDB
Os02g0186500,LOC_Os02g09359,leaf mesophyll,Leaf,OsRLCK64,PCMDB
Os02g0186700,LOC_Os02g09380,leaf mesophyll,Leaf,Os02g0186700,PCMDB
Os02g0186900,LOC_Os02g09400,leaf mesophyll,Leaf,Os02g0186900,PCMDB
Os02g0187100,LOC_Os02g09420,leaf epidermis,Leaf,OsCYL1,PCMDB
Os02g0187500,LOC_Os02g09460,"leaf epidermis,leaf mesophyll,mestome sheath",Leaf,Os02g0187500,PCMDB
Os02g0187600,LOC_Os02g09470,leaf mesophyll,Leaf,Os02g0187600,PCMDB
Os02g0187700,LOC_Os02g09480,"mestome sheath,Mesophyll precursor",Leaf,Os02g0187700,PCMDB
Os02g0187800,LOC_Os02g09490,"leaf epidermis,mestome sheath",Leaf,GH2,PCMDB
Os02g0188000,LOC_Os02g09510,leaf mesophyll,Leaf,OsUGT84C1,PCMDB
Os02g0189000,LOC_Os02g09590,"leaf epidermis,leaf mesophyll,mestome sheath,leaf procambium,Mesophyll precursor",Leaf,Os02g0189000,PCMDB
Os02g0189100,LOC_Os02g09600,leaf mesophyll,Leaf,OsMED11_1,PCMDB
Os02g0189200,LOC_Os02g09610,mestome sheath,Leaf,OsGELP31,PCMDB
Os02g0189400,LOC_Os02g09630,leaf epidermis,Leaf,Os02g0189400,PCMDB
Os02g0190900,LOC_Os02g09780,leaf epidermis,Leaf,Os02g0190900,PCMDB
Os02g0191300,LOC_Os02g09810,"leaf mesophyll,mestome sheath",Leaf,OsATL6,PCMDB
Os02g0192100,LOC_Os02g09890,"leaf epidermis,leaf mesophyll",Leaf,Os02g0192100,PCMDB
Os02g0192700,LOC_Os02g09940,"leaf mesophyll,leaf procambium",Leaf,Pre,PCMDB
Os02g0193000,LOC_Os02g09960,"leaf epidermis,leaf mesophyll,mestome sheath",Leaf,OsLysM-RLK1,PCMDB
Os02g0193200,LOC_Os02g09980,leaf mesophyll,Leaf,P0437H03.118,PCMDB
Os02g0193300,LOC_Os02g09990,mestome sheath,Leaf,P0437H03.120,PCMDB
Os02g0193800,LOC_Os02g10040,"leaf epidermis,leaf mesophyll,leaf procambium",Leaf,Os02g0193800,PCMDB
Os02g0193900,LOC_Os02g10050,leaf epidermis,Leaf,P0437H03.127,PCMDB
Os02g0194100,LOC_Os02g10070,"leaf epidermis,leaf mesophyll,mestome sheath,leaf procambium",Leaf,P0437H03.132,PCMDB
Os02g0194200,LOC_Os02g10080,mestome sheath,Leaf,OsC3H14,PCMDB
Os02g0194700,LOC_Os02g10120,"vascular leaf,leaf",Leaf,OsLOX1,PCMDB
Os02g0195600,LOC_Os02g10200,"leaf epidermis,mestome sheath,leaf procambium",Leaf,SAP4,PCMDB
Os02g0195800,LOC_Os02g10220,"leaf epidermis,leaf mesophyll",Leaf,OsDjC17,PCMDB
Os02g0196000,LOC_Os02g10230,leaf epidermis,Leaf,Os02g0196000,PCMDB
Os02g0196600,LOC_Os02g10290,"leaf epidermis,leaf mesophyll,mestome sheath,leaf procambium",Leaf,HMA4,PCMDB
Os02g0196700,LOC_Os02g10300,leaf mesophyll,Leaf,OsPGL6,PCMDB
Os02g0196800,LOC_Os02g10310,"leaf epidermis,leaf mesophyll,mestome sheath,leaf procambium",Leaf,FAH,PCMDB
Os02g0197600,LOC_Os02g10390,"leaf mesophyll,mestome sheath,leaf procambium,Mesophyll precursor",Leaf,P0026H03.3-1,PCMDB
Os02g0197900,LOC_Os02g10440,mestome sheath,Leaf,OsSTA53,PCMDB
Os02g0198200,LOC_Os02g10470,leaf epidermis,Leaf,Os02g0198200,PCMDB
Os02g0198300,LOC_Os02g10480,"leaf epidermis,leaf mesophyll,mestome sheath,leaf procambium",Leaf,P0026H03.16-1,PCMDB
Os02g0198500,LOC_Os02g10500,"leaf epidermis,leaf mesophyll,mestome sheath,leaf procambium",Leaf,P0026H03.18-1,PCMDB
Os02g0198600,LOC_Os02g10510,"leaf epidermis,leaf mesophyll,mestome sheath,leaf procambium",Leaf,Os02g0198600,PCMDB
Os02g0198700,LOC_Os02g10520,"leaf mesophyll,mestome sheath,leaf procambium",Leaf,OsSub12,PCMDB
Os02g0200900,LOC_Os02g10700,"leaf mesophyll,leaf procambium",Leaf,OsFbox072,PCMDB
Os02g0202000,LOC_Os02g10760,leaf epidermis,Leaf,ERF3,PCMDB
Os02g0202200,LOC_Os02g10780,"leaf epidermis,leaf mesophyll,mestome sheath",Leaf,OsSPX2,PCMDB
Os02g0202500,LOC_Os02g10810,"leaf epidermis,leaf mesophyll,mestome sheath",Leaf,Os02g0202500,PCMDB
Os02g0204000,LOC_Os02g10940,leaf mesophyll,Leaf,Os02g0204000,PCMDB
Os02g0204201,LOC_Os02g10970,leaf mesophyll,Leaf,OsCYP95,PCMDB
Os02g0204300,LOC_Os02g10970,leaf mesophyll,Leaf,OsCYP95,PCMDB
Os02g0204700,LOC_Os02g11020,leaf procambium,Leaf,OsCYP734A2,PCMDB
Os02g0205300,LOC_Os02g11050,leaf epidermis,Leaf,OsRPT6,PCMDB
Os02g0205500,LOC_Os02g11070,mestome sheath,Leaf,Os02g0205500,PCMDB
Os02g0206700,LOC_Os02g11640,leaf mesophyll,Leaf,Os02g0206700,PCMDB
Os02g0207900,LOC_Os02g11720,"leaf epidermis,leaf mesophyll,mestome sheath,leaf procambium",Leaf,Os02g0207900,PCMDB
Os02g0208100,LOC_Os02g11740,"leaf mesophyll,Mesophyll precursor",Leaf,OsNTT2,PCMDB
Os02g0208200,LOC_Os02g11750,leaf mesophyll,Leaf,Os02g0208200,PCMDB
Os02g0208300,LOC_Os02g11760,"leaf mesophyll,leaf procambium",Leaf,OsABCG39,PCMDB
Os02g0208500,LOC_Os02g11770,"leaf mesophyll,vascular leaf",Leaf,OsCDT4,PCMDB
Os02g0208900,LOC_Os02g11820,"leaf mesophyll,leaf procambium",Leaf,OJ1006_A02.21-1,PCMDB
Os02g0209000,LOC_Os02g11830,leaf mesophyll,Leaf,Os02g0209000,PCMDB
Os02g0209100,LOC_Os02g11840,"leaf epidermis,leaf mesophyll",Leaf,Os02g0209100,PCMDB
Os02g0209300,LOC_Os02g11859,"leaf epidermis,leaf mesophyll,mestome sheath,leaf procambium",Leaf,Os02g0209300,PCMDB
Os02g0214500,LOC_Os02g12310,mestome sheath,Leaf,tms5,PCMDB
Os02g0214900,LOC_Os02g12350,"leaf mesophyll,leaf procambium",Leaf,OJ1006_D05.27-2,PCMDB
Os02g0215200,LOC_Os02g12380,"leaf mesophyll,leaf procambium",Leaf,HDAC2,PCMDB
Os02g0216300,LOC_Os02g12480,"leaf procambium,Phloem",Leaf,Os02g0216300,PCMDB
Os02g0216500,LOC_Os02g12490,"leaf epidermis,leaf mesophyll",Leaf,Os02g0216500,PCMDB
Os02g0217450,LOC_Os02g12560,"leaf mesophyll,leaf procambium",Leaf,Os02g0217450,PCMDB
Os02g0217850,LOC_Os02g12610,"leaf mesophyll,leaf procambium",Leaf,Os02g0217850,PCMDB
Os02g0217900,LOC_Os02g12610,"leaf mesophyll,leaf procambium",Leaf,HSP19.0,PCMDB
Os02g0218200,LOC_Os02g12650,"leaf epidermis,leaf mesophyll",Leaf,Os02g0218200,PCMDB
Os02g0219900,LOC_Os02g12760,leaf procambium,Leaf,Os02g0219900,PCMDB
Os02g0220500,LOC_Os02g12794,leaf mesophyll,Leaf,Os02g0220500,PCMDB
Os02g0220700,LOC_Os02g12810,leaf mesophyll,Leaf,Os02g0220700,PCMDB
Os02g0221500,LOC_Os02g12850,leaf mesophyll,Leaf,RBPI,PCMDB
Os02g0221600,LOC_Os02g12870,"leaf mesophyll,mestome sheath",Leaf,Os02g0221600,PCMDB
Os02g0222100,LOC_Os02g12900,mestome sheath,Leaf,Os02g0222100,PCMDB
Os02g0223700,LOC_Os02g13060,"leaf epidermis,leaf mesophyll,mestome sheath,leaf procambium",Leaf,Os02g0223700,PCMDB
Os02g0224100,LOC_Os02g13100,"leaf epidermis,leaf mesophyll,mestome sheath,leaf procambium",Leaf,OsPP2C12,PCMDB
Os02g0224300,LOC_Os02g13130,"leaf mesophyll,leaf procambium",Leaf,Os02g0224300,PCMDB
Os02g0225000,LOC_Os02g13170,leaf mesophyll,Leaf,Os02g0225000,PCMDB
Os02g0225900,LOC_Os02g13260,"leaf mesophyll,leaf procambium",Leaf,Os02g0225900,PCMDB
Os02g0226000,LOC_Os02g13270,leaf epidermis,Leaf,Os02g0226000,PCMDB
Os02g0226300,LOC_Os02g13300,"leaf epidermis,leaf mesophyll,mestome sheath",Leaf,Os02g0226300,PCMDB
Os02g0226350,LOC_Os02g13300,"leaf epidermis,leaf mesophyll,mestome sheath",Leaf,Os02g0226350,PCMDB
Os02g0227100,LOC_Os02g13370,"leaf epidermis,leaf mesophyll,mestome sheath",Leaf,Os02g0227100,PCMDB
Os02g0227200,LOC_Os02g13380,"leaf mesophyll,mestome sheath,leaf procambium",Leaf,OsENOD93b,PCMDB
Os02g0229000,LOC_Os02g13530,"leaf epidermis,leaf mesophyll",Leaf,Os02g0229000,PCMDB
Os02g0229800,LOC_Os02g13600,mestome sheath,Leaf,Os02g0229800,PCMDB
Os02g0230100,LOC_Os02g13640,leaf procambium,Leaf,Os02g0230100,PCMDB
Os02g0230200,LOC_Os02g13650,"leaf mesophyll,leaf procambium",Leaf,Os02g0230200,PCMDB
Os02g0230300,LOC_Os02g13660,leaf epidermis,Leaf,Os02g0230300,PCMDB
Os02g0232500,LOC_Os02g13850,"leaf epidermis,leaf mesophyll",Leaf,Os02g0232500,PCMDB
Os02g0232900,LOC_Os02g13870,leaf epidermis,Leaf,OsNIP1,PCMDB
Os02g0234200,LOC_Os02g13950,"leaf epidermis,leaf mesophyll,leaf procambium",Leaf,FUWA,PCMDB
Os02g0234300,LOC_Os02g13960,"leaf mesophyll,leaf procambium",Leaf,OsPUB4,PCMDB
Os02g0234800,LOC_Os02g13990,leaf mesophyll,Leaf,Os02g0234800,PCMDB
Os02g0235000,LOC_Os02g14000,leaf epidermis,Leaf,Os02g0235000,PCMDB
Os02g0235600,LOC_Os02g14059,"leaf epidermis,leaf mesophyll",Leaf,Os02g0235600,PCMDB
Os02g0236000,LOC_Os02g14110,leaf mesophyll,Leaf,Os02g0236000,PCMDB
Os02g0236200,LOC_Os02g14130,leaf mesophyll,Leaf,Os02g0236200,PCMDB
Os02g0236800,LOC_Os02g14170,"leaf epidermis,leaf mesophyll,leaf procambium",Leaf,prx26,PCMDB
Os02g0240100,LOC_Os02g14430,"leaf mesophyll,leaf procambium",Leaf,prx30,PCMDB
Os02g0240300,LOC_Os02g14440,vascular leaf,Leaf,prx29,PCMDB
Os02g0241100,LOC_Os02g14480,"leaf epidermis,leaf mesophyll,mestome sheath,leaf procambium",Leaf,Os02g0241100,PCMDB
Os02g0244600,LOC_Os02g14760,mestome sheath,Leaf,Os02g0244600,PCMDB
Os02g0244700,LOC_Os02g14770,leaf mesophyll,Leaf,PEPC-1,PCMDB
Os02g0245000,LOC_Os02g14780,leaf mesophyll,Leaf,Os02g0245000,PCMDB
Os02g0245800,LOC_Os02g14840,leaf mesophyll,Leaf,KAT3,PCMDB
Os02g0246300,LOC_Os02g14860,leaf mesophyll,Leaf,Os02g0246300,PCMDB
Os02g0246900,LOC_Os02g14890,leaf epidermis,Leaf,Os02g0246900,PCMDB
Os02g0247200,LOC_Os02g14929,"leaf epidermis,leaf mesophyll",Leaf,Os02g0247200,PCMDB
Os02g0248200,LOC_Os02g15020,"leaf mesophyll,mestome sheath,leaf procambium",Leaf,Os02g0248200,PCMDB
Os02g0248440,LOC_Os02g15060,leaf procambium,Leaf,Os02g0248440,PCMDB
Os02g0250400,LOC_Os02g15230,"leaf epidermis,leaf mesophyll,mestome sheath,leaf procambium",Leaf,BS1,PCMDB
Os02g0252200,LOC_Os02g15340,leaf procambium,Leaf,ONAC013,PCMDB
Os02g0254700,LOC_Os02g15550,leaf mesophyll,Leaf,OsSPMS2,PCMDB
Os02g0255200,LOC_Os02g15610,"leaf epidermis,leaf mesophyll",Leaf,Os02g0255200,PCMDB
Os02g0255500,LOC_Os02g15640,"leaf mesophyll,mestome sheath,leaf procambium",Leaf,OsPYL/RCAR3,PCMDB
Os02g0257300,LOC_Os02g15750,"leaf mesophyll,leaf procambium",Leaf,OsStr12,PCMDB
Os02g0257400,LOC_Os02g15750,"leaf mesophyll,leaf procambium",Leaf,Os02g0257400,PCMDB
Os02g0258900,LOC_Os02g15870,"leaf mesophyll,mestome sheath,leaf procambium",Leaf,Os02g0258900,PCMDB
Os02g0259600,LOC_Os02g15900,"leaf epidermis,leaf mesophyll,mestome sheath,leaf procambium,Mesophyll precursor",Leaf,OsRPL21,PCMDB
Os02g0259900,LOC_Os02g15930,"leaf epidermis,leaf mesophyll,mestome sheath",Leaf,Os02g0259900,PCMDB
Os02g0261100,LOC_Os02g16040,leaf mesophyll,Leaf,UBC5B,PCMDB
Os02g0264700,LOC_Os02g16490,"leaf epidermis,leaf mesophyll,mestome sheath,leaf procambium",Leaf,Os02g0264700,PCMDB
Os02g0264800,LOC_Os02g16500,"leaf epidermis,leaf mesophyll,mestome sheath",Leaf,OsAGP20,PCMDB
Os02g0265200,LOC_Os02g16540,"leaf mesophyll,leaf procambium",Leaf,OsWRKY39,PCMDB
Os02g0265400,LOC_Os02g16550,leaf epidermis,Leaf,Os02g0265400,PCMDB
Os02g0265700,LOC_Os02g16600,"leaf mesophyll,leaf procambium",Leaf,Os02g0265700,PCMDB
Os02g0265900,LOC_Os02g16620,"leaf epidermis,leaf mesophyll,mestome sheath,leaf procambium",Leaf,P0006C08.29-1,PCMDB
Os02g0266800,LOC_Os02g16680,"leaf mesophyll,leaf procambium",Leaf,OsbZIP20,PCMDB
Os02g0268400,LOC_Os02g16809,"leaf mesophyll,leaf procambium",Leaf,EXPA23,PCMDB
Os02g0269000,LOC_Os02g16880,"leaf epidermis,leaf mesophyll",Leaf,Os02g0269000,PCMDB
Os02g0269200,LOC_Os02g16909,leaf epidermis,Leaf,Os02g0269200,PCMDB
Os02g0270200,LOC_Os02g17000,mestome sheath,Leaf,OsSub14,PCMDB
Os02g0271000,LOC_Os02g17090,mestome sheath,Leaf,OsSub17,PCMDB
Os02g0271600,LOC_Os02g17150,mestome sheath,Leaf,OsSub18,PCMDB
Os02g0272400,LOC_Os02g17250,"leaf epidermis,leaf mesophyll,mestome sheath",Leaf,P0521F09.19,PCMDB
Os02g0272600,LOC_Os02g17280,"leaf epidermis,leaf mesophyll,mestome sheath,leaf procambium",Leaf,P0521F09.23-1,PCMDB
Os02g0272900,LOC_Os02g17304,"leaf epidermis,leaf mesophyll,leaf procambium",Leaf,Os02g0272900,PCMDB
Os02g0273000,LOC_Os02g17320,"leaf mesophyll,mestome sheath",Leaf,Os02g0273000,PCMDB
Os02g0274700,LOC_Os02g17470,leaf mesophyll,Leaf,Os02g0274700,PCMDB
Os02g0274900,LOC_Os02g17500,leaf mesophyll,Leaf,P0413A11.38-1,PCMDB
Os02g0275100,LOC_Os02g17520,leaf mesophyll,Leaf,CCMH,PCMDB
Os02g0275200,LOC_Os02g17534,"leaf mesophyll,mestome sheath,leaf procambium",Leaf,Os02g0275200,PCMDB
Os02g0276400,LOC_Os02g17640,"leaf epidermis,leaf mesophyll,mestome sheath,leaf procambium",Leaf,Os02g0276400,PCMDB
Os02g0279600,LOC_Os02g17850,leaf mesophyll,Leaf,Os02g0279600,PCMDB
Os02g0282100,LOC_Os02g18090,leaf epidermis,Leaf,Os02g0282100,PCMDB
Os02g0284600,LOC_Os02g18380,leaf mesophyll,Leaf,OsRPL27.3,PCMDB
Os02g0284800,LOC_Os02g18390,leaf procambium,Leaf,Os02g0284800,PCMDB
Os02g0285300,LOC_Os02g18410,"leaf epidermis,leaf mesophyll,mestome sheath,leaf procambium",Leaf,OsDREPP2,PCMDB
Os02g0286200,LOC_Os02g18480,leaf epidermis,Leaf,Os02g0286200,PCMDB
Os02g0287000,LOC_Os02g18550,"leaf epidermis,leaf mesophyll",Leaf,Os02g0287000,PCMDB
Os02g0290300,LOC_Os02g18820,"leaf epidermis,leaf mesophyll",Leaf,OsWD40-40,PCMDB
Os02g0290400,LOC_Os02g18830,leaf procambium,Leaf,Os02g0290400,PCMDB
Os02g0290600,LOC_Os02g18850,leaf epidermis,Leaf,OsPOP5,PCMDB
Os02g0293400,LOC_Os02g19140,"leaf mesophyll,mestome sheath",Leaf,SIP14,PCMDB
Os02g0297600,LOC_Os02g19510,"leaf mesophyll,leaf procambium",Leaf,Os02g0297600,PCMDB
Os02g0298200,LOC_Os02g19550,"leaf epidermis,leaf procambium",Leaf,Os02g0298200,PCMDB
Os02g0299200,LOC_Os02g19640,"leaf mesophyll,leaf procambium,Xylem",Leaf,Os02g0299200,PCMDB
Os02g0299300,LOC_Os02g19650,leaf procambium,Leaf,Os02g0299300,PCMDB
Os02g0300700,LOC_Os02g19770,"leaf mesophyll,mestome sheath",Leaf,OseIF1A-1,PCMDB
Os02g0301100,LOC_Os02g19820,"leaf epidermis,leaf mesophyll,leaf procambium",Leaf,OsSWEET4,PCMDB
Os02g0304900,LOC_Os02g20170,leaf mesophyll,Leaf,OsDi19-4,PCMDB
Os02g0306900,LOC_Os02g20394,leaf mesophyll,Leaf,OsDjB4,PCMDB
Os02g0308400,LOC_Os02g20540,"leaf sheath,leaf mesophyll,Mesophyll precursor",Leaf,OsFLA19,PCMDB
Os02g0308800,LOC_Os02g20560,"leaf mesophyll,leaf procambium",Leaf,OsFLA15,PCMDB
Os02g0312600,LOC_Os02g20850,mestome sheath,Leaf,OSRAC7,PCMDB
Os02g0312700,LOC_Os02g20860,"leaf epidermis,leaf mesophyll,mestome sheath",Leaf,P0705A04.3-1,PCMDB
Os02g0313400,LOC_Os02g20930,"leaf mesophyll,leaf procambium",Leaf,API5,PCMDB
Os02g0313500,LOC_Os02g20940,"leaf epidermis,leaf mesophyll",Leaf,Os02g0313500,PCMDB
Os02g0313700,LOC_Os02g20970,leaf mesophyll,Leaf,OsNTMC2T6.2,PCMDB
Os02g0314600,LOC_Os02g21040,"leaf epidermis,leaf mesophyll,mestome sheath,leaf procambium",Leaf,Os02g0314600,PCMDB
Os02g0315400,LOC_Os02g21080,leaf mesophyll,Leaf,Os02g0315400,PCMDB
Os02g0317300,LOC_Os02g21240,leaf epidermis,Leaf,OsFbox086,PCMDB
Os02g0317400,LOC_Os02g21250,"leaf epidermis,leaf mesophyll,mestome sheath,leaf procambium,Xylem",Leaf,COPZ2,PCMDB
Os02g0317500,LOC_Os02g21260,"leaf mesophyll,mestome sheath",Leaf,OsFbox087,PCMDB
Os02g0317800,LOC_Os02g21280,"leaf epidermis,leaf mesophyll,mestome sheath,leaf procambium",Leaf,Os02g0317800,PCMDB
Os02g0318100,LOC_Os02g21300,"leaf mesophyll,leaf procambium",Leaf,Os02g0318100,PCMDB
Os02g0319100,LOC_Os02g21430,mestome sheath,Leaf,ML5,PCMDB
Os02g0319300,LOC_Os02g21460,"leaf epidermis,leaf mesophyll,mestome sheath,leaf procambium",Leaf,Os02g0319300,PCMDB
Os02g0321900,LOC_Os02g21660,"leaf epidermis,leaf mesophyll",Leaf,Os02g0321900,PCMDB
Os02g0324400,LOC_Os02g21890,"leaf epidermis,leaf mesophyll,leaf procambium",Leaf,FOS1,PCMDB
Os02g0324700,LOC_Os02g21920,"leaf epidermis,leaf mesophyll,mestome sheath,leaf procambium",Leaf,Os02g0324700,PCMDB
Os02g0325100,LOC_Os02g21970,leaf epidermis,Leaf,OsRpt3,PCMDB
Os02g0327500,LOC_Os02g22160,leaf epidermis,Leaf,Os02g0327500,PCMDB
Os02g0328300,LOC_Os02g22260,"leaf mesophyll,leaf procambium",Leaf,Os02g0328300,PCMDB
Os02g0329800,LOC_Os02g22380,"leaf mesophyll,leaf procambium,Leaf preprocambium",Leaf,XAX1,PCMDB
Os02g0330200,LOC_Os02g22480,"leaf mesophyll,mestome sheath,Leaf preprocambium",Leaf,OsXAT2,PCMDB
Os02g0331200,LOC_Os02g22650,"leaf mesophyll,mestome sheath,leaf procambium",Leaf,OJ1116_E03.25-1,PCMDB
Os02g0436400,LOC_Os02g24020,"leaf epidermis,leaf mesophyll",Leaf,DAPB1,PCMDB
Os02g0437200,LOC_Os02g24080,"leaf epidermis,leaf mesophyll,leaf procambium",Leaf,OsSNAP32,PCMDB
Os02g0439700,LOC_Os02g24330,"leaf epidermis,leaf mesophyll",Leaf,Os02g0439700,PCMDB
Os02g0440000,LOC_Os02g24354,leaf mesophyll,Leaf,LYSA,PCMDB
Os02g0448400,LOC_Os02g25060,"leaf epidermis,leaf mesophyll,mestome sheath,leaf procambium",Leaf,OsNTMC2T1.1,PCMDB
Os02g0452500,LOC_Os02g25580,"leaf epidermis,leaf mesophyll,leaf procambium",Leaf,Os02g0452500,PCMDB
Os02g0452601,LOC_Os02g25580,"leaf epidermis,leaf mesophyll,leaf procambium",Leaf,Os02g0452601,PCMDB
Os02g0455400,LOC_Os02g25780,"leaf epidermis,leaf mesophyll,mestome sheath",Leaf,Os02g0455400,PCMDB
Os02g0456800,LOC_Os02g25900,mestome sheath,Leaf,Os02g0456800,PCMDB
Os02g0462500,LOC_Os02g26404,leaf mesophyll,Leaf,Os02g0462500,PCMDB
Os02g0462800,LOC_Os02g26430,leaf procambium,Leaf,WRKY42,PCMDB
Os02g0465500,LOC_Os02g26660,"leaf epidermis,leaf mesophyll",Leaf,Os02g0465500,PCMDB
Os02g0465600,LOC_Os02g26670,leaf mesophyll,Leaf,Os02g0465600,PCMDB
Os02g0465900,LOC_Os02g26700,"leaf epidermis,mestome sheath",Leaf,OsARP,PCMDB
Os02g0466400,LOC_Os02g26720,"leaf mesophyll,leaf procambium",Leaf,OsITPK4,PCMDB
Os02g0467000,LOC_Os02g26770,"leaf mesophyll,mestome sheath",Leaf,OsC4H,PCMDB
Os02g0467200,LOC_Os02g26790,"leaf epidermis,mestome sheath,leaf procambium",Leaf,Os02g0467200,PCMDB
Os02g0467300,LOC_Os02g26794,"leaf epidermis,leaf mesophyll,mestome sheath,leaf procambium",Leaf,Os02g0467300,PCMDB
Os02g0467600,LOC_Os02g26810,"leaf epidermis,leaf mesophyll,mestome sheath",Leaf,C4H1,PCMDB
Os02g0467700,LOC_Os02g26814,leaf epidermis,Leaf,Os02g0467700,PCMDB
Os02g0468200,LOC_Os02g26850,leaf mesophyll,Leaf,Os02g0468200,PCMDB
Os02g0468400,LOC_Os02g26860,mestome sheath,Leaf,Os02g0468400,PCMDB
Os02g0469600,LOC_Os02g27030,"leaf epidermis,mestome sheath",Leaf,Os02g0469600,PCMDB
Os02g0471500,LOC_Os02g27220,"leaf epidermis,leaf mesophyll,mestome sheath,leaf procambium",Leaf,OsPP2C14,PCMDB
Os02g0475300,LOC_Os02g27480,"leaf epidermis,leaf mesophyll,mestome sheath,leaf procambium",Leaf,P0419C03.10-2,PCMDB
Os02g0477300,LOC_Os02g27594,leaf mesophyll,Leaf,Os02g0477300,PCMDB
Os02g0478600,LOC_Os02g27760,"leaf epidermis,leaf mesophyll,leaf procambium",Leaf,RPS15a,PCMDB
Os02g0480900,LOC_Os02g27950,"leaf epidermis,leaf mesophyll,leaf procambium",Leaf,P0519B12.23-1,PCMDB
Os02g0483500,LOC_Os02g28170,"leaf mesophyll,leaf procambium",Leaf,OsMaT-2,PCMDB
Os02g0484200,LOC_Os02g28220,"leaf epidermis,leaf mesophyll,leaf procambium,Mesophyll precursor",Leaf,OsMaT-1,PCMDB
Os02g0484900,LOC_Os02g28334,leaf mesophyll,Leaf,Os02g0484900,PCMDB
Os02g0488600,LOC_Os02g28720,"leaf epidermis,leaf mesophyll",Leaf,OsPUB8,PCMDB
Os02g0489400,LOC_Os02g28810,leaf mesophyll,Leaf,S8,PCMDB
Os02g0489550,LOC_Os02g28830,leaf mesophyll,Leaf,Os02g0489550,PCMDB
Os02g0491400,LOC_Os02g28980,"leaf epidermis,leaf mesophyll",Leaf,OsFKBP62c,PCMDB
Os02g0496100,LOC_Os02g29340,"leaf epidermis,leaf mesophyll,mestome sheath",Leaf,HSFA5,PCMDB
Os02g0498700,LOC_Os02g29530,"leaf mesophyll,mestome sheath",Leaf,Os02g0498700,PCMDB
Os02g0499000,LOC_Os02g29550,"leaf epidermis,leaf mesophyll,mestome sheath,leaf procambium",Leaf,OsERF#140,PCMDB
Os02g0503400,LOC_Os02g30050,"leaf epidermis,leaf mesophyll,mestome sheath",Leaf,OsRPL35,PCMDB
Os02g0504500,LOC_Os02g30180,"leaf epidermis,leaf mesophyll",Leaf,Os02g0504500,PCMDB
Os02g0504900,LOC_Os02g30210,"leaf epidermis,leaf mesophyll,mestome sheath,leaf procambium",Leaf,OsFbox091,PCMDB
Os02g0505400,LOC_Os02g30230,leaf procambium,Leaf,EXO70F2,PCMDB
Os02g0505500,LOC_Os02g30240,leaf mesophyll,Leaf,Os02g0505500,PCMDB
Os02g0506500,LOC_Os02g30310,mestome sheath,Leaf,Os02g0506500,PCMDB
Os02g0506600,LOC_Os02g30320,"leaf epidermis,leaf mesophyll,mestome sheath,leaf procambium",Leaf,Os02g0506600,PCMDB
Os02g0507100,LOC_Os02g30380,leaf mesophyll,Leaf,Os02g0507100,PCMDB
Os02g0507400,LOC_Os02g30410,"leaf epidermis,leaf mesophyll,leaf procambium,Mesophyll precursor",Leaf,P0047E05.32-1,PCMDB
Os02g0508000,LOC_Os02g30460,"leaf mesophyll,mestome sheath,leaf procambium",Leaf,Os02g0508000,PCMDB
Os02g0508100,LOC_Os02g30470,"leaf mesophyll,leaf procambium",Leaf,Os02g0508100,PCMDB
Os02g0510100,LOC_Os02g30624,"leaf epidermis,leaf mesophyll,mestome sheath,leaf procambium",Leaf,OsCYP-7,PCMDB
Os02g0510200,LOC_Os02g30630,"leaf epidermis,leaf mesophyll,leaf procambium,Mesophyll precursor",Leaf,ALS,PCMDB
Os02g0511500,LOC_Os02g30730,mestome sheath,Leaf,Os02g0511500,PCMDB
Os02g0512000,LOC_Os02g30810,"leaf epidermis,leaf mesophyll,mestome sheath,leaf procambium",Leaf,OsSAUR10,PCMDB
Os02g0514500,LOC_Os02g31030,"leaf epidermis,leaf mesophyll,mestome sheath",Leaf,Os02g0514500,PCMDB
Os02g0515200,LOC_Os02g31080,"leaf epidermis,leaf mesophyll,mestome sheath,leaf procambium",Leaf,OSJNBb0071O21.5-2,PCMDB
Os02g0515600,LOC_Os02g31100,"leaf epidermis,leaf mesophyll,mestome sheath",Leaf,Os02g0515600,PCMDB
Os02g0516400,LOC_Os02g31140,leaf epidermis,Leaf,CFL1,PCMDB
Os02g0517531,LOC_Os02g31290,"leaf mesophyll,leaf procambium",Leaf,ML4,PCMDB
Os02g0518000,LOC_Os02g31867,"leaf epidermis,leaf mesophyll,mestome sheath",Leaf,Os02g0518000,PCMDB
Os02g0518100,LOC_Os02g31874,"leaf epidermis,leaf mesophyll,mestome sheath",Leaf,Os02g0518100,PCMDB
Os02g0520100,LOC_Os02g32060,"leaf mesophyll,leaf procambium",Leaf,OsSTA61,PCMDB
Os02g0520750,LOC_Os02g32110,leaf epidermis,Leaf,Os02g0520750,PCMDB
Os02g0520800,LOC_Os02g32120,"leaf epidermis,leaf mesophyll,mestome sheath,leaf procambium",Leaf,Os02g0520800,PCMDB
Os02g0521100,LOC_Os02g32140,leaf mesophyll,Leaf,OsERF#107,PCMDB
Os02g0521300,LOC_Os02g32160,"leaf epidermis,leaf mesophyll,leaf procambium",Leaf,OsBON1,PCMDB
Os02g0522300,LOC_Os02g32250,"leaf epidermis,leaf mesophyll,mestome sheath,leaf procambium",Leaf,Os02g0522300,PCMDB
Os02g0523500,LOC_Os02g32350,"leaf mesophyll,mestome sheath",Leaf,OsTSN,PCMDB
Os02g0523800,LOC_Os02g32370,leaf mesophyll,Leaf,OsIPK2,PCMDB
Os02g0525100,LOC_Os02g32450,"leaf epidermis,leaf mesophyll,mestome sheath,leaf procambium",Leaf,Os02g0525100,PCMDB
Os02g0525600,LOC_Os02g32469,"leaf mesophyll,leaf epidermis,mestome sheath,leaf procambium",Leaf,Os02g0525600,PCMDB
Os02g0525900,LOC_Os02g32490,mestome sheath,Leaf,Os02g0525900,PCMDB
Os02g0526400,LOC_Os02g32520,"leaf epidermis,leaf mesophyll,mestome sheath",Leaf,ClpD1,PCMDB
Os02g0527200,LOC_Os02g32580,"leaf epidermis,leaf mesophyll,mestome sheath,leaf procambium",Leaf,Os02g0527200,PCMDB
Os02g0527300,LOC_Os02g32590,"leaf mesophyll,leaf procambium",Leaf,HSFA3,PCMDB
Os02g0527600,LOC_Os02g32610,leaf procambium,Leaf,OsCTR2,PCMDB
Os02g0529400,LOC_Os02g32730,leaf procambium,Leaf,OsNIN3,PCMDB
Os02g0529600,LOC_Os02g32750,"leaf epidermis,leaf mesophyll",Leaf,OsGT2,PCMDB
Os02g0529700,LOC_Os02g32760,"leaf epidermis,leaf mesophyll,leaf procambium",Leaf,Os02g0529700,PCMDB
Os02g0530100,LOC_Os02g32814,"leaf epidermis,Leaf preprocambium",Leaf,OsATX1,PCMDB
Os02g0530300,LOC_Os02g32840,"leaf mesophyll,mestome sheath",Leaf,OsSAP5,PCMDB
Os02g0532300,LOC_Os02g32970,"leaf epidermis,leaf mesophyll,mestome sheath,leaf procambium",Leaf,P0605D08.22-2,PCMDB
Os02g0532500,LOC_Os02g32980,"leaf mesophyll,leaf procambium",Leaf,OsGLP2-1,PCMDB
Os02g0532800,LOC_Os02g32990,leaf mesophyll,Leaf,Os02g0532800,PCMDB
Os02g0532900,LOC_Os02g33000,"leaf epidermis,mestome sheath,leaf procambium",Leaf,Os02g0532900,PCMDB
Os02g0533700,LOC_Os02g33060,"leaf epidermis,leaf mesophyll,mestome sheath,leaf procambium",Leaf,Os02g0533700,PCMDB
Os02g0533800,LOC_Os02g33070,"leaf epidermis,leaf mesophyll,mestome sheath,leaf procambium",Leaf,Os02g0533800,PCMDB
Os02g0533900,LOC_Os02g33080,"leaf epidermis,leaf mesophyll,leaf procambium",Leaf,OsCPA1,PCMDB
Os02g0534400,LOC_Os02g33110,"leaf epidermis,mestome sheath",Leaf,OSCIN1,PCMDB
Os02g0534800,LOC_Os02g33140,"leaf epidermis,leaf mesophyll,leaf procambium",Leaf,Os02g0534800,PCMDB
Os02g0535000,LOC_Os02g33149,leaf mesophyll,Leaf,Os02g0535000,PCMDB
Os02g0535400,LOC_Os02g33180,"leaf epidermis,leaf mesophyll,mestome sheath",Leaf,RAR1,PCMDB
Os02g0535700,LOC_Os02g33230,leaf epidermis,Leaf,Os02g0535700,PCMDB
Os02g0536500,LOC_Os02g33330,mestome sheath,Leaf,Os02g0536500,PCMDB
Os02g0537400,LOC_Os02g33420,leaf mesophyll,Leaf,Os02g0537400,PCMDB
Os02g0537500,LOC_Os02g33430,mestome sheath,Leaf,OsE2F1,PCMDB
Os02g0537700,LOC_Os02g33450,"leaf epidermis,leaf mesophyll,mestome sheath,leaf procambium",Leaf,OsPRX2,PCMDB
Os02g0538700,LOC_Os02g33550,"leaf epidermis,leaf mesophyll,mestome sheath,leaf procambium",Leaf,Os02g0538700,PCMDB
Os02g0539100,LOC_Os02g33580,leaf mesophyll,Leaf,Os02g0539100,PCMDB
Os02g0539200,LOC_Os02g33590,"leaf mesophyll,mestome sheath",Leaf,OsPUB33,PCMDB
Os02g0540700,LOC_Os02g33680,mestome sheath,Leaf,OsPUB45,PCMDB
Os02g0541300,LOC_Os02g33710,"leaf epidermis,leaf mesophyll,mestome sheath,leaf procambium",Leaf,Os02g0541300,PCMDB
Os02g0541325,LOC_Os02g33710,"leaf epidermis,leaf mesophyll,mestome sheath,leaf procambium",Leaf,Os02g0541325,PCMDB
Os02g0542400,LOC_Os02g33770,"leaf epidermis,leaf mesophyll,leaf procambium",Leaf,Os02g0542400,PCMDB
Os02g0543000,LOC_Os02g33820,"leaf mesophyll,leaf epidermis,mestome sheath,leaf procambium",Leaf,OsAsr1,PCMDB
Os02g0548700,LOC_Os02g34410,"leaf mesophyll,mestome sheath",Leaf,OsPUB43,PCMDB
Os02g0549200,LOC_Os02g34430,"leaf epidermis,mestome sheath",Leaf,OsRLCK73,PCMDB
Os02g0549600,LOC_Os02g34460,leaf mesophyll,Leaf,RPS10a,PCMDB
Os02g0550100,LOC_Os02g34510,"leaf epidermis,leaf mesophyll,leaf procambium",Leaf,Os02g0550100,PCMDB
Os02g0550600,LOC_Os02g34560,"leaf epidermis,leaf mesophyll,mestome sheath,leaf procambium",Leaf,OsNIN8,PCMDB
Os02g0550800,LOC_Os02g34580,leaf procambium,Leaf,OsAMT3,PCMDB
Os02g0551700,LOC_Os02g34650,"leaf epidermis,leaf mesophyll,mestome sheath,leaf procambium",Leaf,Os02g0551700,PCMDB
Os02g0551900,LOC_Os02g34680,leaf mesophyll,Leaf,Os02g0551900,PCMDB
Os02g0553200,LOC_Os02g34810,"leaf mesophyll,leaf procambium",Leaf,APX8,PCMDB
Os02g0554100,LOC_Os02g34860,leaf epidermis,Leaf,Os02g0554100,PCMDB
Os02g0554300,LOC_Os02g34884,"leaf epidermis,leaf mesophyll,leaf procambium",Leaf,Os02g0554300,PCMDB
Os02g0555900,LOC_Os02g35010,leaf procambium,Leaf,Os02g0555900,PCMDB
Os02g0556100,LOC_Os02g35039,"leaf epidermis,mestome sheath",Leaf,Os02g0556100,PCMDB
Os02g0556800,LOC_Os02g35090,"leaf mesophyll,Mesophyll precursor",Leaf,Os02g0556800,PCMDB
Os02g0557100,LOC_Os02g35130,leaf mesophyll,Leaf,Os02g0557100,PCMDB
Os02g0557300,LOC_Os02g35144,"leaf epidermis,leaf mesophyll,leaf procambium",Leaf,Os02g0557300,PCMDB
Os02g0557600,LOC_Os02g35160,leaf procambium,Leaf,Os02g0557600,PCMDB
Os02g0557700,LOC_Os02g35170,"leaf epidermis,leaf mesophyll",Leaf,Os02g0557700,PCMDB
Os02g0558300,LOC_Os02g35200,"leaf mesophyll,leaf procambium",Leaf,Os02g0558300,PCMDB
Os02g0558500,LOC_Os02g35220,"leaf mesophyll,leaf procambium",Leaf,Os02g0558500,PCMDB
Os02g0559800,LOC_Os02g35329,"leaf epidermis,leaf mesophyll,mestome sheath",Leaf,EL5,PCMDB
Os02g0562400,LOC_Os02g35480,leaf epidermis,Leaf,Os02g0562400,PCMDB
Os02g0562600,LOC_Os02g35490,leaf mesophyll,Leaf,OsMLO10,PCMDB
Os02g0562700,LOC_Os02g35500,"leaf epidermis,leaf mesophyll",Leaf,OsGLYR1,PCMDB
Os02g0564500,LOC_Os02g35640,"leaf epidermis,leaf mesophyll,leaf procambium",Leaf,Os02g0564500,PCMDB
Os02g0565000,LOC_Os02g35690,leaf epidermis,Leaf,Os02g0565000,PCMDB
Os02g0565200,LOC_Os02g35720,leaf epidermis,Leaf,Os02g0565200,PCMDB
Os02g0565600,LOC_Os02g35770,"leaf epidermis,leaf mesophyll,mestome sheath,leaf procambium",Leaf,Oshox7,PCMDB
Os02g0566700,LOC_Os02g35860,"leaf mesophyll,leaf procambium",Leaf,Os02g0566700,PCMDB
Os02g0567100,LOC_Os02g35900,leaf mesophyll,Leaf,Os02g0567100,PCMDB
Os02g0567200,LOC_Os02g35910,leaf mesophyll,Leaf,OsPP2C15,PCMDB
Os02g0567800,LOC_Os02g35940,"leaf mesophyll,leaf procambium,Mesophyll precursor",Leaf,Os02g0567800,PCMDB
Os02g0567900,LOC_Os02g35950,mestome sheath,Leaf,Os02g0567900,PCMDB
Os02g0570500,LOC_Os02g36150,vascular leaf,Leaf,Oscyp71Z6,PCMDB
Os02g0572400,LOC_Os02g36340,"leaf epidermis,leaf mesophyll,mestome sheath,leaf procambium",Leaf,RIBA2,PCMDB
Os02g0574900,LOC_Os02g36520,leaf procambium,Leaf,OsFbox098,PCMDB
Os02g0575000,LOC_Os02g36530,"leaf epidermis,leaf procambium",Leaf,Os02g0575000,PCMDB
Os02g0575200,LOC_Os02g36550,"leaf epidermis,leaf mesophyll,mestome sheath,leaf procambium",Leaf,Os02g0575200,PCMDB
Os02g0576700,LOC_Os02g36710,leaf mesophyll,Leaf,OsNAPL6,PCMDB
Os02g0578300,LOC_Os02g36840,leaf procambium,Leaf,Os02g0578300,PCMDB
Os02g0578800,LOC_Os02g36870,"leaf epidermis,leaf mesophyll,leaf procambium",Leaf,Os02g0578800,PCMDB
Os02g0579000,LOC_Os02g36880,"leaf epidermis,leaf procambium",Leaf,OMTN1,PCMDB
Os02g0579300,LOC_Os02g36890,"leaf epidermis,leaf mesophyll",Leaf,Os02g0579300,PCMDB
Os02g0579800,LOC_Os02g36940,"leaf epidermis,leaf mesophyll",Leaf,OsFWL2,PCMDB
Os02g0580300,LOC_Os02g36974,"leaf epidermis,leaf mesophyll,mestome sheath,leaf procambium",Leaf,GF14E,PCMDB
Os02g0580400,LOC_Os02g36990,"leaf epidermis,leaf mesophyll,Mesophyll precursor",Leaf,Os02g0580400,PCMDB
Os02g0580800,LOC_Os02g37030,"leaf epidermis,leaf mesophyll,mestome sheath",Leaf,Os02g0580800,PCMDB
Os02g0581100,LOC_Os02g37060,"leaf epidermis,leaf mesophyll,mestome sheath,leaf procambium,Mesophyll precursor",Leaf,Os02g0581100,PCMDB
Os02g0582100,LOC_Os02g37120,leaf epidermis,Leaf,Os02g0582100,PCMDB
Os02g0582800,LOC_Os02g37180,"leaf mesophyll,mestome sheath,leaf procambium",Leaf,Os02g0582800,PCMDB
Os02g0583900,LOC_Os02g37254,"leaf epidermis,leaf mesophyll,leaf procambium",Leaf,Os02g0583900,PCMDB
Os02g0584700,LOC_Os02g37290,"leaf mesophyll,mestome sheath,Leaf preprocambium",Leaf,Os02g0584700,PCMDB
Os02g0584800,LOC_Os02g37300,"mestome sheath,leaf procambium",Leaf,Os02g0584800,PCMDB
Os02g0585100,LOC_Os02g37320,"mestome sheath,leaf procambium",Leaf,Os02g0585100,PCMDB
Os02g0585200,LOC_Os02g37330,"leaf mesophyll,mestome sheath,leaf procambium",Leaf,Os02g0585200,PCMDB
Os02g0586400,LOC_Os02g37420,"leaf epidermis,leaf mesophyll",Leaf,OsRab2A2,PCMDB
Os02g0586500,LOC_Os02g37430,"leaf epidermis,leaf mesophyll,mestome sheath,leaf procambium",Leaf,Os02g0586500,PCMDB
Os02g0586800,LOC_Os02g37470,"leaf mesophyll,leaf procambium",Leaf,Os02g0586800,PCMDB
Os02g0586900,LOC_Os02g37480,"leaf epidermis,leaf mesophyll,mestome sheath,leaf procambium",Leaf,OsEnS-40,PCMDB
Os02g0587000,LOC_Os02g37490,"leaf epidermis,leaf mesophyll,mestome sheath,leaf procambium",Leaf,Os02g0587000,PCMDB
Os02g0588500,LOC_Os02g37590,leaf mesophyll,Leaf,OSJNBb0046O12.20,PCMDB
Os02g0590800,LOC_Os02g37830,"leaf epidermis,leaf mesophyll,mestome sheath,leaf procambium",Leaf,OsNek6,PCMDB
Os02g0591700,LOC_Os02g37862,"leaf epidermis,leaf mesophyll",Leaf,Os02g0591700,PCMDB
Os02g0591900,LOC_Os02g37880,mestome sheath,Leaf,OSJNBa0016G10.6-2,PCMDB
Os02g0592400,LOC_Os02g37930,leaf mesophyll,Leaf,OsHIGD4,PCMDB
Os02g0592500,LOC_Os02g37940,"leaf epidermis,leaf mesophyll,mestome sheath",Leaf,Os02g0592500,PCMDB
Os02g0593700,LOC_Os02g38050,"leaf epidermis,leaf mesophyll,mestome sheath",Leaf,Os02g0593700,PCMDB
Os02g0593900,LOC_Os02g38060,"leaf epidermis,leaf mesophyll,leaf procambium",Leaf,Os02g0593900,PCMDB
Os02g0594100,LOC_Os02g38080,mestome sheath,Leaf,Os02g0594100,PCMDB
Os02g0594900,LOC_Os02g38140,leaf epidermis,Leaf,Os02g0594900,PCMDB
Os02g0595100,LOC_Os02g38160,"leaf epidermis,leaf mesophyll",Leaf,Os02g0595100,PCMDB
Os02g0595400,LOC_Os02g38190,mestome sheath,Leaf,Os02g0595400,PCMDB
Os02g0595700,LOC_Os02g38210,"leaf epidermis,leaf mesophyll,mestome sheath,leaf procambium,Mesophyll precursor",Leaf,tufA,PCMDB
Os02g0595900,LOC_Os02g38230,leaf procambium,Leaf,NAR2.1,PCMDB
Os02g0596000,LOC_Os02g38240,leaf mesophyll,Leaf,OsStr1,PCMDB
Os02g0596500,LOC_Os02g38300,"leaf epidermis,leaf mesophyll,mestome sheath,leaf procambium",Leaf,Os02g0596500,PCMDB
Os02g0596900,LOC_Os02g38340,leaf mesophyll,Leaf,ARP3,PCMDB
Os02g0597200,LOC_Os02g38386,"leaf mesophyll,mestome sheath",Leaf,Os02g0597200,PCMDB
Os02g0597300,LOC_Os02g38392,"leaf epidermis,leaf mesophyll,leaf procambium",Leaf,Os02g0597300,PCMDB
Os02g0597700,LOC_Os02g38410,leaf epidermis,Leaf,Os02g0597700,PCMDB
Os02g0597900,LOC_Os02g38440,"leaf mesophyll,leaf procambium",Leaf,Os02g0597900,PCMDB
Os02g0598300,LOC_Os02g38480,leaf procambium,Leaf,Os02g0598300,PCMDB
Os02g0600200,LOC_Os02g38820,"leaf mesophyll,leaf procambium",Leaf,OJ1791_B03.17-1,PCMDB
Os02g0600400,LOC_Os02g38840,"leaf mesophyll,mestome sheath,leaf procambium",Leaf,OsG6PDH1,PCMDB
Os02g0601300,LOC_Os02g38920,leaf mesophyll,Leaf,OsGapC1,PCMDB
Os02g0601800,LOC_Os02g38980,"leaf epidermis,leaf mesophyll,mestome sheath,leaf procambium",Leaf,OJ1791_B03.42-2,PCMDB
Os02g0602000,LOC_Os02g39000,leaf mesophyll,Leaf,OsREM6.5,PCMDB
Os02g0602100,LOC_Os02g39010,leaf mesophyll,Leaf,OsMSRPK1,PCMDB
Os02g0602800,LOC_Os02g39070,leaf mesophyll,Leaf,Os02g0602800,PCMDB
Os02g0603600,LOC_Os02g39140,leaf mesophyll,Leaf,OsbHLH110,PCMDB
Os02g0603800,LOC_Os02g39160,"leaf epidermis,leaf mesophyll",Leaf,OsHDS,PCMDB
Os02g0604100,LOC_Os02g39180,"leaf epidermis,leaf mesophyll,mestome sheath",Leaf,Os02g0604100,PCMDB
Os02g0604300,LOC_Os02g39200,"leaf epidermis,leaf mesophyll,leaf procambium",Leaf,CSTLP5,PCMDB
Os02g0605500,LOC_Os02g39290,"leaf mesophyll,mestome sheath,leaf procambium",Leaf,Os02g0605500,PCMDB
Os02g0605600,LOC_Os02g39300,"leaf mesophyll,leaf procambium",Leaf,Os02g0605600,PCMDB
Os02g0605900,LOC_Os02g39330,leaf mesophyll,Leaf,Cht6,PCMDB
Os02g0606200,LOC_Os02g39360,"leaf mesophyll,leaf procambium,Mesophyll precursor",Leaf,OsBBX4,PCMDB
Os02g0606700,LOC_Os02g39390,"leaf mesophyll,leaf procambium",Leaf,RSS1,PCMDB
Os02g0606800,LOC_Os02g39400,leaf mesophyll,Leaf,OsNIC,PCMDB
Os02g0608200,LOC_Os02g39530,leaf mesophyll,Leaf,Os02g0608200,PCMDB
Os02g0608400,LOC_Os02g39550,mestome sheath,Leaf,Os02g0608400,PCMDB
Os02g0608550,LOC_Os02g39570,"leaf mesophyll,mestome sheath,leaf procambium",Leaf,Os02g0608550,PCMDB
Os02g0608600,LOC_Os02g39570,"leaf mesophyll,mestome sheath,leaf procambium",Leaf,Os02g0608600,PCMDB
Os02g0608700,LOC_Os02g39580,"leaf epidermis,leaf mesophyll,mestome sheath,leaf procambium",Leaf,Os02g0608700,PCMDB
Os02g0609400,LOC_Os02g39630,"leaf epidermis,leaf mesophyll,mestome sheath,leaf procambium",Leaf,Os02g0609400,PCMDB
Os02g0610500,LOC_Os02g39710,leaf mesophyll,Leaf,OsCOL4,PCMDB
Os02g0610600,LOC_Os02g39720,"leaf epidermis,leaf mesophyll",Leaf,RSZ23,PCMDB
Os02g0610700,LOC_Os02g39730,"leaf mesophyll,mestome sheath",Leaf,OJ1476_F05.21-1,PCMDB
Os02g0611200,LOC_Os02g39790,"leaf mesophyll,leaf procambium",Leaf,SAMDC2,PCMDB
Os02g0611450,LOC_Os02g39830,"leaf epidermis,leaf mesophyll,leaf procambium",Leaf,Os02g0611450,PCMDB
Os02g0612300,LOC_Os02g39890,leaf epidermis,Leaf,du3,PCMDB
Os02g0612700,LOC_Os02g39910,mestome sheath,Leaf,OJ1004_A05.32,PCMDB
Os02g0612800,LOC_Os02g39920,"leaf mesophyll,leaf procambium",Leaf,BIP135,PCMDB
Os02g0612900,LOC_Os02g39930,"leaf epidermis,leaf mesophyll,mestome sheath,leaf procambium",Leaf,OJ1004_A05.35,PCMDB
Os02g0613000,LOC_Os02g39950,leaf mesophyll,Leaf,Os02g0613000,PCMDB
Os02g0613200,LOC_Os02g39970,leaf mesophyll,Leaf,OJ1004_A05.39,PCMDB
Os02g0613600,LOC_Os02g40000,leaf epidermis,Leaf,Os02g0613600,PCMDB
Os02g0614200,LOC_Os02g40040,leaf mesophyll,Leaf,Os02g0614200,PCMDB
Os02g0614400,LOC_Os02g40080,"leaf epidermis,leaf mesophyll,mestome sheath",Leaf,Os02g0614400,PCMDB
Os02g0614700,LOC_Os02g40110,mestome sheath,Leaf,Os02g0614700,PCMDB
Os02g0614800,LOC_Os02g40110,mestome sheath,Leaf,Os02g0614800,PCMDB
Os02g0616100,LOC_Os02g40260,"leaf epidermis,leaf mesophyll,mestome sheath,leaf procambium",Leaf,Os02g0616100,PCMDB
Os02g0616600,LOC_Os02g40330,leaf mesophyll,Leaf,Os02g0616600,PCMDB
Os02g0618100,LOC_Os02g40500,"leaf epidermis,leaf mesophyll,leaf procambium",Leaf,OsGRX9,PCMDB
Os02g0618200,LOC_Os02g40510,leaf mesophyll,Leaf,OsPRR1,PCMDB
Os02g0618250,LOC_Os02g40514,"leaf epidermis,leaf mesophyll,leaf procambium",Leaf,Os02g0618250,PCMDB
Os02g0619600,LOC_Os02g40664,leaf mesophyll,Leaf,OsRFPH2-15,PCMDB
Os02g0620100,LOC_Os02g40680,leaf mesophyll,Leaf,Os02g0620100,PCMDB
Os02g0620400,LOC_Os02g40700,"leaf mesophyll,leaf procambium",Leaf,Os02g0620400,PCMDB
Os02g0621300,LOC_Os02g40784,"leaf epidermis,leaf mesophyll",Leaf,OsCER1,PCMDB
Os02g0621500,LOC_Os02g40810,leaf epidermis,Leaf,Os02g0621500,PCMDB
Os02g0621600,LOC_Os02g40820,leaf epidermis,Leaf,Os02g0621600,PCMDB
Os02g0621700,LOC_Os02g40830,leaf mesophyll,Leaf,Os02g0621700,PCMDB
Os02g0621800,LOC_Os02g40840,"leaf epidermis,leaf mesophyll,leaf procambium",Leaf,HWH1,PCMDB
Os02g0622100,LOC_Os02g40860,"leaf epidermis,leaf mesophyll,leaf procambium",Leaf,HBD2,PCMDB
Os02g0622300,LOC_Os02g40880,"leaf epidermis,leaf mesophyll,leaf procambium",Leaf,OsRPL14,PCMDB
Os02g0622500,LOC_Os02g40900,leaf mesophyll,Leaf,Os02g0622500,PCMDB
Os02g0623400,LOC_Os02g41460,leaf mesophyll,Leaf,OsG1L3,PCMDB
Os02g0623500,LOC_Os02g41470,leaf mesophyll,Leaf,Os02g0623500,PCMDB
Os02g0623932,LOC_Os02g41500,"leaf mesophyll,mestome sheath,leaf procambium",Leaf,Os02g0623932,PCMDB
Os02g0624100,LOC_Os02g41500,"leaf mesophyll,mestome sheath,leaf procambium",Leaf,Os02g0624100,PCMDB
Os02g0624300,LOC_Os02g41510,"leaf mesophyll,leaf procambium",Leaf,OsMYB30,PCMDB
Os02g0624400,LOC_Os02g41520,"leaf mesophyll,leaf procambium",Leaf,Os02g0624400,PCMDB
Os02g0625300,LOC_Os02g41580,leaf procambium,Leaf,OsPPCK2,PCMDB
Os02g0625500,LOC_Os02g41590,"leaf epidermis,leaf mesophyll,mestome sheath,leaf procambium",Leaf,Os02g0625500,PCMDB
Os02g0626100,LOC_Os02g41630,"leaf epidermis,mestome sheath",Leaf,OsPAL,PCMDB
Os02g0626400,LOC_Os02g41650,"leaf epidermis,leaf mesophyll",Leaf,OsPAL,PCMDB
Os02g0626600,LOC_Os02g41670,"leaf mesophyll,Leaf preprocambium",Leaf,OsPAL05,PCMDB
Os02g0627100,LOC_Os02g41680,"leaf procambium,Leaf preprocambium",Leaf,OsPAL1,PCMDB
Os02g0628600,LOC_Os02g41800,leaf mesophyll,Leaf,OsARF8,PCMDB
Os02g0628800,LOC_Os02g41820,"leaf mesophyll,leaf procambium",Leaf,Os02g0628800,PCMDB
Os02g0629000,LOC_Os02g41840,"leaf mesophyll,leaf procambium",Leaf,Os02g0629000,PCMDB
Os02g0629200,LOC_Os02g41860,"leaf mesophyll,mestome sheath,leaf procambium,Mesophyll precursor",Leaf,OsPIP2,PCMDB
Os02g0629800,LOC_Os02g41904,"leaf epidermis,leaf mesophyll",Leaf,CAL1,PCMDB
Os02g0630300,LOC_Os02g41954,"leaf epidermis,leaf mesophyll,mestome sheath,leaf procambium",Leaf,OsGA2ox9,PCMDB
Os02g0631000,LOC_Os02g41990,mestome sheath,Leaf,Os02g0631000,PCMDB
Os02g0631100,LOC_Os02g42000,leaf epidermis,Leaf,Os02g0631100,PCMDB
Os02g0631200,LOC_Os02g42020,"leaf procambium,Leaf preprocambium",Leaf,B1250G12.9-1,PCMDB
Os02g0631500,LOC_Os02g42040,leaf mesophyll,Leaf,Os02g0631500,PCMDB
Os02g0631601,LOC_Os02g42040,leaf mesophyll,Leaf,Os02g0631601,PCMDB
Os02g0633300,LOC_Os02g42220,leaf epidermis,Leaf,OsYSL14,PCMDB
Os02g0633400,LOC_Os02g42230,"leaf epidermis,leaf mesophyll,leaf procambium",Leaf,RPA2B,PCMDB
Os02g0634500,LOC_Os02g42290,"leaf epidermis,leaf mesophyll,mestome sheath,leaf procambium",Leaf,OsCLP3,PCMDB
Os02g0634700,LOC_Os02g42310,"leaf mesophyll,leaf procambium,Mesophyll precursor",Leaf,OsSCP8,PCMDB
Os02g0634800,LOC_Os02g42314,"leaf epidermis,mestome sheath",Leaf,UBC,PCMDB
Os02g0634900,LOC_Os02g42320,"leaf epidermis,leaf mesophyll,mestome sheath,leaf procambium",Leaf,PAB2,PCMDB
Os02g0635200,LOC_Os02g42350,leaf epidermis,Leaf,NIT1,PCMDB
Os02g0635700,LOC_Os02g42374,"leaf epidermis,leaf mesophyll,mestome sheath,leaf procambium",Leaf,Os02g0635700,PCMDB
Os02g0636700,LOC_Os02g42440,"leaf epidermis,leaf mesophyll,leaf procambium",Leaf,Os02g0636700,PCMDB
Os02g0637000,LOC_Os02g42450,"leaf epidermis,leaf mesophyll,mestome sheath",Leaf,Os02g0637000,PCMDB
Os02g0637700,LOC_Os02g42520,"leaf mesophyll,leaf procambium",Leaf,OJ1581_H09.28-1,PCMDB
Os02g0637900,LOC_Os02g42540,leaf epidermis,Leaf,Os02g0637900,PCMDB
Os02g0638200,LOC_Os02g42560,leaf mesophyll,Leaf,Os02g0638200,PCMDB
Os02g0638300,LOC_Os02g42570,leaf mesophyll,Leaf,Os02g0638300,PCMDB
Os02g0638650,LOC_Os02g42585,"leaf mesophyll,leaf procambium",Leaf,OsERF#141,PCMDB
Os02g0638900,LOC_Os02g42590,"leaf epidermis,mestome sheath",Leaf,OsWD40-47,PCMDB
Os02g0639000,LOC_Os02g42600,"leaf epidermis,leaf mesophyll",Leaf,LMS,PCMDB
Os02g0639800,LOC_Os02g42690,"leaf epidermis,leaf mesophyll",Leaf,OsRDCP2,PCMDB
Os02g0639900,LOC_Os02g42700,"leaf epidermis,leaf mesophyll,mestome sheath,leaf procambium",Leaf,OsTRXM1,PCMDB
Os02g0640000,LOC_Os02g42710,leaf mesophyll,Leaf,Os02g0640000,PCMDB
Os02g0640300,LOC_Os02g42740,"leaf epidermis,leaf mesophyll,mestome sheath,leaf procambium",Leaf,Os02g0640300,PCMDB
Os02g0642300,LOC_Os02g42890,"leaf epidermis,leaf mesophyll,leaf procambium",Leaf,Os02g0642300,PCMDB
Os02g0643000,LOC_Os02g42940,leaf epidermis,Leaf,Os02g0643000,PCMDB
Os02g0643500,LOC_Os02g42960,leaf mesophyll,Leaf,Os02g0643500,PCMDB
Os02g0643800,LOC_Os02g42990,"leaf epidermis,leaf mesophyll,mestome sheath,leaf procambium",Leaf,OsSAUR11,PCMDB
Os02g0644000,LOC_Os02g43010,leaf epidermis,Leaf,OsVPE3,PCMDB
Os02g0644100,LOC_Os02g43020,leaf epidermis,Leaf,Os02g0644100,PCMDB
Os02g0646200,LOC_Os02g43170,leaf mesophyll,Leaf,OsBBX6,PCMDB
Os02g0646400,LOC_Os02g43180,"leaf mesophyll,leaf procambium",Leaf,OsGRX10,PCMDB
Os02g0647900,LOC_Os02g43280,leaf mesophyll,Leaf,OsALDH3E2,PCMDB
Os02g0648100,LOC_Os02g43290,leaf mesophyll,Leaf,OsRLCK79,PCMDB
Os02g0649800,LOC_Os02g43360,leaf mesophyll,Leaf,Os02g0649800,PCMDB
Os02g0650500,LOC_Os02g43430,"leaf epidermis,leaf mesophyll",Leaf,OsRLCK80,PCMDB
Os02g0651500,LOC_Os02g43519,leaf mesophyll,Leaf,Os02g0651500,PCMDB
Os02g0652300,LOC_Os02g43590,"leaf epidermis,mestome sheath",Leaf,Os02g0652300,PCMDB
Os02g0652600,LOC_Os02g43600,"leaf epidermis,leaf mesophyll,mestome sheath,leaf procambium,Mesophyll precursor",Leaf,Os02g0652600,PCMDB
Os02g0653200,LOC_Os02g43660,mestome sheath,Leaf,OsUCL4,PCMDB
Os02g0653400,LOC_Os02g43670,"leaf epidermis,leaf mesophyll,mestome sheath",Leaf,Os02g0653400,PCMDB
Os02g0653800,LOC_Os02g43690,leaf mesophyll,Leaf,OsRab1C3,PCMDB
Os02g0653900,LOC_Os02g43700,"leaf epidermis,leaf mesophyll,mestome sheath,Leaf preprocambium",Leaf,OsDAD1,PCMDB
Os02g0654100,LOC_Os02g43720,"leaf mesophyll,leaf procambium",Leaf,Os02g0654100,PCMDB
Os02g0654500,LOC_Os02g43760,leaf epidermis,Leaf,Os02g0654500,PCMDB
Os02g0654600,LOC_Os02g43770,leaf mesophyll,Leaf,Os02g0654600,PCMDB
Os02g0654700,LOC_Os02g43790,leaf mesophyll,Leaf,ERF91,PCMDB
Os02g0655200,LOC_Os02g43820,leaf mesophyll,Leaf,ERF95,PCMDB
Os02g0655300,LOC_Os02g43830,"leaf mesophyll,leaf procambium,Mesophyll precursor",Leaf,Os02g0655300,PCMDB
Os02g0655600,LOC_Os02g43850,"leaf epidermis,leaf mesophyll,mestome sheath,leaf procambium",Leaf,Os02g0655600,PCMDB
Os02g0655800,LOC_Os02g43870,leaf mesophyll,Leaf,Os02g0655800,PCMDB
Os02g0656100,LOC_Os02g43900,"leaf mesophyll,mestome sheath,leaf procambium",Leaf,Os02g0656100,PCMDB
Os02g0656500,LOC_Os02g43930,mestome sheath,Leaf,OsDjA1,PCMDB
Os02g0657700,LOC_Os02g44010,leaf mesophyll,Leaf,Os02g0657700,PCMDB
Os02g0658200,LOC_Os02g44090,"leaf epidermis,leaf mesophyll",Leaf,Os02g0658200,PCMDB
Os02g0661000,LOC_Os02g44220,mestome sheath,Leaf,Os02g0661000,PCMDB
Os02g0662100,LOC_Os02g44320,"leaf epidermis,leaf mesophyll,mestome sheath,leaf procambium,Mesophyll precursor",Leaf,OsHyPRP02,PCMDB
Os02g0664000,LOC_Os02g44500,"leaf mesophyll,leaf procambium",Leaf,OsGpx3,PCMDB
Os02g0664300,LOC_Os02g44520,leaf mesophyll,Leaf,OsSub19,PCMDB
Os02g0664700,LOC_Os02g44540,"leaf epidermis,leaf mesophyll",Leaf,P0461B08.8-1,PCMDB
Os02g0666200,LOC_Os02g44630,"leaf mesophyll,mestome sheath,leaf procambium",Leaf,OsPIP1a,PCMDB
Os02g0668100,LOC_Os02g44780,mestome sheath,Leaf,OsGGPPS2,PCMDB
Os02g0668500,LOC_Os02g44820,"leaf epidermis,leaf mesophyll,mestome sheath,leaf procambium",Leaf,P0684A08.3-1,PCMDB
Os02g0669000,LOC_Os02g44860,"leaf epidermis,leaf mesophyll,Leaf preprocambium",Leaf,OsGELP42,PCMDB
Os02g0669100,LOC_Os02g44870,"leaf epidermis,leaf mesophyll,mestome sheath,leaf procambium",Leaf,LIP9,PCMDB
Os02g0670500,LOC_Os02g44940,"leaf mesophyll,leaf procambium",Leaf,OsRALF-8,PCMDB
Os02g0670900,LOC_Os02g44980,leaf mesophyll,Leaf,OsANT3,PCMDB
Os02g0671100,LOC_Os02g44990,"leaf epidermis,leaf mesophyll,leaf procambium",Leaf,MAIF1,PCMDB
Os02g0671200,LOC_Os02g45000,leaf mesophyll,Leaf,Os_F0676,PCMDB
Os02g0671800,LOC_Os02g45040,leaf mesophyll,Leaf,Os02g0671800,PCMDB
Os02g0672700,LOC_Os02g45120,"leaf epidermis,leaf mesophyll,leaf procambium",Leaf,Os02g0672700,PCMDB
Os02g0673600,LOC_Os02g45180,leaf epidermis,Leaf,Os02g0673600,PCMDB
Os02g0673700,LOC_Os02g45200,leaf mesophyll,Leaf,OsDof2,PCMDB
Os02g0674233,LOC_Os02g45225,mestome sheath,Leaf,P0657H12.23,PCMDB
Os02g0674800,LOC_Os02g45250,"bulliform cell,leaf mesophyll,leaf procambium",Leaf,Roc5(t),PCMDB
Os02g0675800,LOC_Os02g45320,"leaf epidermis,leaf mesophyll",Leaf,OsFbox105,PCMDB
Os02g0676000,LOC_Os02g45344,leaf epidermis,Leaf,Os02g0676000,PCMDB
Os02g0676400,LOC_Os02g45380,"leaf mesophyll,mestome sheath,leaf procambium",Leaf,Os02g0676400,PCMDB
Os02g0676500,LOC_Os02g45390,leaf mesophyll,Leaf,OsRFPH2-2,PCMDB
Os02g0676800,LOC_Os02g45420,"leaf epidermis,leaf mesophyll,mestome sheath",Leaf,OsERF#020,PCMDB
Os02g0677600,LOC_Os02g45460,leaf mesophyll,Leaf,Os02g0677600,PCMDB
Os02g0677700,LOC_Os02g45480,"leaf mesophyll,leaf procambium",Leaf,OsC3H17,PCMDB
Os02g0678400,LOC_Os02g45540,"leaf epidermis,leaf mesophyll,mestome sheath,leaf procambium,Xylem",Leaf,Os02g0678400,PCMDB
Os02g0680600,LOC_Os02g45660,"leaf epidermis,leaf mesophyll,leaf procambium",Leaf,OsIspF,PCMDB
Os02g0681200,LOC_Os02g45710,leaf mesophyll,Leaf,Os02g0681200,PCMDB
Os02g0681900,LOC_Os02g45760,"leaf mesophyll,mestome sheath,leaf procambium",Leaf,Os02g0681900,PCMDB
Os02g0682300,LOC_Os02g45780,"leaf mesophyll,leaf procambium",Leaf,DHS,PCMDB
Os02g0682500,LOC_Os02g45810,"leaf mesophyll,mestome sheath,leaf procambium",Leaf,OsWD40-50,PCMDB
Os02g0682600,LOC_Os02g45820,"leaf epidermis,leaf mesophyll",Leaf,TIM13,PCMDB
Os02g0683900,LOC_Os02g45870,"leaf epidermis,leaf mesophyll,mestome sheath,leaf procambium",Leaf,OJ1123_G04.30-1,PCMDB
Os02g0684300,LOC_Os02g45920,leaf mesophyll,Leaf,Os02g0684300,PCMDB
Os02g0684400,LOC_Os02g45930,"leaf epidermis,leaf mesophyll,mestome sheath,leaf procambium",Leaf,Os02g0684400,PCMDB
Os02g0684500,LOC_Os02g45940,"leaf mesophyll,leaf initial cell",Leaf,OSJNBb0064P21.1,PCMDB
Os02g0685200,LOC_Os02g46030,"leaf epidermis,leaf mesophyll,mestome sheath,leaf procambium",Leaf,OsMyb1R,PCMDB
Os02g0685900,LOC_Os02g46090,leaf mesophyll,Leaf,OsCDPK5,PCMDB
Os02g0687500,LOC_Os02g46220,"leaf epidermis,leaf mesophyll",Leaf,Os02g0687500,PCMDB
Os02g0687900,LOC_Os02g46260,leaf mesophyll,Leaf,OsSCP9,PCMDB
Os02g0688500,LOC_Os02g46320,leaf mesophyll,Leaf,Os02g0688500,PCMDB
Os02g0689200,LOC_Os02g46380,leaf epidermis,Leaf,OsPUP11,PCMDB
Os02g0689500,LOC_Os02g46420,"leaf epidermis,leaf mesophyll",Leaf,Os02g0689500,PCMDB
Os02g0689700,LOC_Os02g46440,leaf mesophyll,Leaf,Os02g0689700,PCMDB
Os02g0690000,LOC_Os02g46473,"leaf mesophyll,mestome sheath,Mesophyll precursor",Leaf,Os02g0690000,PCMDB
Os02g0690200,LOC_Os02g46480,leaf mesophyll,Leaf,Os02g0690200,PCMDB
Os02g0690600,LOC_Os02g46500,leaf procambium,Leaf,OsPUB36,PCMDB
Os02g0692700,LOC_Os02g46610,"leaf mesophyll,mestome sheath,leaf procambium",Leaf,Os02g0692700,PCMDB
Os02g0693000,LOC_Os02g46620,leaf mesophyll,Leaf,Os02g0693000,PCMDB
Os02g0693200,LOC_Os02g46640,"leaf epidermis,leaf mesophyll,mestome sheath,leaf procambium",Leaf,OsDjC20,PCMDB
Os02g0693400,LOC_Os02g46650,"leaf epidermis,leaf mesophyll,leaf procambium",Leaf,Os02g0693400,PCMDB
Os02g0693500,LOC_Os02g46660,mestome sheath,Leaf,Os02g0693500,PCMDB
Os02g0693700,LOC_Os02g46680,leaf epidermis,Leaf,OsABCB11,PCMDB
Os02g0695600,LOC_Os02g46830,"leaf epidermis,leaf mesophyll,leaf procambium",Leaf,Os02g0695600,PCMDB
Os02g0695700,LOC_Os02g46839,leaf mesophyll,Leaf,Os02g0695700,PCMDB
Os02g0695800,LOC_Os02g46850,mestome sheath,Leaf,OsOPT8,PCMDB
Os02g0696500,LOC_Os02g46910,mestome sheath,Leaf,OsXTH23,PCMDB
Os02g0696700,LOC_Os02g46930,mestome sheath,Leaf,JMJ707,PCMDB
Os02g0697300,LOC_Os02g46962,"leaf epidermis,leaf mesophyll,leaf procambium",Leaf,tom1,PCMDB
Os02g0697700,LOC_Os02g47000,"leaf epidermis,mestome sheath",Leaf,Os02g0697700,PCMDB
Os02g0697800,LOC_Os02g47010,"leaf epidermis,leaf mesophyll,mestome sheath,leaf procambium,Xylem",Leaf,SCAMP5,PCMDB
Os02g0698000,LOC_Os02g47020,leaf mesophyll,Leaf,OsPrk,PCMDB
Os02g0699600,LOC_Os02g47140,"leaf epidermis,leaf mesophyll",Leaf,Os02g0699600,PCMDB
Os02g0700300,LOC_Os02g47190,"leaf epidermis,leaf mesophyll,mestome sheath,leaf procambium,Mesophyll precursor",Leaf,Os02g0700300,PCMDB
Os02g0700500,LOC_Os02g47210,"leaf mesophyll,leaf procambium",Leaf,OsPUT1,PCMDB
Os02g0700600,LOC_Os02g47220,"leaf mesophyll,leaf procambium",Leaf,CDKF,PCMDB
Os02g0701600,LOC_Os02g47310,leaf mesophyll,Leaf,OsVTE4,PCMDB
Os02g0701900,LOC_Os02g47350,leaf mesophyll,Leaf,Os02g0701900,PCMDB
Os02g0702500,LOC_Os02g47410,"leaf epidermis,leaf mesophyll,mestome sheath",Leaf,Os02g0702500,PCMDB
Os02g0702800,LOC_Os02g47440,leaf mesophyll,Leaf,Os02g0702800,PCMDB
Os02g0703300,LOC_Os02g47450,"leaf mesophyll,leaf procambium",Leaf,Os02g0703300,PCMDB
Os02g0703600,LOC_Os02g47470,"leaf mesophyll,mestome sheath",Leaf,OsABA8OX1,PCMDB
Os02g0704500,LOC_Os02g47570,leaf mesophyll,Leaf,Os02g0704500,PCMDB
Os02g0704800,LOC_Os02g47590,"leaf mesophyll,Mesophyll precursor",Leaf,Os02g0704800,PCMDB
Os02g0704900,LOC_Os02g47600,"leaf epidermis,leaf mesophyll,leaf procambium",Leaf,IPP,PCMDB
Os02g0705000,LOC_Os02g47610,"leaf epidermis,leaf mesophyll,leaf procambium",Leaf,Os02g0705000,PCMDB
Os02g0705100,LOC_Os02g47620,"leaf epidermis,leaf mesophyll,mestome sheath,leaf procambium",Leaf,Os02g0705100,PCMDB
Os02g0705300,LOC_Os02g47640,leaf mesophyll,Leaf,OsTLP8,PCMDB
Os02g0705400,LOC_Os02g47650,"leaf epidermis,leaf mesophyll,leaf procambium,leaf initial cell",Leaf,P0680A05.8-1,PCMDB
Os02g0705600,LOC_Os02g47670,leaf mesophyll,Leaf,OsPUB29,PCMDB
Os02g0706400,LOC_Os02g47744,leaf mesophyll,Leaf,49D11.24,PCMDB
Os02g0706900,LOC_Os02g47780,"leaf mesophyll,mestome sheath,leaf procambium",Leaf,49D11.21,PCMDB
Os02g0707100,LOC_Os02g47800,leaf mesophyll,Leaf,OsMDHAR4,PCMDB
Os02g0707200,LOC_Os02g47810,"leaf mesophyll,leaf procambium",Leaf,OsDof7,PCMDB
Os02g0707900,LOC_Os02g47840,"leaf epidermis,leaf mesophyll,mestome sheath,leaf procambium",Leaf,OSJNBb0060O16.22,PCMDB
Os02g0708100,LOC_Os02g47850,"leaf mesophyll,leaf procambium",Leaf,GAT1,PCMDB
Os02g0708400,LOC_Os02g47880,"leaf epidermis,leaf mesophyll,mestome sheath,Xylem",Leaf,49D11.11,PCMDB
Os02g0709400,LOC_Os02g47970,"leaf epidermis,leaf mesophyll,mestome sheath,leaf procambium",Leaf,ADL1,PCMDB
Os02g0709600,LOC_Os02g47980,leaf epidermis,Leaf,OJ1311_H06.6-2,PCMDB
Os02g0709800,LOC_Os02g48000,leaf mesophyll,Leaf,OsGAP1,PCMDB
Os02g0710500,LOC_Os02g48080,"leaf epidermis,leaf mesophyll,Leaf preprocambium",Leaf,Os02g0710500,PCMDB
Os02g0710900,LOC_Os02g48110,"leaf mesophyll,leaf procambium",Leaf,Os02g0710900,PCMDB
Os02g0711300,LOC_Os02g48140,"leaf mesophyll,leaf epidermis,mestome sheath,leaf procambium",Leaf,Os02g0711300,PCMDB
Os02g0711400,LOC_Os02g48150,"leaf epidermis,mestome sheath",Leaf,Os02g0711400,PCMDB
Os02g0712700,LOC_Os02g48210,leaf mesophyll,Leaf,Os02g0712700,PCMDB
Os02g0714000,LOC_Os02g48340,leaf mesophyll,Leaf,Os02g0714000,PCMDB
Os02g0714100,LOC_Os02g48350,leaf mesophyll,Leaf,OsDGAT,PCMDB
Os02g0715400,LOC_Os02g48480,leaf mesophyll,Leaf,Os02g0715400,PCMDB
Os02g0716500,LOC_Os02g48560,leaf mesophyll,Leaf,OsFAD2,PCMDB
Os02g0717300,LOC_Os02g48610,"leaf epidermis,leaf mesophyll,leaf procambium",Leaf,Os02g0717300,PCMDB
Os02g0717400,LOC_Os02g48620,leaf mesophyll,Leaf,Os02g0717400,PCMDB
Os02g0717500,LOC_Os02g48630,leaf mesophyll,Leaf,Os02g0717500,PCMDB
Os02g0717700,LOC_Os02g48650,leaf mesophyll,Leaf,Os02g0717700,PCMDB
Os02g0717800,LOC_Os02g48660,"leaf epidermis,leaf mesophyll,leaf procambium",Leaf,Os02g0717800,PCMDB
Os02g0717900,LOC_Os02g48670,"leaf epidermis,leaf mesophyll,mestome sheath,leaf procambium",Leaf,Os02g0717900,PCMDB
Os02g0718600,LOC_Os02g48710,"leaf epidermis,leaf mesophyll,mestome sheath,leaf procambium,leaf initial cell",Leaf,OsAGP21,PCMDB
Os02g0718900,LOC_Os02g48720,"leaf mesophyll,leaf procambium",Leaf,ant,PCMDB
Os02g0719600,LOC_Os02g48770,"leaf mesophyll,leaf procambium",Leaf,JMT-2,PCMDB
Os02g0719800,LOC_Os02g48790,leaf mesophyll,Leaf,ML2,PCMDB
Os02g0720100,LOC_Os02g48820,leaf mesophyll,Leaf,OsENODL8,PCMDB
Os02g0720300,LOC_Os02g48840,leaf epidermis,Leaf,OsPP38,PCMDB
Os02g0720500,LOC_Os02g48860,leaf epidermis,Leaf,Os02g0720500,PCMDB
Os02g0720600,LOC_Os02g48870,"leaf epidermis,leaf mesophyll,mestome sheath,leaf procambium",Leaf,Os02g0720600,PCMDB
Os02g0720900,LOC_Os02g48900,"leaf epidermis,leaf mesophyll,mestome sheath,leaf procambium",Leaf,P0654B04.7-1,PCMDB
Os02g0721600,LOC_Os02g48964,leaf epidermis,Leaf,SRWD2,PCMDB
Os02g0721700,LOC_Os02g48980,"leaf epidermis,leaf mesophyll,mestome sheath",Leaf,Os02g0721700,PCMDB
Os02g0721800,LOC_Os02g48990,leaf mesophyll,Leaf,OsSNDP8,PCMDB
Os02g0724000,LOC_Os02g49230,"leaf epidermis,leaf mesophyll,mestome sheath,leaf procambium",Leaf,DTH2,PCMDB
Os02g0725300,LOC_Os02g49332,"leaf mesophyll,leaf procambium",Leaf,OsCslE2,PCMDB
Os02g0726300,LOC_Os02g49440,"leaf epidermis,leaf mesophyll,leaf procambium",Leaf,OsDof4,PCMDB
Os02g0727300,LOC_Os02g49520,mestome sheath,Leaf,OsPUB21,PCMDB
Os02g0728300,LOC_Os02g49590,"leaf mesophyll,leaf procambium",Leaf,Os02g0728300,PCMDB
Os02g0729400,LOC_Os02g49680,"leaf mesophyll,leaf procambium",Leaf,OsStr11,PCMDB
Os02g0729700,LOC_Os02g49700,leaf mesophyll,Leaf,Oshox16,PCMDB
Os02g0730000,LOC_Os02g49720,mestome sheath,Leaf,OsALDH2a,PCMDB
Os02g0730400,LOC_Os02g49770,leaf mesophyll,Leaf,Os02g0730400,PCMDB
Os02g0730500,LOC_Os02g49780,"leaf mesophyll,leaf procambium",Leaf,Os02g0730500,PCMDB
Os02g0730700,LOC_Os02g49800,"leaf epidermis,leaf mesophyll",Leaf,Os02g0730700,PCMDB
Os02g0731600,LOC_Os02g49870,"leaf mesophyll,leaf procambium",Leaf,Os02g0731600,PCMDB
Os02g0731800,LOC_Os02g49870,"leaf mesophyll,leaf procambium",Leaf,Os02g0731800,PCMDB
Os02g0732500,LOC_Os02g49980,"leaf epidermis,leaf mesophyll,mestome sheath,leaf procambium",Leaf,OsARL1b,PCMDB
Os02g0732800,LOC_Os02g50000,leaf epidermis,Leaf,OsGELP43,PCMDB
Os02g0732900,LOC_Os02g50010,leaf mesophyll,Leaf,OsISC41,PCMDB
Os02g0733300,LOC_Os02g50040,"leaf epidermis,leaf mesophyll",Leaf,OsGH9B1,PCMDB
Os02g0733900,LOC_Os02g50110,"leaf epidermis,leaf mesophyll",Leaf,Os02g0733900,PCMDB
Os02g0734300,LOC_Os02g50130,"leaf epidermis,leaf mesophyll,mestome sheath,leaf procambium",Leaf,Os02g0734300,PCMDB
Os02g0734600,LOC_Os02g50174,"leaf mesophyll,leaf procambium,Mesophyll precursor",Leaf,Os02g0734600,PCMDB
Os02g0734800,LOC_Os02g50200,"leaf mesophyll,mestome sheath,leaf procambium",Leaf,Os02g0734800,PCMDB
Os02g0734900,LOC_Os02g50210,"leaf epidermis,leaf mesophyll,mestome sheath",Leaf,Os02g0734900,PCMDB
Os02g0735100,LOC_Os02g50230,"leaf epidermis,leaf mesophyll,leaf procambium",Leaf,Os02g0735100,PCMDB
Os02g0735200,LOC_Os02g50240,"leaf epidermis,leaf mesophyll,leaf procambium",Leaf,OsGS1,PCMDB
Os02g0735400,LOC_Os02g50250,"leaf mesophyll,leaf procambium",Leaf,Os02g0735400,PCMDB
Os02g0735700,LOC_Os02g50270,leaf epidermis,Leaf,Os02g0735700,PCMDB
Os02g0735900,LOC_Os02g50290,"leaf mesophyll,mestome sheath,leaf procambium",Leaf,Os02g0735900,PCMDB
Os02g0736300,LOC_Os02g50340,"leaf mesophyll,leaf procambium",Leaf,Os02g0736300,PCMDB
Os02g0736400,LOC_Os02g50350,"leaf epidermis,leaf mesophyll,mestome sheath,leaf procambium,Mesophyll precursor",Leaf,OsDHODH1,PCMDB
Os02g0736900,LOC_Os02g50374,leaf mesophyll,Leaf,Os02g0736900,PCMDB
Os02g0737401,LOC_Os02g50404,mestome sheath,Leaf,Os02g0737401,PCMDB
Os02g0738300,LOC_Os02g50470,mestome sheath,Leaf,Os02g0738300,PCMDB
Os02g0739100,LOC_Os02g50570,"leaf epidermis,leaf mesophyll,mestome sheath,leaf procambium",Leaf,OsFH16,PCMDB
Os02g0739400,LOC_Os02g50600,"leaf epidermis,leaf mesophyll,mestome sheath,leaf procambium",Leaf,Os02g0739400,PCMDB
Os02g0739600,LOC_Os02g50620,leaf mesophyll,Leaf,OsPDHE1-A,PCMDB
Os02g0740400,LOC_Os02g50690,leaf mesophyll,Leaf,OsGELP44,PCMDB
Os02g0740600,LOC_Os02g50710,"leaf epidermis,leaf mesophyll,leaf procambium",Leaf,Os02g0740600,PCMDB
Os02g0740700,LOC_Os02g50730,"leaf epidermis,leaf mesophyll,leaf procambium",Leaf,OsMMP1,PCMDB
Os02g0741100,LOC_Os02g50760,leaf procambium,Leaf,OsDjC21,PCMDB
Os02g0741400,LOC_Os02g50790,"leaf epidermis,leaf mesophyll",Leaf,Os02g0741400,PCMDB
Os02g0741700,LOC_Os02g50810,"leaf epidermis,leaf mesophyll,mestome sheath,leaf procambium",Leaf,Os02g0741700,PCMDB
Os02g0741900,LOC_Os02g50830,"leaf epidermis,leaf mesophyll",Leaf,Os02g0741900,PCMDB
Os02g0742000,LOC_Os02g50840,mestome sheath,Leaf,P0585G03.15-1,PCMDB
Os02g0742050,LOC_Os02g50845,leaf epidermis,Leaf,Os02g0742050,PCMDB
Os02g0742100,LOC_Os02g50850,"leaf mesophyll,leaf procambium",Leaf,Os02g0742100,PCMDB
Os02g0742200,LOC_Os02g50860,"leaf epidermis,leaf mesophyll,mestome sheath",Leaf,OsRac3,PCMDB
Os02g0743200,LOC_Os02g50940,"leaf mesophyll,leaf procambium",Leaf,Os02g0743200,PCMDB
Os02g0743400,LOC_Os02g50960,leaf epidermis,Leaf,PIN1A,PCMDB
Os02g0743800,LOC_Os02g51000,leaf mesophyll,Leaf,OJ1734_E02.22-2,PCMDB
Os02g0744100,LOC_Os02g51030,"leaf epidermis,leaf mesophyll,mestome sheath,leaf procambium",Leaf,ArsM3,PCMDB
Os02g0744200,LOC_Os02g51040,leaf mesophyll,Leaf,OsEXPA5,PCMDB
Os02g0744900,LOC_Os02g51080,leaf mesophyll,Leaf,LYL1,PCMDB
Os02g0745400,LOC_Os02g51130,leaf procambium,Leaf,Os02g0745400,PCMDB
Os02g0745600,LOC_Os02g51140,leaf mesophyll,Leaf,Os02g0745600,PCMDB
Os02g0747500,LOC_Os02g51290,leaf mesophyll,Leaf,Os02g0747500,PCMDB
Os02g0747600,LOC_Os02g51300,"leaf epidermis,mestome sheath",Leaf,AP2/EREBP#022,PCMDB
Os02g0748300,LOC_Os02g51350,leaf mesophyll,Leaf,OsFbox109,PCMDB
Os02g0748800,LOC_Os02g51370,"leaf epidermis,leaf mesophyll,Leaf preprocambium",Leaf,OsGRL4,PCMDB
Os02g0749300,LOC_Os02g51410,"leaf epidermis,leaf mesophyll",Leaf,OsSK1,PCMDB
Os02g0749400,LOC_Os02g51414,"leaf epidermis,leaf mesophyll,mestome sheath",Leaf,Os02g0749400,PCMDB
Os02g0749500,LOC_Os02g51430,"leaf epidermis,leaf mesophyll,mestome sheath",Leaf,Os02g0749500,PCMDB
Os02g0750100,LOC_Os02g51470,"leaf epidermis,leaf mesophyll,mestome sheath,leaf procambium",Leaf,Os02g0750100,PCMDB
Os02g0750200,LOC_Os02g51470,"leaf epidermis,leaf mesophyll,mestome sheath,leaf procambium",Leaf,Os02g0750200,PCMDB
Os02g0750600,LOC_Os02g51500,"leaf mesophyll,mestome sheath,leaf procambium",Leaf,MUB3,PCMDB
Os02g0752000,LOC_Os02g51610,leaf mesophyll,Leaf,Os02g0752000,PCMDB
Os02g0752200,LOC_Os02g51620,mestome sheath,Leaf,Os02g0752200,PCMDB
Os02g0752300,LOC_Os02g51640,leaf mesophyll,Leaf,Os02g0752300,PCMDB
Os02g0752800,LOC_Os02g51670,"leaf mesophyll,leaf procambium",Leaf,OsERF#049,PCMDB
Os02g0753200,LOC_Os02g51700,"leaf epidermis,leaf mesophyll,leaf procambium",Leaf,Os02g0753200,PCMDB
Os02g0753300,LOC_Os02g51710,"leaf epidermis,leaf mesophyll,mestome sheath,leaf procambium",Leaf,Os02g0753300,PCMDB
Os02g0753500,LOC_Os02g51730,"leaf epidermis,leaf mesophyll,mestome sheath,leaf procambium",Leaf,OsSTA78,PCMDB
Os02g0753700,LOC_Os02g51740,"leaf epidermis,leaf mesophyll,mestome sheath,leaf procambium",Leaf,OsVQ9,PCMDB
Os02g0753800,LOC_Os02g51750,leaf epidermis,Leaf,ANN2,PCMDB
Os02g0754000,LOC_Os02g51770,leaf epidermis,Leaf,OJ1288_G09.29-1,PCMDB
Os02g0754300,LOC_Os02g51790,"leaf epidermis,leaf mesophyll,mestome sheath,leaf procambium",Leaf,Os02g0754300,PCMDB
Os02g0754900,LOC_Os02g51850,mestome sheath,Leaf,OsAPRL3,PCMDB
Os02g0755000,LOC_Os02g51860,leaf mesophyll,Leaf,OsTSD2,PCMDB
Os02g0755600,LOC_Os02g51910,"leaf mesophyll,leaf procambium",Leaf,Os02g0755600,PCMDB
Os02g0755900,LOC_Os02g51930,"mestome sheath,leaf initial cell",Leaf,Os02g0755900,PCMDB
Os02g0756200,LOC_Os02g51970,"leaf epidermis,leaf mesophyll,mestome sheath,leaf procambium",Leaf,P0627E03.37-2,PCMDB
Os02g0756800,LOC_Os02g52010,"leaf mesophyll,mestome sheath,leaf procambium",Leaf,Os02g0756800,PCMDB
Os02g0757100,LOC_Os02g52040,mestome sheath,Leaf,OsPHI-1,PCMDB
Os02g0757900,LOC_Os02g52140,"leaf epidermis,mestome sheath",Leaf,P0471A11.31-2,PCMDB
Os02g0758100,LOC_Os02g52160,"leaf epidermis,leaf mesophyll",Leaf,Os02g0758100,PCMDB
Os02g0758200,LOC_Os02g52170,"leaf mesophyll,mestome sheath,leaf procambium",Leaf,Os02g0758200,PCMDB
Os02g0758800,LOC_Os02g52180,"leaf mesophyll,leaf procambium",Leaf,OsUCL6,PCMDB
Os02g0759400,LOC_Os02g52210,"leaf mesophyll,mestome sheath,leaf procambium",Leaf,OsRING-1,PCMDB
Os02g0759900,LOC_Os02g52260,"leaf mesophyll,Mesophyll precursor",Leaf,Os02g0759900,PCMDB
Os02g0760000,LOC_Os02g52270,"leaf epidermis,leaf mesophyll,mestome sheath",Leaf,OsDjC22,PCMDB
Os02g0760200,LOC_Os02g52280,"leaf epidermis,leaf mesophyll,leaf procambium,Leaf preprocambium",Leaf,Os02g0760200,PCMDB
Os02g0760300,LOC_Os02g52290,"leaf epidermis,leaf mesophyll",Leaf,OsFKBP12,PCMDB
Os02g0760400,LOC_Os02g52300,"leaf epidermis,leaf mesophyll",Leaf,Os02g0760400,PCMDB
Os02g0760500,LOC_Os02g52314,"leaf mesophyll,leaf procambium",Leaf,Os02g0760500,PCMDB
Os02g0761300,LOC_Os02g52380,"leaf mesophyll,leaf procambium",Leaf,Os02g0761300,PCMDB
Os02g0761600,LOC_Os02g52410,"leaf mesophyll,mestome sheath",Leaf,Os02g0761600,PCMDB
Os02g0761700,LOC_Os02g52420,"leaf mesophyll,leaf procambium",Leaf,Os02g0761700,PCMDB
Os02g0761900,LOC_Os02g52430,"leaf epidermis,leaf mesophyll,Phloem",Leaf,Os02g0761900,PCMDB
Os02g0762100,LOC_Os02g52450,"leaf mesophyll,leaf procambium",Leaf,Os02g0762100,PCMDB
Os02g0762400,LOC_Os02g52480,"leaf mesophyll,mestome sheath,leaf procambium",Leaf,KRP1,PCMDB
Os02g0763000,LOC_Os02g52550,"leaf epidermis,leaf mesophyll,Phloem",Leaf,OsFWL1,PCMDB
Os02g0763200,LOC_Os02g52560,leaf mesophyll,Leaf,Os02g0763200,PCMDB
Os02g0764500,LOC_Os02g52650,leaf mesophyll,Leaf,Os02g0764500,PCMDB
Os02g0764700,LOC_Os02g52670,"leaf epidermis,leaf mesophyll,mestome sheath,leaf procambium",Leaf,DERF5,PCMDB
Os02g0766000,LOC_Os02g52744,"leaf mesophyll,mestome sheath",Leaf,P0539D10.35-1,PCMDB
Os02g0766600,LOC_Os02g52770,"leaf mesophyll,mestome sheath,leaf procambium",Leaf,Os02g0766600,PCMDB
Os02g0766700,LOC_Os02g52780,"leaf epidermis,leaf mesophyll",Leaf,BZIP23,PCMDB
Os02g0767000,LOC_Os02g52810,"leaf mesophyll,leaf procambium",Leaf,OsREM5.1,PCMDB
Os02g0767300,LOC_Os02g52840,leaf epidermis,Leaf,FLS,PCMDB
Os02g0767400,LOC_Os02g52850,"leaf mesophyll,leaf procambium",Leaf,Os02g0767400,PCMDB
Os02g0767500,LOC_Os02g52860,"leaf epidermis,leaf mesophyll,leaf procambium",Leaf,OsPT15,PCMDB
Os02g0767700,LOC_Os02g52880,"leaf epidermis,leaf mesophyll,leaf procambium",Leaf,OsERF#126,PCMDB
Os02g0767900,LOC_Os02g52900,leaf mesophyll,Leaf,Os02g0767900,PCMDB
Os02g0768000,LOC_Os02g52910,mestome sheath,Leaf,Os02g0768000,PCMDB
Os02g0768100,LOC_Os02g52900,leaf mesophyll,Leaf,Os02g0768100,PCMDB
Os02g0768200,LOC_Os02g52920,"leaf epidermis,leaf mesophyll",Leaf,Os02g0768200,PCMDB
Os02g0768600,LOC_Os02g52940,"leaf epidermis,leaf mesophyll,mestome sheath,leaf procambium",Leaf,OJ1767_D02.15-2,PCMDB
Os02g0768700,LOC_Os02g52950,leaf mesophyll,Leaf,Os02g0768700,PCMDB
Os02g0768750,LOC_Os02g52960,"leaf epidermis,leaf mesophyll,leaf procambium",Leaf,Os02g0768750,PCMDB
Os02g0768800,LOC_Os02g52960,"leaf epidermis,leaf mesophyll,leaf procambium",Leaf,Os02g0768800,PCMDB
Os02g0768950,LOC_Os02g52960,"leaf epidermis,leaf mesophyll,leaf procambium",Leaf,Os02g0768950,PCMDB
Os02g0769800,LOC_Os02g53040,"leaf epidermis,leaf mesophyll,leaf procambium",Leaf,Os02g0769800,PCMDB
Os02g0770000,LOC_Os02g53060,"leaf epidermis,leaf mesophyll",Leaf,OsPBA1,PCMDB
Os02g0770600,LOC_Os02g53110,leaf mesophyll,Leaf,OJ1079_F11.33-1,PCMDB
Os02g0770800,LOC_Os02g53130,mestome sheath,Leaf,OsNIA1,PCMDB
Os02g0771100,LOC_Os02g53140,"leaf mesophyll,leaf procambium",Leaf,PPS,PCMDB
Os02g0771200,LOC_Os02g53150,leaf mesophyll,Leaf,Os02g0771200,PCMDB
Os02g0771400,LOC_Os02g53160,"leaf epidermis,leaf mesophyll,mestome sheath,leaf procambium",Leaf,OsPFA-DSP2,PCMDB
Os02g0771600,LOC_Os02g53180,"leaf mesophyll,mestome sheath,Phloem",Leaf,ACO3,PCMDB
Os02g0773200,LOC_Os02g53320,mestome sheath,Leaf,Os02g0773200,PCMDB
Os02g0773300,LOC_Os02g53330,"leaf epidermis,leaf mesophyll,mestome sheath,leaf procambium",Leaf,DCD1,PCMDB
Os02g0773500,LOC_Os02g53350,leaf mesophyll,Leaf,Os02g0773500,PCMDB
Os02g0774200,LOC_Os02g53410,"leaf epidermis,leaf mesophyll,mestome sheath,leaf procambium,Phloem",Leaf,Os02g0774200,PCMDB
Os02g0774300,LOC_Os02g53420,"leaf mesophyll,leaf procambium",Leaf,OsISC23,PCMDB
Os02g0777800,LOC_Os02g53750,"leaf epidermis,leaf mesophyll,mestome sheath,leaf procambium",Leaf,OsRLCK86,PCMDB
Os02g0778400,LOC_Os02g53790,"leaf mesophyll,Xylem",Leaf,Os02g0778400,PCMDB
Os02g0780700,LOC_Os02g54010,"leaf mesophyll,leaf procambium",Leaf,Os02g0780700,PCMDB
Os02g0781400,LOC_Os02g54060,"leaf epidermis,leaf mesophyll,leaf procambium",Leaf,OJ1369_G08.10-2,PCMDB
Os02g0781700,LOC_Os02g54080,"leaf epidermis,leaf mesophyll,mestome sheath,leaf procambium",Leaf,OJ1369_G08.12-2,PCMDB
Os02g0782300,LOC_Os02g54130,leaf mesophyll,Leaf,OsDjC23,PCMDB
Os02g0782500,LOC_Os02g54140,"leaf epidermis,Mesophyll precursor",Leaf,OsHSP18.0-CIII,PCMDB
Os02g0782600,LOC_Os02g54150,leaf mesophyll,Leaf,OJ1311_D08.7,PCMDB
Os02g0782700,LOC_Os02g54160,"leaf mesophyll,mestome sheath,leaf procambium",Leaf,EREBP1,PCMDB
Os02g0783625,LOC_Os02g54254,leaf mesophyll,Leaf,Os02g0783625,PCMDB
Os02g0783700,LOC_Os02g54254,leaf mesophyll,Leaf,OsLKR,PCMDB
Os02g0784700,LOC_Os02g54340,leaf epidermis,Leaf,OsRpt1b,PCMDB
Os02g0784900,LOC_Os02g54360,leaf mesophyll,Leaf,Os02g0784900,PCMDB
Os02g0785800,LOC_Os02g54470,"leaf epidermis,leaf mesophyll,leaf procambium",Leaf,Os02g0785800,PCMDB
Os02g0786200,LOC_Os02g54510,leaf mesophyll,Leaf,Os02g0786200,PCMDB
Os02g0787200,LOC_Os02g54590,leaf mesophyll,Leaf,OsRLCK87,PCMDB
Os02g0787300,LOC_Os02g54600,"leaf epidermis,leaf mesophyll",Leaf,SMG1,PCMDB
Os02g0787500,LOC_Os02g54624,mestome sheath,Leaf,OsRFPH2-22,PCMDB
Os02g0787800,LOC_Os02g54650,"leaf epidermis,leaf mesophyll,mestome sheath,leaf procambium",Leaf,Os02g0787800,PCMDB
Os02g0788400,LOC_Os02g54700,leaf mesophyll,Leaf,eIF-3g,PCMDB
Os02g0789400,LOC_Os02g54770,leaf epidermis,Leaf,RSZP21,PCMDB
Os02g0789600,LOC_Os02g54780,"leaf mesophyll,leaf procambium",Leaf,Os02g0789600,PCMDB
Os02g0790500,LOC_Os02g54820,"leaf epidermis,mestome sheath",Leaf,OsTPS5,PCMDB
Os02g0790600,LOC_Os02g54830,leaf mesophyll,Leaf,Os02g0790600,PCMDB
Os02g0791500,LOC_Os02g54890,"leaf epidermis,leaf mesophyll,leaf procambium",Leaf,OsUGlcAE3,PCMDB
Os02g0792800,LOC_Os02g54980,"leaf epidermis,leaf mesophyll,mestome sheath,leaf procambium,Mesophyll precursor",Leaf,Os02g0792800,PCMDB
Os02g0792900,LOC_Os02g54990,mestome sheath,Leaf,Os02g0792900,PCMDB
Os02g0793700,LOC_Os02g55060,"leaf epidermis,leaf procambium",Leaf,OsSBP,PCMDB
Os02g0793900,LOC_Os02g55080,"leaf epidermis,mestome sheath",Leaf,HDR1,PCMDB
Os02g0794000,LOC_Os02g55090,leaf procambium,Leaf,Os02g0794000,PCMDB
Os02g0794700,LOC_Os02g55140,"leaf epidermis,leaf mesophyll,leaf procambium",Leaf,Os02g0794700,PCMDB
Os02g0795300,LOC_Os02g55200,"leaf epidermis,leaf mesophyll,leaf procambium",Leaf,Os02g0795300,PCMDB
Os02g0796300,LOC_Os02g55300,"leaf epidermis,leaf mesophyll,mestome sheath",Leaf,OsCAF1H,PCMDB
Os02g0796500,LOC_Os02g55320,mestome sheath,Leaf,ORR3,PCMDB
Os02g0796900,LOC_Os02g55370,leaf mesophyll,Leaf,Os02g0796900,PCMDB
Os02g0797500,LOC_Os02g55420,leaf mesophyll,Leaf,AST,PCMDB
Os02g0797600,LOC_Os02g55430,"leaf mesophyll,mestome sheath",Leaf,Os02g0797600,PCMDB
Os02g0799000,LOC_Os02g55560,"leaf mesophyll,mestome sheath",Leaf,OsPP2C27,PCMDB
Os02g0799300,LOC_Os02g55590,"leaf epidermis,mestome sheath",Leaf,Os02g0799300,PCMDB
Os02g0799600,LOC_Os02g55600,"leaf epidermis,mestome sheath,leaf procambium",Leaf,Os02g0799600,PCMDB
Os02g0799700,LOC_Os02g55610,"leaf epidermis,leaf mesophyll,mestome sheath,leaf procambium",Leaf,Os02g0799700,PCMDB
Os02g0800000,LOC_Os02g55630,leaf procambium,Leaf,Os02g0800000,PCMDB
Os02g0800100,LOC_Os02g55640,"leaf epidermis,mestome sheath",Leaf,Os02g0800100,PCMDB
Os02g0800600,LOC_Os02g55689,leaf epidermis,Leaf,Os02g0800600,PCMDB
Os02g0801300,LOC_Os02g55770,leaf mesophyll,Leaf,Os02g0801300,PCMDB
Os02g0802200,LOC_Os02g55870,mestome sheath,Leaf,Os02g0802200,PCMDB
Os02g0802400,LOC_Os02g55880,"leaf epidermis,mestome sheath",Leaf,Os02g0802400,PCMDB
Os02g0802700,LOC_Os02g55910,leaf mesophyll,Leaf,OsMGD,PCMDB
Os02g0803300,LOC_Os02g55970,leaf mesophyll,Leaf,Os02g0803300,PCMDB
Os02g0803400,LOC_Os02g55980,"leaf epidermis,leaf mesophyll,mestome sheath,leaf procambium",Leaf,P0689B12.28-1,PCMDB
Os02g0804100,LOC_Os02g56014,"leaf mesophyll,mestome sheath",Leaf,OsRPS30,PCMDB
Os02g0804300,LOC_Os02g56020,"leaf epidermis,leaf mesophyll,leaf procambium",Leaf,Os02g0804300,PCMDB
Os02g0804400,LOC_Os02g56030,"leaf epidermis,leaf mesophyll,mestome sheath,leaf procambium",Leaf,Os02g0804400,PCMDB
Os02g0804500,LOC_Os02g56040,leaf mesophyll,Leaf,OsDjA2,PCMDB
Os02g0805100,LOC_Os02g56120,leaf mesophyll,Leaf,OsIAA9,PCMDB
Os02g0805200,LOC_Os02g56130,"leaf epidermis,leaf mesophyll",Leaf,OsPCNA,PCMDB
Os02g0805250,LOC_Os02g56140,leaf epidermis,Leaf,OsbHLH107,PCMDB
Os02g0805900,LOC_Os02g56210,leaf mesophyll,Leaf,OsDCP2,PCMDB
Os02g0806300,LOC_Os02g56250,"leaf epidermis,leaf mesophyll,mestome sheath,leaf procambium",Leaf,OsGATA3,PCMDB
Os02g0806400,LOC_Os02g56250,"leaf epidermis,leaf mesophyll,mestome sheath,leaf procambium",Leaf,OJ1111_C07.13-1,PCMDB
Os02g0806600,LOC_Os02g56270,"leaf epidermis,leaf mesophyll",Leaf,OJ1111_C07.17-1,PCMDB
Os02g0806700,LOC_Os02g56280,"leaf mesophyll,leaf procambium",Leaf,Os02g0806700,PCMDB
Os02g0806900,LOC_Os02g56300,leaf epidermis,Leaf,Os02g0806900,PCMDB
Os02g0807000,LOC_Os02g56310,"bundle sheath,leaf mesophyll,mestome sheath,leaf procambium",Leaf,OsPPCK1,PCMDB
Os02g0807900,LOC_Os02g56380,"leaf epidermis,leaf mesophyll",Leaf,OsWAK21,PCMDB
Os02g0808800,LOC_Os02g56460,"leaf mesophyll,mestome sheath,leaf procambium",Leaf,OsCCR1,PCMDB
Os02g0809100,LOC_Os02g56480,"leaf epidermis,leaf mesophyll,mestome sheath",Leaf,Os02g0809100,PCMDB
Os02g0810000,LOC_Os02g56530,"leaf mesophyll,mestome sheath",Leaf,Os02g0810000,PCMDB
Os02g0810100,LOC_Os02g56530,"leaf mesophyll,mestome sheath",Leaf,OJ1112_G06.34,PCMDB
Os02g0810300,LOC_Os02g56550,leaf mesophyll,Leaf,OsABCI14,PCMDB
Os02g0810400,LOC_Os02g56560,"leaf epidermis,leaf mesophyll,mestome sheath,leaf procambium",Leaf,Os02g0810400,PCMDB
Os02g0811400,LOC_Os02g56680,"leaf epidermis,leaf mesophyll,mestome sheath,leaf procambium",Leaf,Os02g0811400,PCMDB
Os02g0811800,LOC_Os02g56700,"leaf mesophyll,Mesophyll precursor",Leaf,OsCCR10,PCMDB
Os02g0812500,LOC_Os02g56750,leaf mesophyll,Leaf,OsFbox115,PCMDB
Os02g0813350,LOC_Os02g56840,"leaf epidermis,leaf mesophyll,mestome sheath",Leaf,OsFbox120,PCMDB
Os02g0814000,LOC_Os02g56900,leaf mesophyll,Leaf,Os02g0814000,PCMDB
Os02g0814200,LOC_Os02g56920,leaf epidermis,Leaf,Os0053,PCMDB
Os02g0814400,LOC_Os02g56940,"leaf epidermis,leaf mesophyll,leaf procambium,Mesophyll precursor",Leaf,Os02g0814400,PCMDB
Os02g0814700,LOC_Os02g56960,"leaf epidermis,leaf mesophyll",Leaf,Os02g0814700,PCMDB
Os02g0815000,LOC_Os02g56990,"leaf epidermis,leaf mesophyll",Leaf,OsRPL37,PCMDB
Os02g0815200,LOC_Os02g57010,"leaf mesophyll,Mesophyll precursor",Leaf,Os02g0815200,PCMDB
Os02g0815300,LOC_Os02g57020,leaf mesophyll,Leaf,Os02g0815300,PCMDB
Os02g0815400,LOC_Os02g57030,leaf mesophyll,Leaf,Os02g0815400,PCMDB
Os02g0815500,LOC_Os02g57040,"leaf epidermis,leaf mesophyll,leaf procambium",Leaf,Os02g0815500,PCMDB
Os02g0816300,LOC_Os02g57120,"leaf epidermis,leaf mesophyll",Leaf,Os02g0816300,PCMDB
Os02g0816500,LOC_Os02g57150,"leaf epidermis,leaf mesophyll,mestome sheath,leaf procambium",Leaf,P0643F09.19-2,PCMDB
Os02g0816600,LOC_Os02g57160,leaf mesophyll,Leaf,Os02g0816600,PCMDB
Os02g0816700,LOC_Os02g57170,"leaf mesophyll,leaf procambium",Leaf,Os02g0816700,PCMDB
Os02g0816800,LOC_Os02g57180,"leaf epidermis,leaf mesophyll",Leaf,OsNDUFA9,PCMDB
Os02g0816900,LOC_Os02g57190,"leaf epidermis,leaf mesophyll",Leaf,OSMYOXIB,PCMDB
Os02g0817000,LOC_Os02g57200,leaf epidermis,Leaf,Os02g0817000,PCMDB
Os02g0817500,LOC_Os02g57240,"leaf epidermis,leaf mesophyll,mestome sheath,Xylem",Leaf,KOB1,PCMDB
Os02g0817600,LOC_Os02g57250,"leaf epidermis,leaf mesophyll,mestome sheath,leaf procambium",Leaf,OsIAA10,PCMDB
Os02g0817700,LOC_Os02g57260,"leaf epidermis,leaf mesophyll,mestome sheath,leaf procambium",Leaf,OsI57,PCMDB
Os02g0818000,LOC_Os02g57280,"leaf epidermis,leaf mesophyll,mestome sheath,leaf procambium,Mesophyll precursor",Leaf,OsCBSX3,PCMDB
Os02g0818900,LOC_Os02g57350,leaf mesophyll,Leaf,Os02g0818900,PCMDB
Os02g0819400,LOC_Os02g57400,"mestome sheath,leaf procambium",Leaf,LPA1,PCMDB
Os02g0819700,LOC_Os02g57430,"leaf mesophyll,leaf procambium",Leaf,Os02g0819700,PCMDB
Os02g0820400,LOC_Os02g57480,leaf procambium,Leaf,Os02g0820400,PCMDB
Os02g0820700,LOC_Os02g57510,"leaf epidermis,mestome sheath",Leaf,P0474F11.16-2,PCMDB
Os02g0821200,LOC_Os02g57540,"leaf epidermis,leaf mesophyll,leaf procambium",Leaf,Os02g0821200,PCMDB
Os02g0821400,LOC_Os02g57560,mestome sheath,Leaf,OsRLCK90,PCMDB
Os02g0821900,LOC_Os02g57600,leaf epidermis,Leaf,Os02g0821900,PCMDB
Os02g0822300,LOC_Os02g57640,leaf mesophyll,Leaf,Os02g0822300,PCMDB
Os02g0822400,LOC_Os02g57650,"leaf mesophyll,leaf procambium",Leaf,ONAC070,PCMDB
Os02g0822500,LOC_Os02g57660,"leaf mesophyll,leaf procambium",Leaf,OJ1119_A01.22-1,PCMDB
Os02g0822600,LOC_Os02g57670,"leaf mesophyll,leaf epidermis,mestome sheath,leaf procambium,Mesophyll precursor",Leaf,OJ1119_A01.23-1,PCMDB
Os02g0822900,LOC_Os02g57700,leaf mesophyll,Leaf,OsPUB62,PCMDB
Os02g0824100,LOC_Os02g57810,"leaf epidermis,leaf mesophyll",Leaf,Os02g0824100,PCMDB
Os02g0824700,LOC_Os02g57854,"leaf epidermis,leaf mesophyll,mestome sheath,leaf procambium,Xylem",Leaf,Os02g0824700,PCMDB
Os02g0825650,LOC_Os02g57924,leaf mesophyll,Leaf,Os02g0825650,PCMDB
Os02g0826400,LOC_Os02g58010,mestome sheath,Leaf,Os02g0826400,PCMDB
Os02g0826500,LOC_Os02g58020,mestome sheath,Leaf,OsABCF1,PCMDB
Os02g0827200,LOC_Os02g58080,"leaf epidermis,leaf mesophyll,mestome sheath,leaf procambium",Leaf,OsSUT4(t),PCMDB
Os02g0828200,LOC_Os02g58150,leaf mesophyll,Leaf,Os02g0828200,PCMDB
Os02g0829100,LOC_Os02g58220,leaf mesophyll,Leaf,OsRPA32,PCMDB
Os02g0831000,LOC_Os02g58450,"leaf mesophyll,leaf procambium",Leaf,Os02g0831000,PCMDB
Os02g0831200,LOC_Os02g58450,"leaf mesophyll,leaf procambium",Leaf,Os02g0831200,PCMDB
Os02g0832200,LOC_Os02g58550,leaf mesophyll,Leaf,OEP21,PCMDB
Os02g0832400,LOC_Os02g58554,mestome sheath,Leaf,OsGSL7,PCMDB
Os02g0832500,LOC_Os02g58560,"leaf epidermis,leaf mesophyll,mestome sheath",Leaf,OsGSL7,PCMDB
Os02g0833300,LOC_Os02g58640,"leaf mesophyll,leaf procambium",Leaf,Os02g0833300,PCMDB
Os02g0834000,LOC_Os02g58730,"leaf epidermis,mestome sheath",Leaf,Osrac5,PCMDB
Os02g0834700,LOC_Os02g58790,leaf mesophyll,Leaf,P0264G11.15-1,PCMDB
Os03g0100030,LOC_Os03g01014,"leaf mesophyll,leaf procambium",Leaf,Os03g0100030,PCMDB
Os03g0100400,LOC_Os03g01100,leaf mesophyll,Leaf,XPF,PCMDB
Os03g0100900,LOC_Os03g01130,"leaf epidermis,leaf mesophyll,mestome sheath",Leaf,Os03g0100900,PCMDB
Os03g0101100,LOC_Os03g01150,mestome sheath,Leaf,Os03g0101100,PCMDB
Os03g0101800,LOC_Os03g01210,"leaf epidermis,leaf mesophyll",Leaf,Os03g0101800,PCMDB
Os03g0102100,LOC_Os03g01222,leaf mesophyll,Leaf,Os03g0102100,PCMDB
Os03g0103100,LOC_Os03g01300,"leaf mesophyll,leaf procambium",Leaf,OsHyPRP03,PCMDB
Os03g0103200,LOC_Os03g01300,"leaf mesophyll,leaf procambium",Leaf,OsHyPRP04,PCMDB
Os03g0103300,LOC_Os03g01320,"leaf mesophyll,leaf procambium",Leaf,qLTG-3-1(t),PCMDB
Os03g0103800,LOC_Os03g01360,"leaf mesophyll,leaf procambium",Leaf,Os03g0103800,PCMDB
Os03g0104000,LOC_Os03g01360,"leaf mesophyll,leaf procambium",Leaf,Os03g0104000,PCMDB
Os03g0105600,LOC_Os03g01530,leaf epidermis,Leaf,OsTUB2,PCMDB
Os03g0107000,LOC_Os03g01660,mestome sheath,Leaf,Os03g0107000,PCMDB
Os03g0107700,LOC_Os03g01740,leaf mesophyll,Leaf,Orysa,PCMDB
Os03g0107800,LOC_Os03g01750,mestome sheath,Leaf,OsPP42,PCMDB
Os03g0108000,LOC_Os03g01770,"leaf epidermis,leaf mesophyll",Leaf,ACR2.2,PCMDB
Os03g0108400,LOC_Os03g01810,"leaf epidermis,mestome sheath",Leaf,Os03g0108400,PCMDB
Os03g0108600,LOC_Os03g01830,leaf mesophyll,Leaf,OsRH50,PCMDB
Os03g0109300,LOC_Os03g01880,leaf mesophyll,Leaf,LOGL3,PCMDB
Os03g0109500,LOC_Os03g01900,leaf procambium,Leaf,OsRPS17,PCMDB
Os03g0109600,LOC_Os03g01910,"leaf epidermis,leaf mesophyll,mestome sheath,leaf procambium",Leaf,Osj3g1BTF3,PCMDB
Os03g0109900,LOC_Os03g01940,mestome sheath,Leaf,Os03g0109900,PCMDB
Os03g0110600,LOC_Os03g01990,leaf procambium,Leaf,Os03g0110600,PCMDB
Os03g0111200,LOC_Os03g02040,"leaf epidermis,leaf mesophyll,mestome sheath,leaf procambium",Leaf,OsREM1.3,PCMDB
Os03g0111400,LOC_Os03g02070,"leaf epidermis,leaf mesophyll,mestome sheath,leaf procambium",Leaf,Os03g0111400,PCMDB
Os03g0111500,LOC_Os03g02080,"leaf epidermis,leaf mesophyll,mestome sheath",Leaf,Os03g0111500,PCMDB
Os03g0112101,LOC_Os03g02150,leaf mesophyll,Leaf,Os03g0112101,PCMDB
Os03g0112400,LOC_Os03g02150,leaf mesophyll,Leaf,Os03g0112400,PCMDB
Os03g0112700,LOC_Os03g02160,"leaf mesophyll,leaf procambium",Leaf,EHD4,PCMDB
Os03g0113000,LOC_Os03g02190,leaf mesophyll,Leaf,OsRLCK95,PCMDB
Os03g0113100,LOC_Os03g02200,leaf mesophyll,Leaf,TK,PCMDB
Os03g0113700,LOC_Os03g02260,"leaf epidermis,leaf mesophyll,mestome sheath,leaf procambium",Leaf,OsISC24,PCMDB
Os03g0113800,LOC_Os03g02270,"leaf epidermis,leaf mesophyll,mestome sheath",Leaf,Os03g0113800,PCMDB
Os03g0114100,LOC_Os03g02300,leaf mesophyll,Leaf,Os03g0114100,PCMDB
Os03g0114200,LOC_Os03g02310,leaf epidermis,Leaf,OSJNBa0090O10.11,PCMDB
Os03g0114400,LOC_Os03g02330,leaf mesophyll,Leaf,OSJNBa0090O10.13,PCMDB
Os03g0114800,LOC_Os03g02380,"leaf epidermis,leaf mesophyll",Leaf,OSJNBa0090O10.18,PCMDB
Os03g0115000,LOC_Os03g02400,"leaf mesophyll,leaf procambium",Leaf,OsENODL10,PCMDB
Os03g0115200,LOC_Os03g02420,leaf mesophyll,Leaf,Os03g0115200,PCMDB
Os03g0115400,LOC_Os03g02440,"leaf procambium,Leaf preprocambium",Leaf,OsWD40-60,PCMDB
Os03g0116300,LOC_Os03g02514,mestome sheath,Leaf,Os03g0116300,PCMDB
Os03g0116316,LOC_Os03g02514,mestome sheath,Leaf,Os03g0116316,PCMDB
Os03g0116400,LOC_Os03g02530,mestome sheath,Leaf,OsRhmbd7,PCMDB
Os03g0116600,LOC_Os03g02544,"leaf mesophyll,mestome sheath",Leaf,Os03g0116600,PCMDB
Os03g0116700,LOC_Os03g02550,"leaf mesophyll,mestome sheath,Leaf preprocambium",Leaf,OsFbox127,PCMDB
Os03g0117100,LOC_Os03g02590,"leaf mesophyll,leaf procambium",Leaf,PEX11-1,PCMDB
Os03g0117800,LOC_Os03g02640,leaf mesophyll,Leaf,Os03g0117800,PCMDB
Os03g0118400,LOC_Os03g02680,"leaf epidermis,leaf mesophyll,mestome sheath",Leaf,cdc2Os-1,PCMDB
Os03g0118450,LOC_Os03g02685,"leaf mesophyll,mestome sheath,leaf procambium",Leaf,Os03g0118450,PCMDB
Os03g0118800,LOC_Os03g02710,leaf epidermis,Leaf,Os03g0118800,PCMDB
Os03g0119000,LOC_Os03g02730,"leaf epidermis,leaf mesophyll,mestome sheath,leaf procambium",Leaf,Os03g0119000,PCMDB
Os03g0119700,LOC_Os03g02762,leaf mesophyll,Leaf,Os03g0119700,PCMDB
Os03g0119900,LOC_Os03g02780,"leaf epidermis,leaf mesophyll,leaf initial cell",Leaf,OSJNBb0064P21.1,PCMDB
Os03g0121200,LOC_Os03g02920,"leaf epidermis,leaf mesophyll",Leaf,prx33,PCMDB
Os03g0121700,LOC_Os03g02960,"leaf epidermis,leaf mesophyll,mestome sheath,leaf procambium,Mesophyll precursor",Leaf,Os03g0121700,PCMDB
Os03g0122200,LOC_Os03g03020,"leaf epidermis,leaf mesophyll,mestome sheath,leaf procambium",Leaf,Os03g0122200,PCMDB
Os03g0122300,LOC_Os03g03034,"leaf mesophyll,mestome sheath",Leaf,FLS,PCMDB
Os03g0123100,LOC_Os03g03130,"leaf epidermis,leaf mesophyll,mestome sheath",Leaf,OsSce2,PCMDB
Os03g0123300,LOC_Os03g03150,"leaf mesophyll,mestome sheath,leaf procambium",Leaf,OsCCS52A,PCMDB
Os03g0123500,LOC_Os03g03164,"leaf epidermis,leaf mesophyll,mestome sheath,leaf procambium",Leaf,HB365,PCMDB
Os03g0123600,LOC_Os03g03180,leaf mesophyll,Leaf,Os03g0123600,PCMDB
Os03g0123800,LOC_Os03g03200,leaf mesophyll,Leaf,OJ1126B12.18,PCMDB
Os03g0124300,LOC_Os03g03290,"leaf mesophyll,mestome sheath,leaf procambium",Leaf,Os03g0124300,PCMDB
Os03g0124800,LOC_Os03g03334,"leaf epidermis,leaf mesophyll,mestome sheath,leaf procambium",Leaf,Os03g0124800,PCMDB
Os03g0125000,LOC_Os03g03360,"leaf epidermis,leaf mesophyll,mestome sheath,leaf procambium",Leaf,RPL5,PCMDB
Os03g0125100,LOC_Os03g03370,"leaf mesophyll,leaf procambium",Leaf,DSM2,PCMDB
Os03g0125300,LOC_Os03g03390,"leaf epidermis,leaf mesophyll",Leaf,Os03g0125300,PCMDB
Os03g0125600,LOC_Os03g03410,leaf epidermis,Leaf,Os03g0125600,PCMDB
Os03g0125700,LOC_Os03g03420,leaf epidermis,Leaf,Os03g0125700,PCMDB
Os03g0126000,LOC_Os03g03450,"leaf epidermis,leaf mesophyll,leaf procambium",Leaf,Os03g0126000,PCMDB
Os03g0126100,LOC_Os03g03460,leaf epidermis,Leaf,Os03g0126100,PCMDB
Os03g0126700,LOC_Os03g03500,"leaf epidermis,leaf mesophyll",Leaf,Os03g0126700,PCMDB
Os03g0126800,LOC_Os03g03510,"leaf epidermis,leaf mesophyll,leaf procambium",Leaf,OsCIPK09,PCMDB
Os03g0127700,LOC_Os03g03570,mestome sheath,Leaf,Os03g0127700,PCMDB
Os03g0128000,LOC_Os03g03600,"leaf epidermis,leaf mesophyll",Leaf,OsFLA2,PCMDB
Os03g0128400,LOC_Os03g03640,"leaf epidermis,leaf mesophyll,mestome sheath,leaf procambium,Mesophyll precursor",Leaf,Os03g0128400,PCMDB
Os03g0128700,LOC_Os03g03660,"leaf epidermis,leaf procambium",Leaf,CPK7,PCMDB
Os03g0129100,LOC_Os03g03700,"leaf epidermis,leaf mesophyll,mestome sheath",Leaf,OsMLO2,PCMDB
Os03g0129300,LOC_Os03g03720,"leaf mesophyll,leaf procambium",Leaf,GADPH,PCMDB
Os03g0129900,LOC_Os03g03770,"leaf epidermis,leaf mesophyll,mestome sheath,leaf procambium",Leaf,Os03g0129900,PCMDB
Os03g0130100,LOC_Os03g03790,"leaf mesophyll,leaf procambium",Leaf,Os03g0130100,PCMDB
Os03g0130400,LOC_Os03g03820,"leaf epidermis,leaf mesophyll,leaf procambium",Leaf,Os03g0130400,PCMDB
Os03g0131000,LOC_Os03g03890,"leaf epidermis,leaf mesophyll,leaf procambium",Leaf,OsRLCK97,PCMDB
Os03g0131100,LOC_Os03g03900,"leaf epidermis,leaf mesophyll",Leaf,NLP1,PCMDB
Os03g0131200,LOC_Os03g03910,"leaf epidermis,leaf mesophyll,mestome sheath,leaf procambium",Leaf,CATC,PCMDB
Os03g0131500,LOC_Os03g03949,leaf mesophyll,Leaf,Os03g0131500,PCMDB
Os03g0131800,LOC_Os03g03980,"leaf epidermis,leaf mesophyll,mestome sheath,leaf procambium",Leaf,Os03g0131800,PCMDB
Os03g0132000,LOC_Os03g04000,mestome sheath,Leaf,OsACS4,PCMDB
Os03g0132200,LOC_Os03g04020,"leaf epidermis,leaf mesophyll,mestome sheath,leaf procambium",Leaf,OsEXPLA1,PCMDB
Os03g0132300,LOC_Os03g04030,"leaf mesophyll,leaf procambium",Leaf,Os03g0132300,PCMDB
Os03g0132800,LOC_Os03g04050,leaf procambium,Leaf,OsRLCK98,PCMDB
Os03g0133000,LOC_Os03g04070,"leaf procambium,Phloem",Leaf,NAC22,PCMDB
Os03g0133100,LOC_Os03g04080,"leaf epidermis,leaf mesophyll,mestome sheath",Leaf,Os03g0133100,PCMDB
Os03g0133400,LOC_Os03g04110,"leaf mesophyll,leaf procambium",Leaf,CEBIP,PCMDB
Os03g0134300,LOC_Os03g04169,leaf mesophyll,Leaf,Os03g0134300,PCMDB
Os03g0135300,LOC_Os03g04260,leaf mesophyll,Leaf,OsGSTF3,PCMDB
Os03g0136200,LOC_Os03g04340,leaf mesophyll,Leaf,Ossmt2-1,PCMDB
Os03g0136500,LOC_Os03g04370,"leaf epidermis,leaf mesophyll,leaf procambium",Leaf,Os03g0136500,PCMDB
Os03g0137200,LOC_Os03g04430,leaf epidermis,Leaf,OsPP2C28,PCMDB
Os03g0137300,LOC_Os03g04440,"leaf epidermis,leaf mesophyll,mestome sheath,leaf procambium",Leaf,Os03g0137300,PCMDB
Os03g0137500,LOC_Os03g04460,leaf mesophyll,Leaf,OSVDAC6,PCMDB
Os03g0137600,LOC_Os03g04470,"leaf epidermis,leaf mesophyll,leaf procambium",Leaf,Os03g0137600,PCMDB
Os03g0138700,LOC_Os03g04570,"leaf epidermis,leaf mesophyll,mestome sheath,leaf procambium",Leaf,Os03g0138700,PCMDB
Os03g0139100,LOC_Os03g04590,"leaf mesophyll,mestome sheath",Leaf,Os03g0139100,PCMDB
Os03g0139200,LOC_Os03g04600,leaf epidermis,Leaf,Os03g0139200,PCMDB
Os03g0140700,LOC_Os03g04710,"leaf epidermis,leaf mesophyll,leaf procambium,Mesophyll precursor",Leaf,Os03g0140700,PCMDB
Os03g0141000,LOC_Os03g04750,"leaf epidermis,leaf mesophyll,leaf procambium",Leaf,Os03g0141000,PCMDB
Os03g0142200,LOC_Os03g04870,"leaf epidermis,leaf mesophyll,leaf procambium",Leaf,Os03g0142200,PCMDB
Os03g0142500,LOC_Os03g04890,"leaf mesophyll,mestome sheath",Leaf,OsRFPH2-9,PCMDB
Os03g0145200,LOC_Os03g05160,"leaf epidermis,leaf mesophyll",Leaf,OsGATA4,PCMDB
Os03g0145500,LOC_Os03g05200,"leaf epidermis,leaf procambium",Leaf,Os03g0145500,PCMDB
Os03g0145600,LOC_Os03g05210,"leaf mesophyll,leaf procambium",Leaf,OsWD40-62,PCMDB
Os03g0145800,LOC_Os03g05260,"leaf epidermis,leaf mesophyll,leaf procambium",Leaf,Os03g0145800,PCMDB
Os03g0145900,LOC_Os03g05270,leaf epidermis,Leaf,Os03g0145900,PCMDB
Os03g0146000,LOC_Os03g05280,"leaf mesophyll,mestome sheath",Leaf,OsRab18B2,PCMDB
Os03g0146100,LOC_Os03g05290,"leaf epidermis,leaf mesophyll,mestome sheath,leaf procambium",Leaf,OsTIP1,PCMDB
Os03g0146400,LOC_Os03g05310,leaf mesophyll,Leaf,OsPAO,PCMDB
Os03g0146500,LOC_Os03g05320,leaf mesophyll,Leaf,Os03g0146500,PCMDB
Os03g0146800,LOC_Os03g05334,"mestome sheath,leaf procambium",Leaf,OsIPS1,PCMDB
Os03g0147400,LOC_Os03g05390,leaf mesophyll,Leaf,SIET4,PCMDB
Os03g0148700,LOC_Os03g05470,leaf mesophyll,Leaf,OsRLCK100,PCMDB
Os03g0149200,LOC_Os03g05520,"leaf epidermis,leaf mesophyll,leaf procambium",Leaf,Os03g0149200,PCMDB
Os03g0149800,LOC_Os03g05570,"leaf epidermis,leaf mesophyll,mestome sheath,leaf procambium",Leaf,Os03g0149800,PCMDB
Os03g0150600,LOC_Os03g05620,"leaf mesophyll,leaf procambium,Mesophyll precursor",Leaf,PT1,PCMDB
Os03g0151400,LOC_Os03g05690,"leaf epidermis,leaf mesophyll,leaf procambium",Leaf,Os03g0151400,PCMDB
Os03g0151600,LOC_Os03g05710,leaf mesophyll,Leaf,Os03g0151600,PCMDB
Os03g0151800,LOC_Os03g05730,leaf epidermis,Leaf,OsCDC48,PCMDB
Os03g0151900,LOC_Os03g05740,"leaf epidermis,leaf mesophyll,mestome sheath,leaf procambium",Leaf,OsRab5A1,PCMDB
Os03g0152000,LOC_Os03g05750,"leaf epidermis,leaf mesophyll,leaf procambium",Leaf,Os03g0152000,PCMDB
Os03g0152100,LOC_Os03g05760,mestome sheath,Leaf,Orysa,PCMDB
Os03g0153000,LOC_Os03g05830,leaf mesophyll,Leaf,Os03g0153000,PCMDB
Os03g0154000,LOC_Os03g05910,"leaf mesophyll,leaf procambium",Leaf,Os03g0154000,PCMDB
Os03g0154100,LOC_Os03g05920,"leaf mesophyll,leaf procambium",Leaf,Os03g0154100,PCMDB
Os03g0154700,LOC_Os03g05980,"leaf epidermis,leaf mesophyll,leaf procambium",Leaf,OsRPS9-2,PCMDB
Os03g0155900,LOC_Os03g06040,"mestome sheath,leaf procambium",Leaf,OsEXPA18,PCMDB
Os03g0156700,LOC_Os03g06090,"leaf mesophyll,leaf procambium",Leaf,OsZNL,PCMDB
Os03g0157300,LOC_Os03g06120,leaf mesophyll,Leaf,OsMCA1,PCMDB
Os03g0157400,LOC_Os03g06139,leaf epidermis,Leaf,OsABCG4,PCMDB
Os03g0157900,LOC_Os03g06200,mestome sheath,Leaf,OJ1134F05.4,PCMDB
Os03g0158200,LOC_Os03g06220,leaf mesophyll,Leaf,OsRH38,PCMDB
Os03g0158500,LOC_Os03g06240,"leaf epidermis,leaf mesophyll,mestome sheath,leaf procambium",Leaf,Os03g0158500,PCMDB
Os03g0158600,LOC_Os03g06250,"leaf epidermis,leaf mesophyll",Leaf,Os03g0158600,PCMDB
Os03g0159400,LOC_Os03g06350,mestome sheath,Leaf,OsOFP7,PCMDB
Os03g0159900,LOC_Os03g06390,"leaf epidermis,leaf mesophyll,mestome sheath,leaf procambium",Leaf,Os03g0159900,PCMDB
Os03g0160100,LOC_Os03g06410,"leaf mesophyll,leaf procambium",Leaf,ACDR1,PCMDB
Os03g0160900,LOC_Os03g06480,"leaf epidermis,leaf mesophyll",Leaf,Os03g0160900,PCMDB
Os03g0161200,LOC_Os03g06520,leaf mesophyll,Leaf,OsSultr3,PCMDB
Os03g0161400,LOC_Os03g06570,"leaf epidermis,leaf mesophyll,mestome sheath",Leaf,Os03g0161400,PCMDB
Os03g0161500,LOC_Os03g06580,"leaf epidermis,leaf mesophyll,mestome sheath,leaf procambium",Leaf,Os03g0161500,PCMDB
Os03g0161800,LOC_Os03g06620,"leaf epidermis,leaf mesophyll,mestome sheath",Leaf,Sip2A,PCMDB
Os03g0161900,LOC_Os03g06630,"leaf mesophyll,leaf epidermis,leaf procambium",Leaf,HSFA2D,PCMDB
Os03g0164200,LOC_Os03g06840,leaf epidermis,Leaf,Os03g0164200,PCMDB
Os03g0164300,LOC_Os03g06850,leaf epidermis,Leaf,Os03g0164300,PCMDB
Os03g0165300,LOC_Os03g06930,leaf procambium,Leaf,OsBLH6,PCMDB
Os03g0166000,LOC_Os03g06980,"leaf epidermis,leaf mesophyll",Leaf,Os03g0166000,PCMDB
Os03g0167000,LOC_Os03g07100,leaf epidermis,Leaf,OsLTPG2,PCMDB
Os03g0167500,LOC_Os03g07130,"leaf mesophyll,mestome sheath,leaf procambium",Leaf,OsRMR3,PCMDB
Os03g0167700,LOC_Os03g07150,"leaf epidermis,leaf mesophyll,leaf procambium",Leaf,OsPP44,PCMDB
Os03g0168000,LOC_Os03g07170,"leaf epidermis,leaf mesophyll,mestome sheath,leaf procambium",Leaf,OSJNBa0091P11.34,PCMDB
Os03g0168900,LOC_Os03g07290,"leaf epidermis,leaf mesophyll,leaf procambium",Leaf,OSJNBa0091P11.11,PCMDB
Os03g0169100,LOC_Os03g07300,"leaf epidermis,leaf mesophyll,mestome sheath,leaf procambium",Leaf,RPE,PCMDB
Os03g0169600,LOC_Os03g07360,"leaf epidermis,leaf mesophyll",Leaf,RDD4,PCMDB
Os03g0169800,LOC_Os03g07370,leaf mesophyll,Leaf,OSJNBa0091P11.7,PCMDB
Os03g0169900,LOC_Os03g07380,"leaf epidermis,leaf mesophyll",Leaf,Os03g0169900,PCMDB
Os03g0170100,LOC_Os03g07400,"leaf mesophyll,leaf procambium",Leaf,OSJNBa0091P11.19,PCMDB
Os03g0170400,LOC_Os03g07430,leaf epidermis,Leaf,OsRLCK102,PCMDB
Os03g0170500,LOC_Os03g07440,leaf mesophyll,Leaf,OSJNBa0091P11.4,PCMDB
Os03g0171600,LOC_Os03g07530,leaf mesophyll,Leaf,OsFBK12,PCMDB
Os03g0171900,LOC_Os03g07570,"leaf epidermis,leaf mesophyll,mestome sheath,leaf procambium",Leaf,Os03g0171900,PCMDB
Os03g0172100,LOC_Os03g07590,leaf mesophyll,Leaf,Os03g0172100,PCMDB
Os03g0172700,LOC_Os03g07650,mestome sheath,Leaf,Os03g0172700,PCMDB
Os03g0174100,LOC_Os03g07800,"leaf epidermis,leaf mesophyll,leaf procambium",Leaf,Os03g0174100,PCMDB
Os03g0174500,LOC_Os03g07840,leaf mesophyll,Leaf,PURA1,PCMDB
Os03g0174800,LOC_Os03g07870,leaf epidermis,Leaf,Os03g0174800,PCMDB
Os03g0175600,LOC_Os03g07910,"leaf mesophyll,leaf procambium",Leaf,OsCPA2,PCMDB
Os03g0176700,LOC_Os03g07960,"leaf mesophyll,mestome sheath",Leaf,Os03g0176700,PCMDB
Os03g0177000,LOC_Os03g07990,"leaf mesophyll,mestome sheath",Leaf,Os03g0177000,PCMDB
Os03g0177100,LOC_Os03g07994,"leaf mesophyll,leaf procambium",Leaf,Os03g0177100,PCMDB
Os03g0177300,LOC_Os03g08000,leaf mesophyll,Leaf,Os03g0177300,PCMDB
Os03g0177500,LOC_Os03g08020,"leaf mesophyll,mestome sheath,leaf procambium",Leaf,rfa4*,PCMDB
Os03g0177900,LOC_Os03g08050,"leaf mesophyll,mestome sheath,leaf procambium",Leaf,rfa3*,PCMDB
Os03g0178200,LOC_Os03g08080,"leaf mesophyll,mestome sheath,leaf procambium,Mesophyll precursor",Leaf,Os03g0178200,PCMDB
Os03g0178400,LOC_Os03g08100,"leaf epidermis,Xylem",Leaf,OSJNBa0050H14.5,PCMDB
Os03g0179400,LOC_Os03g08170,"leaf epidermis,mestome sheath",Leaf,RLCK103,PCMDB
Os03g0180100,LOC_Os03g08250,"leaf epidermis,leaf mesophyll,mestome sheath,leaf procambium",Leaf,Os03g0180100,PCMDB
Os03g0180300,LOC_Os03g08270,leaf epidermis,Leaf,Os03g0180300,PCMDB
Os03g0180400,LOC_Os03g08280,leaf epidermis,Leaf,OsPAA1,PCMDB
Os03g0180800,LOC_Os03g08310,"leaf epidermis,leaf procambium",Leaf,TIFY11A,PCMDB
Os03g0180900,LOC_Os03g08320,"leaf epidermis,leaf mesophyll",Leaf,OsJAZ2,PCMDB
Os03g0181100,LOC_Os03g08330,leaf mesophyll,Leaf,OsJAZ4,PCMDB
Os03g0181500,LOC_Os03g08360,leaf epidermis,Leaf,ONI1,PCMDB
Os03g0181800,LOC_Os03g08390,"leaf epidermis,leaf mesophyll",Leaf,Os03g0181800,PCMDB
Os03g0182400,LOC_Os03g08430,leaf procambium,Leaf,Os03g0182400,PCMDB
Os03g0182600,LOC_Os03g08440,"leaf epidermis,leaf mesophyll,leaf procambium",Leaf,Os03g0182600,PCMDB
Os03g0182700,LOC_Os03g08450,"leaf epidermis,leaf procambium",Leaf,eIF-3k,PCMDB
Os03g0182800,LOC_Os03g08460,leaf mesophyll,Leaf,OsEBP-89,PCMDB
Os03g0183000,LOC_Os03g08470,"leaf mesophyll,mestome sheath,leaf procambium",Leaf,OsLG3,PCMDB
Os03g0183100,LOC_Os03g08480,"leaf mesophyll,leaf procambium",Leaf,BP-73,PCMDB
Os03g0183200,LOC_Os03g08490,"leaf epidermis,leaf mesophyll,mestome sheath,leaf procambium",Leaf,OsERF#069,PCMDB
Os03g0183300,LOC_Os03g08500,"leaf epidermis,leaf mesophyll,mestome sheath,leaf procambium",Leaf,OsERF#064,PCMDB
Os03g0183800,LOC_Os03g08550,leaf epidermis,Leaf,Os03g0183800,PCMDB
Os03g0184100,LOC_Os03g08580,"leaf mesophyll,mestome sheath",Leaf,Os03g0184100,PCMDB
Os03g0184300,LOC_Os03g08600,mestome sheath,Leaf,Os03g0184300,PCMDB
Os03g0184550,LOC_Os03g08624,"leaf mesophyll,mestome sheath,leaf procambium",Leaf,OSJNBa0032G08.1,PCMDB
Os03g0184600,LOC_Os03g08630,"leaf epidermis,leaf mesophyll,leaf procambium",Leaf,Os03g0184600,PCMDB
Os03g0185500,LOC_Os03g08700,leaf mesophyll,Leaf,Os03g0185500,PCMDB
Os03g0185600,LOC_Os03g08710,"leaf mesophyll,mestome sheath",Leaf,OsTHI26,PCMDB
Os03g0186100,LOC_Os03g08730,"leaf epidermis,leaf mesophyll",Leaf,UROS,PCMDB
Os03g0186600,LOC_Os03g08754,"leaf epidermis,mestome sheath",Leaf,OsMADS47,PCMDB
Os03g0186900,LOC_Os03g08790,leaf mesophyll,Leaf,OsAP25,PCMDB
Os03g0187350,LOC_Os03g08834,"leaf mesophyll,leaf epidermis,mestome sheath,leaf procambium",Leaf,Os03g0187350,PCMDB
Os03g0187600,LOC_Os03g08860,leaf mesophyll,Leaf,OJ1217B09.2,PCMDB
Os03g0187800,LOC_Os03g08880,leaf procambium,Leaf,OsPUP1,PCMDB
Os03g0188100,LOC_Os03g08900,mestome sheath,Leaf,OsMATE1,PCMDB
Os03g0188400,LOC_Os03g08930,"leaf mesophyll,leaf procambium",Leaf,OsbHLH044,PCMDB
Os03g0188900,LOC_Os03g08960,leaf mesophyll,Leaf,Oshox13,PCMDB
Os03g0189100,LOC_Os03g08970,leaf mesophyll,Leaf,OJ1217B09.12,PCMDB
Os03g0189600,LOC_Os03g09020,leaf procambium,Leaf,Os03g0189600,PCMDB
Os03g0190000,LOC_Os03g09045,leaf mesophyll,Leaf,Os03g0190000,PCMDB
Os03g0190100,LOC_Os03g09060,"leaf mesophyll,leaf procambium",Leaf,OsPPT1,PCMDB
Os03g0190300,LOC_Os03g09070,leaf mesophyll,Leaf,OJ1217B09.19,PCMDB
Os03g0190800,LOC_Os03g09080,"leaf mesophyll,mestome sheath",Leaf,OJ1217B09.20,PCMDB
Os03g0191000,LOC_Os03g09100,leaf mesophyll,Leaf,Os03g0191000,PCMDB
Os03g0191400,LOC_Os03g09140,mestome sheath,Leaf,OsRab6B2,PCMDB
Os03g0191900,LOC_Os03g09170,mestome sheath,Leaf,OsERF#047,PCMDB
Os03g0192400,LOC_Os03g09210,"leaf epidermis,leaf mesophyll,mestome sheath,leaf procambium",Leaf,Os03g0192400,PCMDB
Os03g0192500,LOC_Os03g09220,"leaf epidermis,leaf mesophyll,mestome sheath,leaf procambium",Leaf,OsBIPP2C1,PCMDB
Os03g0192600,LOC_Os03g09230,leaf procambium,Leaf,OsLTPG3,PCMDB
Os03g0192700,LOC_Os03g09250,leaf mesophyll,Leaf,OsINO1,PCMDB
Os03g0193000,LOC_Os03g09280,"leaf epidermis,leaf mesophyll,mestome sheath",Leaf,Os03g0193000,PCMDB
Os03g0193075,LOC_Os03g09290,"leaf epidermis,leaf mesophyll,mestome sheath",Leaf,Os03g0193075,PCMDB
Os03g0194100,LOC_Os03g09840,"leaf mesophyll,Leaf preprocambium",Leaf,Os03g0194100,PCMDB
Os03g0194500,LOC_Os03g09870,leaf mesophyll,Leaf,Os03g0194500,PCMDB
Os03g0194600,LOC_Os03g09880,"leaf epidermis,leaf mesophyll,mestome sheath,leaf procambium",Leaf,Os03g0194600,PCMDB
Os03g0194900,LOC_Os03g09900,"leaf mesophyll,leaf procambium",Leaf,Os03g0194900,PCMDB
Os03g0196400,LOC_Os03g10030,leaf epidermis,Leaf,Os03g0196400,PCMDB
Os03g0196600,LOC_Os03g10050,"leaf mesophyll,mestome sheath,leaf procambium",Leaf,SAT4,PCMDB
Os03g0196800,LOC_Os03g10060,"leaf epidermis,leaf mesophyll,mestome sheath,leaf procambium,Mesophyll precursor",Leaf,Os03g0196800,PCMDB
Os03g0197000,LOC_Os03g10080,leaf procambium,Leaf,Os03g0197000,PCMDB
Os03g0197050,LOC_Os03g10080,leaf procambium,Leaf,Os03g0197050,PCMDB
Os03g0197800,LOC_Os03g10140,"leaf mesophyll,mestome sheath",Leaf,OsIDD1,PCMDB
Os03g0197900,LOC_Os03g10150,"leaf mesophyll,leaf procambium",Leaf,OsOFP8,PCMDB
Os03g0198300,LOC_Os03g10180,leaf mesophyll,Leaf,OsDjC25,PCMDB
Os03g0198500,LOC_Os03g10200,"leaf epidermis,leaf mesophyll,mestome sheath,leaf procambium",Leaf,Os03g0198500,PCMDB
Os03g0198600,LOC_Os03g10210,"leaf epidermis,leaf mesophyll,mestome sheath,leaf procambium",Leaf,HOX12,PCMDB
Os03g0199300,LOC_Os03g10250,mestome sheath,Leaf,Os03g0199300,PCMDB
Os03g0200000,LOC_Os03g10300,leaf mesophyll,Leaf,Os03g0200000,PCMDB
Os03g0200200,LOC_Os03g10320,"leaf mesophyll,mestome sheath,leaf procambium",Leaf,Os03g0200200,PCMDB
Os03g0200500,LOC_Os03g10340,"leaf epidermis,leaf mesophyll,leaf procambium",Leaf,cyc07,PCMDB
Os03g0200800,LOC_Os03g10370,"leaf epidermis,leaf mesophyll,leaf procambium",Leaf,OsARL1a,PCMDB
Os03g0202001,LOC_Os03g10500,leaf mesophyll,Leaf,Os03g0202001,PCMDB
Os03g0202200,LOC_Os03g10510,"leaf epidermis,leaf mesophyll,mestome sheath,leaf procambium",Leaf,OSVDAC4,PCMDB
Os03g0203200,LOC_Os03g10620,leaf mesophyll,Leaf,D14,PCMDB
Os03g0203700,LOC_Os03g10640,"leaf epidermis,leaf mesophyll,mestome sheath,leaf procambium",Leaf,osACA1,PCMDB
Os03g0203800,LOC_Os03g10650,"leaf epidermis,leaf mesophyll,leaf procambium",Leaf,CycD5,PCMDB
Os03g0204300,LOC_Os03g10700,"leaf epidermis,leaf mesophyll,leaf procambium",Leaf,Os03g0204300,PCMDB
Os03g0205150,LOC_Os03g10755,leaf epidermis,Leaf,Os03g0205150,PCMDB
Os03g0206400,LOC_Os03g10860,"leaf epidermis,leaf mesophyll,mestome sheath,leaf procambium",Leaf,OSJNBa0014O06.1,PCMDB
Os03g0206600,LOC_Os03g10870,"leaf epidermis,leaf mesophyll,mestome sheath,leaf procambium",Leaf,Os03g0206600,PCMDB
Os03g0206900,LOC_Os03g10890,leaf epidermis,Leaf,Os03g0206900,PCMDB
Os03g0207250,LOC_Os03g10930,leaf epidermis,Leaf,OsRPL51,PCMDB
Os03g0207300,LOC_Os03g10940,leaf mesophyll,Leaf,CK2alpha3,PCMDB
Os03g0209000,LOC_Os03g11060,leaf epidermis,Leaf,OSJNBa0014O06.16,PCMDB
Os03g0209400,LOC_Os03g11100,"leaf epidermis,leaf mesophyll,mestome sheath,leaf procambium",Leaf,GOT1B,PCMDB
Os03g0210500,LOC_Os03g11210,"leaf epidermis,leaf mesophyll,mestome sheath,leaf procambium,Xylem",Leaf,Os03g0210500,PCMDB
Os03g0210600,LOC_Os03g11220,leaf mesophyll,Leaf,Os03g0210600,PCMDB
Os03g0210700,LOC_Os03g11230,"leaf mesophyll,leaf procambium",Leaf,Os03g0210700,PCMDB
Os03g0211400,LOC_Os03g11290,mestome sheath,Leaf,Os03g0211400,PCMDB
Os03g0211500,LOC_Os03g11300,"mestome sheath,leaf procambium",Leaf,Os03g0211500,PCMDB
Os03g0211600,LOC_Os03g11310,"leaf epidermis,leaf procambium",Leaf,Os03g0211600,PCMDB
Os03g0211700,LOC_Os03g11320,"leaf epidermis,mestome sheath",Leaf,Os03g0211700,PCMDB
Os03g0211800,LOC_Os03g11330,mestome sheath,Leaf,Os03g0211800,PCMDB
Os03g0211900,LOC_Os03g11340,"leaf epidermis,leaf mesophyll",Leaf,Os03g0211900,PCMDB
Os03g0212200,LOC_Os03g11360,"leaf epidermis,leaf mesophyll,mestome sheath,leaf procambium",Leaf,OsIRL7,PCMDB
Os03g0212700,LOC_Os03g11410,leaf mesophyll,Leaf,Os03g0212700,PCMDB
Os03g0212800,LOC_Os03g11420,"leaf mesophyll,leaf procambium",Leaf,Os3bglu6,PCMDB
Os03g0213100,LOC_Os03g11440,leaf mesophyll,Leaf,Os03g0213100,PCMDB
Os03g0213300,LOC_Os03g11460,"leaf mesophyll,leaf procambium",Leaf,Os03g0213300,PCMDB
Os03g0213900,LOC_Os03g11520,"leaf mesophyll,mestome sheath",Leaf,Os03g0213900,PCMDB
Os03g0214200,LOC_Os03g11550,"leaf epidermis,leaf mesophyll,mestome sheath,leaf procambium",Leaf,MODD,PCMDB
Os03g0214400,LOC_Os03g11560,mestome sheath,Leaf,Os03g0214400,PCMDB
Os03g0215000,LOC_Os03g11590,"leaf epidermis,leaf mesophyll,mestome sheath",Leaf,Os03g0215000,PCMDB
Os03g0215700,LOC_Os03g11650,mestome sheath,Leaf,MAP70.4,PCMDB
Os03g0217900,LOC_Os03g11840,leaf mesophyll,Leaf,Os03g0217900,PCMDB
Os03g0218400,LOC_Os03g11900,"leaf mesophyll,leaf procambium",Leaf,OsMST4,PCMDB
Os03g0218500,LOC_Os03g11910,"leaf epidermis,mestome sheath",Leaf,Os03g0218500,PCMDB
Os03g0219200,LOC_Os03g11960,"leaf epidermis,leaf mesophyll",Leaf,OsSOD2,PCMDB
Os03g0219500,LOC_Os03g11990,"leaf epidermis,leaf mesophyll,leaf procambium",Leaf,OsISC4,PCMDB
Os03g0219900,LOC_Os03g12020,"leaf epidermis,leaf mesophyll,mestome sheath,leaf procambium,Mesophyll precursor",Leaf,Os03g0219900,PCMDB
Os03g0220100,LOC_Os03g12030,"leaf mesophyll,mestome sheath",Leaf,WSL4,PCMDB
Os03g0220700,LOC_Os03g12064,leaf mesophyll,Leaf,Os03g0220700,PCMDB
Os03g0221200,LOC_Os03g12110,"leaf mesophyll,mestome sheath,leaf procambium",Leaf,Os03g0221200,PCMDB
Os03g0222100,LOC_Os03g12180,"leaf mesophyll,leaf procambium",Leaf,Os03g0222100,PCMDB
Os03g0222300,LOC_Os03g12200,leaf procambium,Leaf,Os03g0222300,PCMDB
Os03g0222600,LOC_Os03g12230,leaf procambium,Leaf,Os03g0222600,PCMDB
Os03g0223000,LOC_Os03g12238,"leaf epidermis,leaf mesophyll,mestome sheath,leaf procambium,Xylem",Leaf,OsRLCK377,PCMDB
Os03g0223400,LOC_Os03g12290,mestome sheath,Leaf,GLN1,PCMDB
Os03g0223700,LOC_Os03g12300,leaf procambium,Leaf,Os03g0223700,PCMDB
Os03g0224200,LOC_Os03g12350,"leaf mesophyll,mestome sheath,leaf procambium",Leaf,ORR1,PCMDB
Os03g0224700,LOC_Os03g12370,"leaf mesophyll,mestome sheath,leaf procambium",Leaf,HSFA9,PCMDB
Os03g0225100,LOC_Os03g12390,"leaf epidermis,leaf mesophyll,leaf procambium",Leaf,MPKK10.2,PCMDB
Os03g0225600,LOC_Os03g12460,leaf epidermis,Leaf,Os03g0225600,PCMDB
Os03g0225700,LOC_Os03g12470,"leaf epidermis,leaf mesophyll,leaf procambium",Leaf,WAK25,PCMDB
Os03g0226200,LOC_Os03g12510,"leaf mesophyll,mestome sheath,leaf procambium",Leaf,NSHB2,PCMDB
Os03g0226600,LOC_Os03g12550,leaf procambium,Leaf,Os03g0226600,PCMDB
Os03g0226700,LOC_Os03g12560,leaf mesophyll,Leaf,Os03g0226700,PCMDB
Os03g0227400,LOC_Os03g12620,"leaf mesophyll,leaf procambium",Leaf,Os03g0227400,PCMDB
Os03g0227500,LOC_Os03g12630,"leaf epidermis,leaf mesophyll,mestome sheath",Leaf,Os03g0227500,PCMDB
Os03g0227800,LOC_Os03g12670,"leaf mesophyll,leaf procambium",Leaf,Os03g0227800,PCMDB
Os03g0228400,LOC_Os03g12710,leaf epidermis,Leaf,Os03g0228400,PCMDB
Os03g0228500,LOC_Os03g12720,leaf mesophyll,Leaf,Os03g0228500,PCMDB
Os03g0229600,LOC_Os03g12810,leaf mesophyll,Leaf,Os03g0229600,PCMDB
Os03g0230300,LOC_Os03g12820,"leaf mesophyll,leaf procambium",Leaf,OsSRO1c,PCMDB
Os03g0230500,LOC_Os03g12840,leaf mesophyll,Leaf,DSM3,PCMDB
Os03g0231600,LOC_Os03g12890,"leaf epidermis,leaf mesophyll",Leaf,OJ1781E12.10,PCMDB
Os03g0232400,LOC_Os03g12990,"leaf epidermis,leaf mesophyll,mestome sheath,leaf procambium",Leaf,OJ1175C11.17,PCMDB
Os03g0232500,LOC_Os03g13000,leaf mesophyll,Leaf,Os03g0232500,PCMDB
Os03g0233000,LOC_Os03g13050,"leaf mesophyll,mestome sheath,leaf procambium",Leaf,OJ1175C11.12,PCMDB
Os03g0233900,LOC_Os03g13140,"leaf mesophyll,mestome sheath",Leaf,NSHB1,PCMDB
Os03g0234200,LOC_Os03g13170,"leaf epidermis,leaf mesophyll,leaf procambium",Leaf,ZIURP1,PCMDB
Os03g0234500,LOC_Os03g13180,leaf procambium,Leaf,prx37,PCMDB
Os03g0234900,LOC_Os03g13200,"leaf epidermis,leaf mesophyll,mestome sheath,leaf procambium,Xylem",Leaf,prx39,PCMDB
Os03g0235000,LOC_Os03g13210,leaf procambium,Leaf,poxN,PCMDB
Os03g0236200,LOC_Os03g13300,"leaf epidermis,leaf mesophyll,mestome sheath,leaf procambium",Leaf,OsGAD3,PCMDB
Os03g0237000,LOC_Os03g13380,"leaf epidermis,leaf mesophyll",Leaf,OJ1081D05.4,PCMDB
Os03g0237500,LOC_Os03g13450,leaf epidermis,Leaf,Os03g0237500,PCMDB
Os03g0237600,LOC_Os03g13460,"leaf epidermis,leaf mesophyll,mestome sheath,leaf procambium",Leaf,Os03g0237600,PCMDB
Os03g0237950,LOC_Os03g13490,leaf procambium,Leaf,Os03g0237950,PCMDB
Os03g0238300,LOC_Os03g13520,"leaf epidermis,leaf mesophyll,leaf procambium",Leaf,Os03g0238300,PCMDB
Os03g0238600,LOC_Os03g13540,"leaf mesophyll,mestome sheath,leaf procambium",Leaf,OsPAP3c,PCMDB
Os03g0238800,LOC_Os03g13560,"leaf mesophyll,leaf procambium",Leaf,Os03g0238800,PCMDB
Os03g0239200,LOC_Os03g13590,leaf mesophyll,Leaf,TTA,PCMDB
Os03g0239300,LOC_Os03g13600,mestome sheath,Leaf,Os03g0239300,PCMDB
Os03g0239400,LOC_Os03g13614,leaf procambium,Leaf,OsbZIP26,PCMDB
Os03g0240500,LOC_Os03g13730,"leaf epidermis,leaf mesophyll,leaf procambium,Mesophyll precursor",Leaf,Os03g0240500,PCMDB
Os03g0240600,LOC_Os03g13740,"leaf epidermis,mestome sheath,leaf procambium",Leaf,OsUPS,PCMDB
Os03g0240700,LOC_Os03g13750,"leaf epidermis,leaf mesophyll",Leaf,Os03g0240700,PCMDB
Os03g0240800,LOC_Os03g13760,"leaf epidermis,leaf procambium",Leaf,Os03g0240800,PCMDB
Os03g0241300,LOC_Os03g13810,"leaf mesophyll,mestome sheath",Leaf,OsPE,PCMDB
Os03g0242200,LOC_Os03g13860,leaf mesophyll,Leaf,Os03g0242200,PCMDB
Os03g0242300,LOC_Os03g13870,"leaf epidermis,leaf mesophyll",Leaf,Os03g0242300,PCMDB
Os03g0243100,LOC_Os03g13950,leaf mesophyll,Leaf,OsADF5,PCMDB
Os03g0243350,LOC_Os03g13976,leaf procambium,Leaf,Os03g0243350,PCMDB
Os03g0243600,LOC_Os03g14000,"leaf epidermis,leaf mesophyll",Leaf,OsACBP5,PCMDB
Os03g0244200,LOC_Os03g14050,leaf mesophyll,Leaf,Os03g0244200,PCMDB
Os03g0245100,LOC_Os03g14120,leaf mesophyll,Leaf,DAPB2,PCMDB
Os03g0245200,LOC_Os03g14130,leaf epidermis,Leaf,Os03g0245200,PCMDB
Os03g0245500,LOC_Os03g14150,mestome sheath,Leaf,Os03g0245500,PCMDB
Os03g0245700,LOC_Os03g14170,"leaf epidermis,leaf mesophyll,mestome sheath,leaf procambium",Leaf,Os03g0245700,PCMDB
Os03g0245800,LOC_Os03g14180,"leaf epidermis,leaf mesophyll,mestome sheath,leaf procambium",Leaf,OsHSP26,PCMDB
Os03g0246500,LOC_Os03g14250,"leaf epidermis,leaf mesophyll,mestome sheath,leaf procambium",Leaf,Os03g0246500,PCMDB
Os03g0247000,LOC_Os03g14280,"leaf mesophyll,Mesophyll precursor",Leaf,OsClpT,PCMDB
Os03g0247900,LOC_Os03g14370,leaf mesophyll,Leaf,OsACR9,PCMDB
Os03g0248600,LOC_Os03g14450,"leaf epidermis,leaf mesophyll,mestome sheath,leaf procambium,Phloem",Leaf,OsEno2,PCMDB
Os03g0249200,LOC_Os03g14510,leaf mesophyll,Leaf,Os03g0249200,PCMDB
Os03g0249400,LOC_Os03g14530,"leaf epidermis,leaf mesophyll,leaf procambium",Leaf,Os03g0249400,PCMDB
Os03g0249500,LOC_Os03g14540,"leaf epidermis,leaf mesophyll",Leaf,OsUGlcAE1,PCMDB
Os03g0249700,LOC_Os03g14570,"mestome sheath,leaf procambium,Phloem",Leaf,Os03g0249700,PCMDB
Os03g0250000,LOC_Os03g14590,"leaf epidermis,leaf mesophyll,mestome sheath,leaf procambium,Leaf preprocambium",Leaf,OsSCS1,PCMDB
Os03g0251800,LOC_Os03g14720,"leaf mesophyll,leaf procambium",Leaf,Os03g0251800,PCMDB
Os03g0252100,LOC_Os03g14730,"leaf epidermis,leaf mesophyll,leaf procambium",Leaf,Os03g0252100,PCMDB
Os03g0252800,LOC_Os03g14800,mestome sheath,Leaf,Os03g0252800,PCMDB
Os03g0253600,LOC_Os03g14880,"leaf epidermis,leaf mesophyll,mestome sheath,leaf procambium",Leaf,Os03g0253600,PCMDB
Os03g0254000,LOC_Os03g14900,leaf epidermis,Leaf,Os03g0254000,PCMDB
Os03g0254400,LOC_Os03g14950,leaf epidermis,Leaf,OspPLAIIIalpha,PCMDB
Os03g0254700,LOC_Os03g14980,"leaf epidermis,leaf mesophyll,leaf procambium",Leaf,OsWD40-66,PCMDB
Os03g0254800,LOC_Os03g14990,"leaf mesophyll,mestome sheath,leaf procambium",Leaf,CS,PCMDB
Os03g0254900,LOC_Os03g15000,leaf mesophyll,Leaf,Os03g0254900,PCMDB
Os03g0255100,LOC_Os03g15020,leaf epidermis,Leaf,OsBgal8,PCMDB
Os03g0255200,LOC_Os03g15033,"leaf epidermis,leaf mesophyll",Leaf,Os03g0255200,PCMDB
Os03g0255500,LOC_Os03g15050,"leaf epidermis,leaf mesophyll,mestome sheath,leaf procambium",Leaf,Os03g0255500,PCMDB
Os03g0255900,LOC_Os03g15080,"leaf epidermis,leaf mesophyll,mestome sheath,leaf procambium",Leaf,Os03g0255900,PCMDB
Os03g0258200,LOC_Os03g15270,leaf mesophyll,Leaf,Os03g0258200,PCMDB
Os03g0259600,LOC_Os03g15380,leaf epidermis,Leaf,Os03g0259600,PCMDB
Os03g0261100,LOC_Os03g15460,"leaf epidermis,leaf mesophyll,mestome sheath,leaf procambium",Leaf,PLA2-II,PCMDB
Os03g0261800,LOC_Os03g15530,"mestome sheath,leaf procambium",Leaf,Os03g0261800,PCMDB
Os03g0262100,LOC_Os03g15560,leaf procambium,Leaf,OsMed9_2,PCMDB
Os03g0262200,LOC_Os03g15570,"leaf mesophyll,leaf procambium",Leaf,Os03g0262200,PCMDB
Os03g0262400,LOC_Os03g15590,mestome sheath,Leaf,NCBP,PCMDB
Os03g0262500,LOC_Os03g15600,leaf mesophyll,Leaf,Os03g0262500,PCMDB
Os03g0262700,LOC_Os03g15630,leaf mesophyll,Leaf,Os03g0262700,PCMDB
Os03g0262900,LOC_Os03g15650,leaf mesophyll,Leaf,GLUP6/GEF,PCMDB
Os03g0263000,LOC_Os03g15660,leaf mesophyll,Leaf,OsERF#009,PCMDB
Os03g0263700,LOC_Os03g15720,"leaf epidermis,leaf mesophyll,mestome sheath",Leaf,Os03g0263700,PCMDB
Os03g0263800,LOC_Os03g15730,"leaf epidermis,leaf mesophyll",Leaf,Os03g0263800,PCMDB
Os03g0264000,LOC_Os03g15750,"leaf mesophyll,leaf procambium",Leaf,Os03g0264000,PCMDB
Os03g0264400,LOC_Os03g15780,"leaf epidermis,leaf mesophyll,mestome sheath,leaf procambium",Leaf,OASA2,PCMDB
Os03g0265200,LOC_Os03g15850,mestome sheath,Leaf,Os03g0265200,PCMDB
Os03g0265400,LOC_Os03g15870,"leaf mesophyll,leaf procambium",Leaf,Os03g0265400,PCMDB
Os03g0265700,LOC_Os03g15900,leaf procambium,Leaf,Os03g0265700,PCMDB
Os03g0265800,LOC_Os03g15910,"leaf epidermis,leaf mesophyll,mestome sheath,leaf procambium",Leaf,Os03g0265800,PCMDB
Os03g0265900,LOC_Os03g15920,"leaf epidermis,leaf mesophyll,leaf procambium",Leaf,Os03g0265900,PCMDB
Os03g0266000,LOC_Os03g15930,"leaf mesophyll,leaf procambium",Leaf,Os03g0266000,PCMDB
Os03g0266100,LOC_Os03g15940,leaf epidermis,Leaf,Os03g0266100,PCMDB
Os03g0266300,LOC_Os03g15960,leaf epidermis,Leaf,Oshsp17.9A,PCMDB
Os03g0266900,LOC_Os03g16020,"leaf epidermis,mestome sheath",Leaf,OsHsp17.3,PCMDB
Os03g0267000,LOC_Os03g16030,"leaf mesophyll,leaf epidermis,mestome sheath,leaf procambium",Leaf,OsHSP18.0-CI,PCMDB
Os03g0267200,LOC_Os03g16040,"leaf epidermis,leaf mesophyll,mestome sheath",Leaf,OsHsp17.7,PCMDB
Os03g0267300,LOC_Os03g16050,"leaf mesophyll,Mesophyll precursor",Leaf,OsCFR,PCMDB
Os03g0268100,LOC_Os03g16120,"leaf epidermis,leaf mesophyll",Leaf,Os03g0268100,PCMDB
Os03g0268300,LOC_Os03g16140,"leaf epidermis,leaf mesophyll,mestome sheath,leaf procambium",Leaf,OSJNBa0071M09.1,PCMDB
Os03g0268400,LOC_Os03g16150,mestome sheath,Leaf,OsMPG3,PCMDB
Os03g0268600,LOC_Os03g16170,leaf mesophyll,Leaf,OsPP2C30,PCMDB
Os03g0268900,LOC_Os03g16210,leaf mesophyll,Leaf,Os03g0268900,PCMDB
Os03g0269000,LOC_Os03g16220,"leaf epidermis,leaf mesophyll,leaf procambium",Leaf,Os03g0269000,PCMDB
Os03g0269100,LOC_Os03g16230,"leaf mesophyll,leaf procambium",Leaf,OsSAG13,PCMDB
Os03g0269300,LOC_Os03g16260,mestome sheath,Leaf,Os03g0269300,PCMDB
Os03g0270500,LOC_Os03g16390,leaf mesophyll,Leaf,Os03g0270500,PCMDB
Os03g0270700,LOC_Os03g16400,"leaf epidermis,leaf mesophyll",Leaf,OsDW1-03g,PCMDB
Os03g0271350,LOC_Os03g16460,leaf epidermis,Leaf,Os03g0271350,PCMDB
Os03g0271400,LOC_Os03g16460,leaf epidermis,Leaf,Os03g0271400,PCMDB
Os03g0271500,LOC_Os03g16470,"leaf epidermis,leaf mesophyll,mestome sheath,leaf procambium,Mesophyll precursor",Leaf,Os03g0271500,PCMDB
Os03g0273200,LOC_Os03g16610,"mestome sheath,leaf procambium",Leaf,Lac,PCMDB
Os03g0273800,LOC_Os03g16670,"leaf mesophyll,mestome sheath,leaf procambium",Leaf,Os03g0273800,PCMDB
Os03g0274000,LOC_Os03g16690,leaf procambium,Leaf,Os03g0274000,PCMDB
Os03g0274300,LOC_Os03g16700,"leaf epidermis,leaf mesophyll,mestome sheath,leaf procambium",Leaf,Os03g0274300,PCMDB
Os03g0274400,LOC_Os03g16709,leaf mesophyll,Leaf,Os03g0274400,PCMDB
Os03g0274800,LOC_Os03g16740,leaf epidermis,Leaf,OsRLCK107,PCMDB
Os03g0275500,LOC_Os03g16800,mestome sheath,Leaf,Os03g0275500,PCMDB
Os03g0276500,LOC_Os03g16860,"leaf epidermis,leaf mesophyll,mestome sheath,leaf procambium",Leaf,OsHsp71.1,PCMDB
Os03g0276700,LOC_Os03g16874,"leaf epidermis,leaf mesophyll,leaf procambium",Leaf,Os03g0276700,PCMDB
Os03g0277300,LOC_Os03g16920,"leaf epidermis,mestome sheath",Leaf,HSP70,PCMDB
Os03g0277600,LOC_Os03g16950,leaf mesophyll,Leaf,OsDUF26,PCMDB
Os03g0278000,LOC_Os03g16980,"leaf epidermis,leaf mesophyll,mestome sheath,leaf procambium",Leaf,UXS,PCMDB
Os03g0278200,LOC_Os03g17000,"leaf epidermis,leaf mesophyll,mestome sheath,leaf procambium",Leaf,Os03g0278200,PCMDB
Os03g0278900,LOC_Os03g17070,"leaf mesophyll,leaf procambium",Leaf,Os03g0278900,PCMDB
Os03g0279000,LOC_Os03g17084,"leaf mesophyll,leaf initial cell",Leaf,H2B1,PCMDB
Os03g0279200,LOC_Os03g17100,"leaf mesophyll,leaf initial cell",Leaf,Os03g0279200,PCMDB
Os03g0279400,LOC_Os03g17120,"leaf epidermis,leaf mesophyll,leaf procambium",Leaf,Os03g0279400,PCMDB
Os03g0279600,LOC_Os03g17140,"leaf epidermis,leaf mesophyll",Leaf,Os03g0279600,PCMDB
Os03g0280000,LOC_Os03g17180,"leaf epidermis,leaf mesophyll,mestome sheath,leaf procambium",Leaf,OsABCB13,PCMDB
Os03g0281000,LOC_Os03g17240,leaf epidermis,Leaf,Os03g0281000,PCMDB
Os03g0281466,LOC_Os03g17310,"leaf epidermis,leaf mesophyll",Leaf,Os03g0281466,PCMDB
Os03g0281600,LOC_Os03g17310,"leaf epidermis,leaf mesophyll",Leaf,OsECA1,PCMDB
Os03g0281900,LOC_Os03g17350,mestome sheath,Leaf,ABCG5,PCMDB
Os03g0282900,LOC_Os03g17450,"leaf epidermis,leaf mesophyll",Leaf,Os03g0282900,PCMDB
Os03g0283100,LOC_Os03g17470,"leaf epidermis,leaf mesophyll,mestome sheath,leaf procambium,Phloem",Leaf,OsGSTL2,PCMDB
Os03g0283200,LOC_Os03g17480,"mestome sheath,leaf procambium",Leaf,OsGSTL1,PCMDB
Os03g0283300,LOC_Os03g17490,"leaf mesophyll,leaf procambium",Leaf,Os03g0283300,PCMDB
Os03g0283600,LOC_Os03g17520,"leaf epidermis,leaf mesophyll",Leaf,Os03g0283600,PCMDB
Os03g0283800,LOC_Os03g17540,"leaf mesophyll,leaf procambium",Leaf,Os03g0283800,PCMDB
Os03g0284400,LOC_Os03g17580,"leaf mesophyll,mestome sheath,leaf procambium",Leaf,Os03g0284400,PCMDB
Os03g0284600,LOC_Os03g17600,leaf mesophyll,Leaf,Os03g0284600,PCMDB
Os03g0285100,LOC_Os03g17660,leaf mesophyll,Leaf,Os03g0285100,PCMDB
Os03g0285166,LOC_Os03g17660,leaf mesophyll,Leaf,Os03g0285166,PCMDB
Os03g0285700,LOC_Os03g17690,"leaf mesophyll,mestome sheath",Leaf,OsAPX1,PCMDB
Os03g0285800,LOC_Os03g17700,"leaf mesophyll,leaf procambium",Leaf,OsMSRMK2,PCMDB
Os03g0286500,LOC_Os03g17760,leaf mesophyll,Leaf,Os03g0286500,PCMDB
Os03g0286900,LOC_Os03g17790,"leaf epidermis,leaf mesophyll,mestome sheath",Leaf,OsRCI2-5,PCMDB
Os03g0287400,LOC_Os03g17810,"leaf epidermis,leaf mesophyll,leaf procambium",Leaf,Os03g0287400,PCMDB
Os03g0288400,LOC_Os03g17910,"leaf mesophyll,leaf procambium",Leaf,Os03g0288400,PCMDB
Os03g0288600,LOC_Os03g17930,leaf mesophyll,Leaf,SIP6,PCMDB
Os03g0289100,LOC_Os03g17980,leaf epidermis,Leaf,OSK3,PCMDB
Os03g0289200,LOC_Os03g17990,"leaf epidermis,leaf mesophyll,leaf procambium",Leaf,Os03g0289200,PCMDB
Os03g0289800,LOC_Os03g18030,"mestome sheath,leaf procambium",Leaf,Os03g0289800,PCMDB
Os03g0290300,LOC_Os03g18070,"leaf epidermis,leaf mesophyll,mestome sheath",Leaf,OsFAD7,PCMDB
Os03g0291200,LOC_Os03g18120,mestome sheath,Leaf,OsTBL8,PCMDB
Os03g0291500,LOC_Os03g18130,"leaf epidermis,leaf mesophyll,mestome sheath,leaf procambium",Leaf,ASN1,PCMDB
Os03g0292100,LOC_Os03g18150,"leaf epidermis,leaf mesophyll,mestome sheath,leaf procambium",Leaf,OsPP2C32,PCMDB
Os03g0292200,LOC_Os03g18160,"leaf epidermis,leaf procambium",Leaf,Os03g0292200,PCMDB
Os03g0292800,LOC_Os03g18180,"mestome sheath,Xylem",Leaf,Os03g0292800,PCMDB
Os03g0293000,LOC_Os03g18200,leaf procambium,Leaf,OsERdj3A,PCMDB
Os03g0293100,LOC_Os03g18200,leaf procambium,Leaf,Os03g0293100,PCMDB
Os03g0293500,LOC_Os03g18220,"leaf epidermis,leaf mesophyll,mestome sheath,leaf procambium",Leaf,pdc2*,PCMDB
Os03g0293600,LOC_Os03g18230,leaf mesophyll,Leaf,Os03g0293600,PCMDB
Os03g0293700,LOC_Os03g18250,leaf,Leaf,Os03g0293700,PCMDB
Os03g0295300,LOC_Os03g18400,"leaf epidermis,leaf mesophyll",Leaf,Os03g0295300,PCMDB
Os03g0295500,LOC_Os03g18420,"leaf epidermis,leaf mesophyll,mestome sheath,leaf procambium",Leaf,Os03g0295500,PCMDB
Os03g0295800,LOC_Os03g18454,"leaf epidermis,leaf mesophyll,leaf procambium",Leaf,Os03g0295800,PCMDB
Os03g0296200,LOC_Os03g18490,leaf mesophyll,Leaf,Os03g0296200,PCMDB
Os03g0296400,LOC_Os03g18510,"leaf mesophyll,mestome sheath",Leaf,Os03g0296400,PCMDB
Os03g0296600,LOC_Os03g18530,"leaf epidermis,leaf mesophyll,leaf procambium",Leaf,Os03g0296600,PCMDB
Os03g0296800,LOC_Os03g18550,mestome sheath,Leaf,MIT,PCMDB
Os03g0297000,LOC_Os03g18560,leaf mesophyll,Leaf,Os03g0297000,PCMDB
Os03g0297100,LOC_Os03g18570,"leaf epidermis,leaf mesophyll",Leaf,RPS7a,PCMDB
Os03g0297300,LOC_Os03g18580,"leaf epidermis,leaf mesophyll",Leaf,Os03g0297300,PCMDB
Os03g0297400,LOC_Os03g18590,"leaf epidermis,leaf mesophyll,mestome sheath,leaf procambium",Leaf,Os03g0297400,PCMDB
Os03g0297600,LOC_Os03g18600,"leaf epidermis,leaf mesophyll,leaf procambium",Leaf,OsPYL/RCAR4,PCMDB
Os03g0297900,LOC_Os03g18640,mestome sheath,Leaf,OsLAC12,PCMDB
Os03g0298300,LOC_Os03g18680,"leaf mesophyll,mestome sheath",Leaf,Os03g0298300,PCMDB
Os03g0298400,LOC_Os03g18690,mestome sheath,Leaf,OsRPT2b,PCMDB
Os03g0299200,LOC_Os03g18740,"leaf mesophyll,mestome sheath,leaf procambium",Leaf,Os03g0299200,PCMDB
Os03g0299600,LOC_Os03g18770,leaf procambium,Leaf,Os03g0299600,PCMDB
Os03g0299800,LOC_Os03g18790,leaf procambium,Leaf,Os03g0299800,PCMDB
Os03g0299900,LOC_Os03g18810,"leaf epidermis,leaf mesophyll,leaf procambium",Leaf,OsAGD2,PCMDB
Os03g0300000,LOC_Os03g18820,"leaf epidermis,leaf mesophyll,mestome sheath,leaf procambium",Leaf,OsXXT1,PCMDB
Os03g0300400,LOC_Os03g18850,"leaf epidermis,leaf mesophyll,mestome sheath,leaf procambium,leaf initial cell",Leaf,JIOsPR10,PCMDB
Os03g0300900,LOC_Os03g18890,leaf mesophyll,Leaf,Os03g0300900,PCMDB
Os03g0301200,LOC_Os03g18910,"leaf epidermis,leaf mesophyll,mestome sheath,leaf procambium",Leaf,Os03g0301200,PCMDB
Os03g0302200,LOC_Os03g19020,"leaf epidermis,leaf mesophyll,mestome sheath,leaf procambium",Leaf,OsRFP,PCMDB
Os03g0302700,LOC_Os03g19059,"leaf epidermis,leaf mesophyll",Leaf,APC11,PCMDB
Os03g0302800,LOC_Os03g19070,leaf mesophyll,Leaf,Os03g0302800,PCMDB
Os03g0304800,LOC_Os03g19220,"leaf mesophyll,mestome sheath,leaf procambium",Leaf,Os03g0304800,PCMDB
Os03g0305000,LOC_Os03g19240,"leaf mesophyll,leaf procambium",Leaf,Os03g0305000,PCMDB
Os03g0305100,LOC_Os03g19250,"leaf mesophyll,leaf procambium,Mesophyll precursor",Leaf,Os03g0305100,PCMDB
Os03g0305400,LOC_Os03g19270,"leaf epidermis,leaf mesophyll,mestome sheath,leaf procambium",Leaf,Os03g0305400,PCMDB
Os03g0305600,LOC_Os03g19290,"leaf epidermis,leaf mesophyll",Leaf,Os03g0305600,PCMDB
Os03g0305800,LOC_Os03g19310,"leaf mesophyll,leaf procambium",Leaf,OsGT4,PCMDB
Os03g0306700,LOC_Os03g19370,leaf mesophyll,Leaf,OsbZIP27,PCMDB
Os03g0306800,LOC_Os03g19380,"leaf epidermis,leaf mesophyll,mestome sheath,leaf procambium",Leaf,OsCP12,PCMDB
Os03g0307000,LOC_Os03g19400,"leaf mesophyll,leaf procambium",Leaf,Os03g0307000,PCMDB
Os03g0307200,LOC_Os03g19420,leaf,Leaf,NAS2,PCMDB
Os03g0307300,LOC_Os03g19427,leaf,Leaf,OsNAS1,PCMDB
Os03g0308000,LOC_Os03g19500,"leaf epidermis,leaf mesophyll",Leaf,OsUBC45,PCMDB
Os03g0308100,LOC_Os03g19510,leaf mesophyll,Leaf,OsClpP5,PCMDB
Os03g0308800,LOC_Os03g19560,"leaf epidermis,leaf mesophyll,leaf procambium",Leaf,Os03g0308800,PCMDB
Os03g0309000,LOC_Os03g19580,"leaf mesophyll,mestome sheath",Leaf,Os03g0309000,PCMDB
Os03g0309800,LOC_Os03g19650,leaf mesophyll,Leaf,Os03g0309800,PCMDB
Os03g0310400,LOC_Os03g19680,"leaf epidermis,leaf mesophyll,mestome sheath,leaf procambium",Leaf,Os03g0310400,PCMDB
Os03g0310800,LOC_Os03g19720,"leaf epidermis,leaf mesophyll,leaf procambium",Leaf,Os03g0310800,PCMDB
Os03g0311300,LOC_Os03g19760,leaf mesophyll,Leaf,Os03g0311300,PCMDB
Os03g0312300,LOC_Os03g19840,"leaf epidermis,leaf mesophyll,leaf procambium",Leaf,Os03g0312300,PCMDB
Os03g0312600,LOC_Os03g19870,leaf procambium,Leaf,Os03g0312600,PCMDB
Os03g0313000,LOC_Os03g19890,"leaf epidermis,leaf mesophyll,leaf procambium",Leaf,Os03g0313000,PCMDB
Os03g0313600,LOC_Os03g19930,leaf mesophyll,Leaf,Os03g0313600,PCMDB
Os03g0313800,LOC_Os03g19940,leaf mesophyll,Leaf,Os03g0313800,PCMDB
Os03g0314100,LOC_Os03g19960,"leaf epidermis,leaf mesophyll,leaf procambium",Leaf,PRP-22,PCMDB
Os03g0314200,LOC_Os03g19970,mestome sheath,Leaf,Os03g0314200,PCMDB
Os03g0314700,LOC_Os03g20010,leaf mesophyll,Leaf,OsISC11,PCMDB
Os03g0314800,LOC_Os03g20020,leaf mesophyll,Leaf,OsNIN1,PCMDB
Os03g0315400,LOC_Os03g20090,"leaf mesophyll,Mesophyll precursor",Leaf,OsMYB2,PCMDB
Os03g0315800,LOC_Os03g20100,"leaf epidermis,leaf mesophyll,mestome sheath,leaf procambium",Leaf,Os03g0315800,PCMDB
Os03g0316200,LOC_Os03g20120,"leaf epidermis,leaf mesophyll,mestome sheath,leaf procambium",Leaf,OsGolS1,PCMDB
Os03g0316900,LOC_Os03g20170,"leaf epidermis,leaf mesophyll",Leaf,OsABCI15,PCMDB
Os03g0317000,LOC_Os03g20180,"leaf epidermis,mestome sheath",Leaf,Os03g0317000,PCMDB
Os03g0317300,LOC_Os03g20210,mestome sheath,Leaf,Os03g0317300,PCMDB
Os03g0318400,LOC_Os03g20290,"mestome sheath,leaf procambium",Leaf,Os03g0318400,PCMDB
Os03g0318500,LOC_Os03g20300,leaf mesophyll,Leaf,OsG6PDH5,PCMDB
Os03g0319400,LOC_Os03g20380,"leaf epidermis,mestome sheath",Leaf,CK1,PCMDB
Os03g0320600,LOC_Os03g20440,"leaf mesophyll,leaf procambium,Mesophyll precursor",Leaf,OsVQ11,PCMDB
Os03g0321000,LOC_Os03g20470,"leaf mesophyll,mestome sheath",Leaf,Os03g0321000,PCMDB
Os03g0321300,LOC_Os03g20500,leaf epidermis,Leaf,OsFbox137,PCMDB
Os03g0321500,LOC_Os03g20530,leaf epidermis,Leaf,Os03g0321500,PCMDB
Os03g0321800,LOC_Os03g20560,leaf mesophyll,Leaf,Os03g0321800,PCMDB
Os03g0322200,LOC_Os03g20600,mestome sheath,Leaf,Os03g0322200,PCMDB
Os03g0322500,LOC_Os03g20630,"leaf epidermis,leaf mesophyll",Leaf,Os03g0322500,PCMDB
Os03g0322600,LOC_Os03g20640,"leaf mesophyll,Mesophyll precursor",Leaf,Os03g0322600,PCMDB
Os03g0322800,LOC_Os03g20670,"leaf epidermis,mestome sheath",Leaf,Os03g0322800,PCMDB
Os03g0323200,LOC_Os03g20700,leaf mesophyll,Leaf,OsChlH,PCMDB
Os03g0323500,LOC_Os03g20720,"leaf epidermis,mestome sheath",Leaf,Os03g0323500,PCMDB
Os03g0323600,LOC_Os03g20730,"leaf epidermis,leaf mesophyll,leaf procambium",Leaf,OsDjC29,PCMDB
Os03g0323900,LOC_Os03g20760,leaf epidermis,Leaf,OsLTPG4,PCMDB
Os03g0324200,LOC_Os03g20780,mestome sheath,Leaf,EIL1,PCMDB
Os03g0324800,LOC_Os03g20860,"leaf epidermis,leaf mesophyll",Leaf,Os03g0324800,PCMDB
Os03g0326000,LOC_Os03g20949,"leaf epidermis,mestome sheath,leaf procambium",Leaf,Os03g0326000,PCMDB
Os03g0326100,LOC_Os03g20949,"leaf epidermis,mestome sheath,leaf procambium",Leaf,Os03g0326100,PCMDB
Os03g0326200,LOC_Os03g20970,"leaf mesophyll,leaf procambium",Leaf,Os03g0326200,PCMDB
Os03g0326500,LOC_Os03g21000,leaf procambium,Leaf,Os03g0326500,PCMDB
Os03g0327100,LOC_Os03g21030,"leaf epidermis,leaf mesophyll,mestome sheath,leaf procambium",Leaf,ONAC039,PCMDB
Os03g0327600,LOC_Os03g21040,mestome sheath,Leaf,R40C1,PCMDB
Os03g0328900,LOC_Os03g21140,leaf mesophyll,Leaf,OsC3H22,PCMDB
Os03g0329500,LOC_Os03g21210,"leaf epidermis,mestome sheath",Leaf,OsCel9D,PCMDB
Os03g0329700,LOC_Os03g21230,leaf mesophyll,Leaf,Os03g0329700,PCMDB
Os03g0330300,LOC_Os03g21270,"leaf mesophyll,leaf procambium",Leaf,Os03g0330300,PCMDB
Os03g0331600,LOC_Os03g21370,"leaf epidermis,leaf mesophyll,mestome sheath,leaf procambium,Mesophyll precursor",Leaf,OsLCAA,PCMDB
Os03g0331700,LOC_Os03g21380,"leaf mesophyll,mestome sheath,leaf procambium",Leaf,OsCML27,PCMDB
Os03g0332400,LOC_Os03g21460,"leaf epidermis,leaf mesophyll,leaf procambium",Leaf,GLYII-2,PCMDB
Os03g0332600,LOC_Os03g21490,"leaf epidermis,leaf mesophyll",Leaf,Os03g0332600,PCMDB
Os03g0332700,LOC_Os03g21490,"leaf epidermis,leaf mesophyll",Leaf,OsABCI3_1,PCMDB
Os03g0333200,LOC_Os03g21540,leaf procambium,Leaf,DRUS1,PCMDB
Os03g0333400,LOC_Os03g21560,"leaf mesophyll,leaf procambium",Leaf,Os03g0333400,PCMDB
Os03g0334000,LOC_Os03g21620,"leaf mesophyll,leaf procambium",Leaf,Os03g0334000,PCMDB
Os03g0334200,LOC_Os03g21640,"leaf epidermis,leaf mesophyll,leaf procambium",Leaf,Os03g0334200,PCMDB
Os03g0336200,LOC_Os03g21800,leaf epidermis,Leaf,RF2b,PCMDB
Os03g0336600,LOC_Os03g21840,"leaf epidermis,leaf mesophyll,mestome sheath,leaf procambium",Leaf,Os03g0336600,PCMDB
Os03g0337500,LOC_Os03g21890,mestome sheath,Leaf,OsHAK8,PCMDB
Os03g0337600,LOC_Os03g21900,"leaf epidermis,leaf mesophyll",Leaf,UroD,PCMDB
Os03g0337800,LOC_Os03g21940,"leaf epidermis,leaf mesophyll",Leaf,RPL19.3,PCMDB
Os03g0339300,LOC_Os03g22010,"leaf mesophyll,leaf procambium,leaf sheath",Leaf,prx41,PCMDB
Os03g0339400,LOC_Os03g22020,mestome sheath,Leaf,prx40,PCMDB
Os03g0340500,LOC_Os03g22120,leaf mesophyll,Leaf,SUS4,PCMDB
Os03g0340900,LOC_Os03g22160,"leaf mesophyll,leaf procambium",Leaf,RSH1,PCMDB
Os03g0341100,LOC_Os03g22180,"leaf epidermis,leaf mesophyll",Leaf,Os03g0341100,PCMDB
Os03g0343400,LOC_Os03g22330,"leaf epidermis,leaf mesophyll,leaf procambium",Leaf,Os03g0343400,PCMDB
Os03g0343500,LOC_Os03g22340,"leaf epidermis,leaf mesophyll",Leaf,bip108,PCMDB
Os03g0343900,LOC_Os03g22370,"leaf epidermis,leaf mesophyll,mestome sheath,leaf procambium",Leaf,PsbX,PCMDB
Os03g0344100,LOC_Os03g22380,"leaf mesophyll,leaf procambium",Leaf,Os03g0344100,PCMDB
Os03g0344700,LOC_Os03g22420,"leaf mesophyll,leaf procambium",Leaf,Os03g0344700,PCMDB
Os03g0345200,LOC_Os03g22460,leaf mesophyll,Leaf,RPS21,PCMDB
Os03g0345700,LOC_Os03g22490,leaf mesophyll,Leaf,Os03g0345700,PCMDB
Os03g0346150,LOC_Os03g22510,"leaf epidermis,leaf mesophyll,mestome sheath,leaf procambium",Leaf,Os03g0346150,PCMDB
Os03g0346200,LOC_Os03g22510,"leaf epidermis,leaf mesophyll,mestome sheath,leaf procambium",Leaf,RAA2,PCMDB
Os03g0346900,LOC_Os03g22560,leaf mesophyll,Leaf,Os03g0346900,PCMDB
Os03g0347900,LOC_Os03g22620,leaf,Leaf,Os03g0347900,PCMDB
Os03g0348200,LOC_Os03g22634,leaf,Leaf,OsTPS10,PCMDB
Os03g0349600,LOC_Os03g22720,"leaf epidermis,leaf mesophyll,leaf procambium",Leaf,Os03g0349600,PCMDB
Os03g0350300,LOC_Os03g22740,"leaf epidermis,leaf mesophyll",Leaf,BIP102,PCMDB
Os03g0351100,LOC_Os03g22770,leaf epidermis,Leaf,OsP,PCMDB
Os03g0351200,LOC_Os03g22780,"leaf mesophyll,mestome sheath,leaf procambium",Leaf,OsDVR,PCMDB
Os03g0351300,LOC_Os03g22790,"leaf epidermis,leaf mesophyll,mestome sheath,leaf procambium",Leaf,Os03g0351300,PCMDB
Os03g0351400,LOC_Os03g22800,"leaf epidermis,leaf mesophyll,mestome sheath,leaf procambium",Leaf,OsTLP14,PCMDB
Os03g0351500,LOC_Os03g22810,"leaf epidermis,leaf mesophyll,leaf procambium",Leaf,SODCC1,PCMDB
Os03g0351700,LOC_Os03g22820,"leaf mesophyll,mestome sheath,leaf procambium",Leaf,Os03g0351700,PCMDB
Os03g0351800,LOC_Os03g22830,"leaf epidermis,leaf mesophyll",Leaf,OsRFP,PCMDB
Os03g0352400,LOC_Os03g22890,"leaf epidermis,leaf mesophyll,mestome sheath",Leaf,OsNug2,PCMDB
Os03g0352450,LOC_Os03g22900,leaf mesophyll,Leaf,Os03g0352450,PCMDB
Os03g0352500,LOC_Os03g22900,leaf mesophyll,Leaf,OsINO80,PCMDB
Os03g0352800,LOC_Os03g22950,"leaf epidermis,leaf mesophyll,mestome sheath,leaf procambium",Leaf,Os03g0352800,PCMDB
Os03g0353000,LOC_Os03g22960,leaf mesophyll,Leaf,Os03g0353000,PCMDB
Os03g0353400,LOC_Os03g23010,"leaf mesophyll,mestome sheath,leaf procambium",Leaf,Os03g0353400,PCMDB
Os03g0355600,LOC_Os03g23950,"leaf mesophyll,leaf procambium",Leaf,Os03g0355600,PCMDB
Os03g0356300,LOC_Os03g24020,leaf mesophyll,Leaf,Os03g0356300,PCMDB
Os03g0356414,LOC_Os03g24040,mestome sheath,Leaf,OsDIS1,PCMDB
Os03g0356484,LOC_Os03g24060,"leaf epidermis,mestome sheath",Leaf,Os03g0356484,PCMDB
Os03g0356526,LOC_Os03g24100,"leaf mesophyll,mestome sheath,leaf procambium",Leaf,Os03g0356526,PCMDB
Os03g0356582,LOC_Os03g24160,"leaf mesophyll,leaf procambium",Leaf,Os03g0356582,PCMDB
Os03g0356652,LOC_Os03g24184,"leaf epidermis,leaf mesophyll,mestome sheath",Leaf,Os03g0356652,PCMDB
Os03g0358000,LOC_Os03g24339,mestome sheath,Leaf,Os03g0358000,PCMDB
Os03g0360500,LOC_Os03g24580,leaf mesophyll,Leaf,Os03g0360500,PCMDB
Os03g0360600,LOC_Os03g24590,leaf mesophyll,Leaf,Os03g0360600,PCMDB
Os03g0360700,LOC_Os03g24600,"leaf epidermis,leaf mesophyll,mestome sheath,leaf procambium",Leaf,OsMSR1,PCMDB
Os03g0363500,LOC_Os03g24860,leaf mesophyll,Leaf,Os03g0363500,PCMDB
Os03g0365850,LOC_Os03g25040,leaf procambium,Leaf,Os03g0365850,PCMDB
Os03g0365900,LOC_Os03g25040,leaf procambium,Leaf,OsGELP50,PCMDB
Os03g0366000,LOC_Os03g25050,"leaf epidermis,leaf mesophyll,mestome sheath,leaf procambium",Leaf,Os03g0366000,PCMDB
Os03g0366200,LOC_Os03g25070,mestome sheath,Leaf,OsCRK1,PCMDB
Os03g0367900,LOC_Os03g25270,"leaf epidermis,leaf mesophyll,mestome sheath,leaf procambium",Leaf,Os03g0367900,PCMDB
Os03g0368900,LOC_Os03g25330,"leaf epidermis,leaf mesophyll,mestome sheath,leaf procambium",Leaf,prx45,PCMDB
Os03g0369800,LOC_Os03g25390,leaf epidermis,Leaf,OsNPSN12,PCMDB
Os03g0370000,LOC_Os03g25400,"leaf epidermis,leaf mesophyll,mestome sheath",Leaf,Ospdhk1,PCMDB
Os03g0374100,LOC_Os03g25720,mestome sheath,Leaf,Os03g0374100,PCMDB
Os03g0374400,LOC_Os03g25750,"leaf mesophyll,leaf procambium",Leaf,Os03g0374400,PCMDB
Os03g0374600,LOC_Os03g25790,"leaf mesophyll,leaf epidermis,mestome sheath,leaf procambium",Leaf,Os03g0374600,PCMDB
Os03g0376100,LOC_Os03g25940,leaf mesophyll,Leaf,Os03g0376100,PCMDB
Os03g0376600,LOC_Os03g25960,"leaf mesophyll,leaf procambium",Leaf,Os03g0376600,PCMDB
Os03g0379300,LOC_Os03g26210,leaf mesophyll,Leaf,OsIRO3,PCMDB
Os03g0381200,LOC_Os03g26450,"leaf epidermis,mestome sheath",Leaf,Os03g0381200,PCMDB
Os03g0381300,LOC_Os03g26460,"leaf epidermis,leaf mesophyll",Leaf,Os03g0381300,PCMDB
Os03g0383800,LOC_Os03g26630,"leaf mesophyll,leaf procambium",Leaf,Os03g0383800,PCMDB
Os03g0385400,LOC_Os03g26820,"leaf epidermis,leaf mesophyll,mestome sheath,leaf procambium",Leaf,OsLLA1,PCMDB
Os03g0385900,LOC_Os03g26860,"leaf epidermis,leaf mesophyll",Leaf,rps11,PCMDB
Os03g0386000,LOC_Os03g26870,"leaf epidermis,leaf mesophyll",Leaf,SRWD5,PCMDB
Os03g0386500,LOC_Os03g26910,"leaf epidermis,leaf mesophyll,mestome sheath,leaf procambium",Leaf,OsTPP9,PCMDB
Os03g0387100,LOC_Os03g26970,"leaf epidermis,leaf mesophyll,mestome sheath",Leaf,TT1,PCMDB
Os03g0387800,LOC_Os03g27010,leaf epidermis,Leaf,Os03g0387800,PCMDB
Os03g0388500,LOC_Os03g27080,"leaf epidermis,leaf mesophyll,mestome sheath,leaf procambium",Leaf,Os03g0388500,PCMDB
Os03g0389700,LOC_Os03g27230,leaf mesophyll,Leaf,OsDAHPS1,PCMDB
Os03g0389900,LOC_Os03g27250,leaf procambium,Leaf,JMJ711,PCMDB
Os03g0390000,LOC_Os03g27260,"leaf epidermis,leaf mesophyll",Leaf,RPS6,PCMDB
Os03g0390200,LOC_Os03g27280,leaf epidermis,Leaf,SAPK1,PCMDB
Os03g0390400,LOC_Os03g27290,"leaf epidermis,leaf mesophyll,mestome sheath,leaf procambium",Leaf,OsCOX6b1,PCMDB
Os03g0390600,LOC_Os03g27310,"mestome sheath,leaf initial cell",Leaf,H3,PCMDB
Os03g0392300,LOC_Os03g27450,"leaf epidermis,leaf mesophyll",Leaf,OsGB1a,PCMDB
Os03g0392600,LOC_Os03g27480,leaf mesophyll,Leaf,OsSCP14,PCMDB
Os03g0393700,LOC_Os03g27590,"leaf mesophyll,mestome sheath",Leaf,OsSCP18,PCMDB
Os03g0395000,LOC_Os03g27770,leaf mesophyll,Leaf,OsHO2,PCMDB
Os03g0395600,LOC_Os03g27820,"leaf epidermis,leaf mesophyll,leaf procambium",Leaf,Os03g0395600,PCMDB
Os03g0395900,LOC_Os03g27840,mestome sheath,Leaf,Os03g0395900,PCMDB
Os03g0397700,LOC_Os03g27990,"leaf mesophyll,leaf procambium",Leaf,Os03g0397700,PCMDB
Os03g0398600,LOC_Os03g28080,"leaf epidermis,leaf mesophyll,mestome sheath,leaf procambium",Leaf,Os03g0398600,PCMDB
Os03g0399800,LOC_Os03g28160,"leaf epidermis,leaf mesophyll,mestome sheath,leaf procambium",Leaf,Os03g0399800,PCMDB
Os03g0401300,LOC_Os03g28330,"leaf mesophyll,leaf epidermis",Leaf,SUS1,PCMDB
Os03g0401366,LOC_Os03g28330,"leaf mesophyll,leaf epidermis",Leaf,Os03g0401366,PCMDB
Os03g0401900,LOC_Os03g28400,"leaf epidermis,leaf mesophyll",Leaf,Os03g0401900,PCMDB
Os03g0401951,LOC_Os03g28389,"leaf epidermis,leaf mesophyll",Leaf,Os03g0401951,PCMDB
Os03g0402000,LOC_Os03g28400,"leaf epidermis,leaf mesophyll",Leaf,P0524G08.123,PCMDB
Os03g0402200,LOC_Os03g28420,"leaf epidermis,leaf mesophyll",Leaf,Os03g0402200,PCMDB
Os03g0402400,LOC_Os03g28410,leaf mesophyll,Leaf,Os03g0402400,PCMDB
Os03g0402800,LOC_Os03g28940,leaf mesophyll,Leaf,OsJAZ5,PCMDB
Os03g0405100,LOC_Os03g29180,"leaf epidermis,leaf mesophyll,mestome sheath,leaf procambium",Leaf,Os03g0405100,PCMDB
Os03g0405200,LOC_Os03g29184,"leaf epidermis,leaf mesophyll,mestome sheath,leaf procambium",Leaf,Os03g0405200,PCMDB
Os03g0405500,LOC_Os03g29190,"leaf mesophyll,mestome sheath,leaf procambium",Leaf,Os03g0405500,PCMDB
Os03g0405900,LOC_Os03g29240,"leaf epidermis,leaf mesophyll,mestome sheath",Leaf,Os03g0405900,PCMDB
Os03g0406100,LOC_Os03g29250,"leaf epidermis,leaf mesophyll,mestome sheath,leaf procambium",Leaf,OsSPX5,PCMDB
Os03g0406200,LOC_Os03g29260,"leaf epidermis,leaf mesophyll",Leaf,eEF-1beta2,PCMDB
Os03g0406250,LOC_Os03g29260,"leaf epidermis,leaf mesophyll",Leaf,Os03g0406250,PCMDB
Os03g0407900,LOC_Os03g29410,leaf mesophyll,Leaf,OsRLCK110,PCMDB
Os03g0408300,LOC_Os03g29460,"leaf epidermis,leaf mesophyll",Leaf,OSJNBa0030J19.9,PCMDB
Os03g0408500,LOC_Os03g29470,leaf mesophyll,Leaf,Os03g0408500,PCMDB
Os03g0410300,LOC_Os03g29680,"leaf mesophyll,leaf procambium",Leaf,ELF4_chr.3,PCMDB
Os03g0411300,LOC_Os03g29770,"leaf mesophyll,leaf procambium",Leaf,Os03g0411300,PCMDB
Os03g0411500,LOC_Os03g29810,leaf mesophyll,Leaf,VYL,PCMDB
Os03g0411800,LOC_Os03g29850,mestome sheath,Leaf,OsZIP2,PCMDB
Os03g0412300,LOC_Os03g29920,leaf epidermis,Leaf,Os03g0412300,PCMDB
Os03g0413100,LOC_Os03g29980,"leaf mesophyll,leaf procambium",Leaf,OsACR7,PCMDB
Os03g0413400,LOC_Os03g30000,mestome sheath,Leaf,Os03g0413400,PCMDB
Os03g0415200,LOC_Os03g30130,"leaf epidermis,leaf mesophyll,mestome sheath,leaf procambium",Leaf,OSJNBb0059G13.6,PCMDB
Os03g0417800,LOC_Os03g30430,"leaf epidermis,leaf mesophyll,mestome sheath,leaf procambium",Leaf,Os03g0417800,PCMDB
Os03g0418800,LOC_Os03g30550,mestome sheath,Leaf,Os03g0418800,PCMDB
Os03g0419100,LOC_Os03g30570,"leaf epidermis,leaf mesophyll,leaf procambium",Leaf,Os03g0419100,PCMDB
Os03g0421800,LOC_Os03g30830,leaf mesophyll,Leaf,OSJNBb0021K20.22,PCMDB
Os03g0423000,LOC_Os03g30920,leaf epidermis,Leaf,OsFbox152,PCMDB
Os03g0423850,LOC_Os03g31026,"leaf epidermis,leaf mesophyll",Leaf,Os03g0423850,PCMDB
Os03g0424800,LOC_Os03g31134,leaf mesophyll,Leaf,RPS19B,PCMDB
Os03g0425200,LOC_Os03g31170,"leaf epidermis,leaf mesophyll,leaf procambium",Leaf,Os03g0425200,PCMDB
Os03g0425800,LOC_Os03g31230,"leaf mesophyll,leaf procambium",Leaf,Os03g0425800,PCMDB
Os03g0426900,LOC_Os03g31300,"leaf epidermis,leaf mesophyll,mestome sheath",Leaf,ClpB-c,PCMDB
Os03g0427000,LOC_Os03g31310,leaf epidermis,Leaf,OSJNBa0083F15.24,PCMDB
Os03g0427900,LOC_Os03g31400,"leaf mesophyll,leaf procambium",Leaf,OsPUB1,PCMDB
Os03g0428800,LOC_Os03g31490,"leaf epidermis,leaf mesophyll,leaf procambium",Leaf,Os03g0428800,PCMDB
Os03g0429000,LOC_Os03g31510,"leaf mesophyll,leaf procambium",Leaf,Os03g0429000,PCMDB
Os03g0430000,LOC_Os03g31570,"leaf mesophyll,leaf procambium",Leaf,OSJNBa0091B22.9,PCMDB
Os03g0431100,LOC_Os03g31679,"leaf epidermis,leaf mesophyll,mestome sheath",Leaf,Os03g0431100,PCMDB
Os03g0432000,LOC_Os03g31740,leaf epidermis,Leaf,Os03g0432000,PCMDB
Os03g0432900,LOC_Os03g31839,mestome sheath,Leaf,Os03g0432900,PCMDB
Os03g0436300,LOC_Os03g32160,mestome sheath,Leaf,Osthi7,PCMDB
Os03g0436400,LOC_Os03g32170,"leaf mesophyll,leaf procambium",Leaf,OSJNBb0034P05.1,PCMDB
Os03g0437100,LOC_Os03g32220,leaf procambium,Leaf,OsDRZ1,PCMDB
Os03g0437200,LOC_Os03g32230,leaf epidermis,Leaf,ZFP36,PCMDB
Os03g0437600,LOC_Os03g32270,"leaf epidermis,leaf mesophyll,leaf procambium",Leaf,D14L,PCMDB
Os03g0438100,LOC_Os03g32314,"leaf epidermis,leaf mesophyll,mestome sheath,leaf procambium",Leaf,AOC,PCMDB
Os03g0438200,LOC_Os03g32314,"leaf epidermis,leaf mesophyll,mestome sheath,leaf procambium",Leaf,Os03g0438200,PCMDB
Os03g0439000,LOC_Os03g32420,"leaf mesophyll,mestome sheath",Leaf,Os03g0439000,PCMDB
Os03g0439500,LOC_Os03g32470,"leaf epidermis,leaf mesophyll,leaf procambium",Leaf,Os03g0439500,PCMDB
Os03g0439800,LOC_Os03g32499,"leaf epidermis,leaf mesophyll,mestome sheath,leaf procambium",Leaf,OSJNBa0054H04.31,PCMDB
Os03g0440900,LOC_Os03g32580,"leaf mesophyll,mestome sheath,leaf procambium",Leaf,OsI-BAK1,PCMDB
Os03g0442900,LOC_Os03g32790,mestome sheath,Leaf,Os03g0442900,PCMDB
Os03g0452300,LOC_Os03g34040,"leaf epidermis,leaf mesophyll,mestome sheath,leaf procambium,Mesophyll precursor",Leaf,Os03g0452300,PCMDB
Os03g0556600,LOC_Os03g35600,"leaf epidermis,leaf mesophyll,Leaf preprocambium",Leaf,Os03g0556600,PCMDB
Os03g0559700,LOC_Os03g36080,"leaf epidermis,leaf mesophyll,mestome sheath",Leaf,OSJNBa0023A13.4,PCMDB
Os03g0561400,LOC_Os03g36279,leaf mesophyll,Leaf,Os03g0561400,PCMDB
Os03g0563300,LOC_Os03g36540,leaf mesophyll,Leaf,ELL,PCMDB
Os03g0564600,LOC_Os03g36650,"leaf mesophyll,leaf procambium",Leaf,Os03g0564600,PCMDB
Os03g0565100,LOC_Os03g36730,leaf mesophyll,Leaf,OST3,PCMDB
Os03g0565200,LOC_Os03g36750,"leaf mesophyll,mestome sheath,leaf procambium",Leaf,Os03g0565200,PCMDB
Os03g0565600,LOC_Os03g36790,leaf mesophyll,Leaf,Os03g0565600,PCMDB
Os03g0567100,LOC_Os03g36960,"leaf epidermis,leaf mesophyll,mestome sheath,leaf procambium,Mesophyll precursor",Leaf,Os03g0567100,PCMDB
Os03g0567600,LOC_Os03g37010,mestome sheath,Leaf,OsXAT3,PCMDB
Os03g0571900,LOC_Os03g37490,"leaf epidermis,leaf mesophyll,leaf procambium",Leaf,PEZ1,PCMDB
Os03g0572250,LOC_Os03g37570,leaf mesophyll,Leaf,Os03g0572250,PCMDB
Os03g0575500,LOC_Os03g37864,"leaf epidermis,leaf mesophyll,mestome sheath,leaf procambium,Mesophyll precursor",Leaf,Os03g0575500,PCMDB
Os03g0576700,LOC_Os03g37970,"leaf epidermis,leaf mesophyll",Leaf,RPL13b,PCMDB
Os03g0576900,LOC_Os03g37984,"leaf epidermis,leaf mesophyll,mestome sheath",Leaf,OsPUT3,PCMDB
Os03g0577000,LOC_Os03g38000,"leaf epidermis,leaf mesophyll",Leaf,Os03g0577000,PCMDB
Os03g0581800,LOC_Os03g38520,"leaf epidermis,leaf mesophyll,mestome sheath,leaf procambium",Leaf,OJ1785_A05.8,PCMDB
Os03g0582200,LOC_Os03g38590,"leaf epidermis,leaf mesophyll",Leaf,SCAMP4,PCMDB
Os03g0583800,LOC_Os03g38730,"leaf mesophyll,mestome sheath",Leaf,OJ1785_A05.29,PCMDB
Os03g0583900,LOC_Os03g38740,leaf mesophyll,Leaf,OsDCL2a,PCMDB
Os03g0584300,LOC_Os03g38790,"leaf epidermis,leaf mesophyll,mestome sheath,leaf procambium,Xylem",Leaf,Os03g0584300,PCMDB
Os03g0586500,LOC_Os03g38950,"leaf mesophyll,leaf procambium",Leaf,OSJNBa0010D22.23,PCMDB
Os03g0586600,LOC_Os03g38960,"leaf epidermis,leaf mesophyll",Leaf,OSJNBa0010D22.24,PCMDB
Os03g0587000,LOC_Os03g39000,mestome sheath,Leaf,OsIMP-1,PCMDB
Os03g0587200,LOC_Os03g39020,"leaf mesophyll,leaf procambium",Leaf,KIN12C,PCMDB
Os03g0588100,LOC_Os03g39110,leaf mesophyll,Leaf,Os03g0588100,PCMDB
Os03g0592500,LOC_Os03g39610,"leaf epidermis,leaf mesophyll,mestome sheath,leaf procambium",Leaf,LHCB,PCMDB
Os03g0594400,LOC_Os03g39710,"leaf epidermis,leaf mesophyll,mestome sheath,leaf procambium",Leaf,OsMST2,PCMDB
Os03g0595200,LOC_Os03g39820,"leaf epidermis,leaf mesophyll",Leaf,Os03g0595200,PCMDB
Os03g0595800,LOC_Os03g39860,leaf mesophyll,Leaf,Os03g0595800,PCMDB
Os03g0596900,LOC_Os03g40010,leaf mesophyll,Leaf,Os03g0596900,PCMDB
Os03g0598100,LOC_Os03g40100,"leaf epidermis,leaf mesophyll,leaf procambium",Leaf,OsACR5,PCMDB
Os03g0598800,LOC_Os03g40180,"leaf epidermis,leaf mesophyll",Leaf,OsRPL15,PCMDB
Os03g0599000,LOC_Os03g40194,"leaf epidermis,leaf procambium",Leaf,Os03g0599000,PCMDB
Os03g0599800,LOC_Os03g40270,"leaf epidermis,leaf mesophyll,mestome sheath,leaf procambium",Leaf,OsUAM1,PCMDB
Os03g0600400,LOC_Os03g40310,leaf mesophyll,Leaf,Os03g0600400,PCMDB
Os03g0601100,LOC_Os03g40410,leaf epidermis,Leaf,Os03g0601100,PCMDB
Os03g0603600,LOC_Os03g40670,"leaf epidermis,leaf mesophyll,mestome sheath,leaf procambium",Leaf,OSJNBa0004G03.4,PCMDB
Os03g0605300,LOC_Os03g40830,mestome sheath,Leaf,OsSub30,PCMDB
Os03g0606100,LOC_Os03g40930,"leaf mesophyll,leaf epidermis,leaf procambium",Leaf,Os03g0606100,PCMDB
Os03g0606200,LOC_Os03g40920,"leaf epidermis,leaf mesophyll,mestome sheath,leaf procambium",Leaf,RMtATP6,PCMDB
Os03g0607200,LOC_Os03g41060,leaf procambium,Leaf,Os03g0607200,PCMDB
Os03g0607500,LOC_Os03g41080,"leaf epidermis,leaf mesophyll",Leaf,Os03g0607500,PCMDB
Os03g0608000,LOC_Os03g41130,"leaf mesophyll,leaf procambium",Leaf,OSJNBb0011J16.2,PCMDB
Os03g0608700,LOC_Os03g41200,"leaf epidermis,leaf mesophyll,mestome sheath,leaf procambium",Leaf,Os03g0608700,PCMDB
Os03g0610400,LOC_Os03g41390,leaf epidermis,Leaf,OSJNBb0007E22.5,PCMDB
Os03g0610900,LOC_Os03g41460,mestome sheath,Leaf,SAPK10,PCMDB
Os03g0611200,LOC_Os03g41510,leaf mesophyll,Leaf,OSJNBb0007E22.16,PCMDB
Os03g0612600,LOC_Os03g41612,leaf mesophyll,Leaf,Os03g0612600,PCMDB
Os03g0617900,LOC_Os03g42110,"leaf epidermis,leaf mesophyll,mestome sheath,leaf procambium",Leaf,Os03g0617900,PCMDB
Os03g0618300,LOC_Os03g42130,"leaf epidermis,leaf mesophyll,mestome sheath,leaf procambium,Mesophyll precursor",Leaf,Os03g0618300,PCMDB
Os03g0622500,LOC_Os03g42464,leaf epidermis,Leaf,Os03g0622500,PCMDB
Os03g0622600,LOC_Os03g42480,leaf mesophyll,Leaf,Os03g0622600,PCMDB
Os03g0624600,LOC_Os03g42630,mestome sheath,Leaf,ONAC006,PCMDB
Os03g0626200,LOC_Os03g42799,leaf epidermis,Leaf,Os03g0626200,PCMDB
Os03g0626800,LOC_Os03g42840,leaf procambium,Leaf,OsCBL3,PCMDB
Os03g0634000,LOC_Os03g43430,"leaf epidermis,leaf mesophyll,leaf procambium",Leaf,TATA,PCMDB
Os03g0636600,LOC_Os03g43570,"leaf mesophyll,mestome sheath",Leaf,Os03g0636600,PCMDB
Os03g0636800,LOC_Os03g43590,"leaf mesophyll,leaf procambium",Leaf,OsNek1,PCMDB
Os03g0637600,LOC_Os03g43650,"leaf epidermis,leaf mesophyll,mestome sheath,leaf procambium,Xylem",Leaf,Os03g0637600,PCMDB
Os03g0637900,LOC_Os03g43684,"leaf mesophyll,leaf procambium",Leaf,Os03g0637900,PCMDB
Os03g0638000,LOC_Os03g43684,"leaf mesophyll,leaf procambium",Leaf,Os03g0638000,PCMDB
Os03g0638200,LOC_Os03g43720,"leaf epidermis,leaf mesophyll,mestome sheath,leaf procambium",Leaf,Os03g0638200,PCMDB
Os03g0638400,LOC_Os03g43750,mestome sheath,Leaf,Os03g0638400,PCMDB
Os03g0638800,LOC_Os03g43760,leaf mesophyll,Leaf,OSJNBb0029I19.9,PCMDB
Os03g0638900,LOC_Os03g43770,leaf mesophyll,Leaf,OsFbox157,PCMDB
Os03g0639200,LOC_Os03g43800,leaf procambium,Leaf,Os03g0639200,PCMDB
Os03g0639700,LOC_Os03g43850,leaf mesophyll,Leaf,RecA,PCMDB
Os03g0639800,LOC_Os03g43860,leaf epidermis,Leaf,OsVPS2,PCMDB
Os03g0640400,LOC_Os03g43910,leaf epidermis,Leaf,LO9-177,PCMDB
Os03g0641700,LOC_Os03g44010,mestome sheath,Leaf,OsMED19b,PCMDB
Os03g0645000,LOC_Os03g44290,leaf mesophyll,Leaf,OsEXPB12,PCMDB
Os03g0645100,LOC_Os03g44300,leaf epidermis,Leaf,Os03g0645100,PCMDB
Os03g0646100,LOC_Os03g44420,leaf mesophyll,Leaf,FtsZ2-1,PCMDB
Os03g0646400,LOC_Os03g44450,leaf procambium,Leaf,Os03g0646400,PCMDB
Os03g0646800,LOC_Os03g44484,"leaf epidermis,leaf mesophyll",Leaf,Os03g0646800,PCMDB
Os03g0646900,LOC_Os03g44500,"leaf epidermis,leaf mesophyll",Leaf,OsPPKL1,PCMDB
Os03g0647800,LOC_Os03g44560,"leaf epidermis,leaf mesophyll,mestome sheath,leaf procambium,Xylem",Leaf,Os03g0647800,PCMDB
Os03g0648400,LOC_Os03g44620,"leaf epidermis,leaf mesophyll,mestome sheath,leaf procambium",Leaf,OsDjA4,PCMDB
Os03g0648600,LOC_Os03g44636,leaf mesophyll,Leaf,Os03g0648600,PCMDB
Os03g0649000,LOC_Os03g44670,leaf procambium,Leaf,Os03g0649000,PCMDB
Os03g0650000,LOC_Os03g44710,"leaf mesophyll,mestome sheath,leaf procambium",Leaf,OsSh1,PCMDB
Os03g0650200,LOC_Os03g44740,"leaf epidermis,leaf mesophyll,mestome sheath,leaf procambium",Leaf,Os03g0650200,PCMDB
Os03g0651000,LOC_Os03g44820,"leaf epidermis,leaf mesophyll,mestome sheath,leaf procambium,Mesophyll precursor",Leaf,GATC,PCMDB
Os03g0654400,LOC_Os03g45170,"leaf epidermis,leaf mesophyll,leaf procambium",Leaf,OsCAT4,PCMDB
Os03g0654800,LOC_Os03g45220,"leaf epidermis,leaf mesophyll,mestome sheath,leaf procambium,Mesophyll precursor",Leaf,Os03g0654800,PCMDB
Os03g0655100,LOC_Os03g45250,"leaf epidermis,leaf mesophyll,mestome sheath",Leaf,Os03g0655100,PCMDB
Os03g0655200,LOC_Os03g45260,"leaf mesophyll,leaf procambium",Leaf,Os03g0655200,PCMDB
Os03g0655400,LOC_Os03g45280,"leaf epidermis,leaf mesophyll,leaf procambium",Leaf,OsLEA24,PCMDB
Os03g0656201,LOC_Os03g45344,"leaf epidermis,leaf mesophyll,mestome sheath",Leaf,Os03g0656201,PCMDB
Os03g0656500,LOC_Os03g45370,"mestome sheath,leaf procambium",Leaf,OsCCX2,PCMDB
Os03g0656800,LOC_Os03g45390,"leaf epidermis,leaf mesophyll,mestome sheath,leaf procambium",Leaf,OSJNBa0075A22.22,PCMDB
Os03g0656900,LOC_Os03g45400,leaf mesophyll,Leaf,NUS1,PCMDB
Os03g0657100,LOC_Os03g45420,"leaf epidermis,leaf mesophyll",Leaf,OsPUB24,PCMDB
Os03g0658800,LOC_Os03g45619,"leaf epidermis,leaf mesophyll,mestome sheath,leaf procambium,leaf sheath",Leaf,OsCYP87C2,PCMDB
Os03g0659200,LOC_Os03g45710,"leaf mesophyll,leaf procambium",Leaf,OsFdC1,PCMDB
Os03g0659233,LOC_Os03g45710,"leaf mesophyll,leaf procambium",Leaf,psbE,PCMDB
Os03g0659300,LOC_Os03g45720,leaf mesophyll,Leaf,OsGLYI4,PCMDB
Os03g0659400,LOC_Os03g45730,"leaf epidermis,leaf mesophyll,leaf procambium",Leaf,OSJNBb0047K21.1,PCMDB
Os03g0660000,LOC_Os03g45779,"leaf epidermis,leaf mesophyll,mestome sheath",Leaf,Os03g0660000,PCMDB
Os03g0660050,LOC_Os03g45779,"leaf epidermis,leaf mesophyll,mestome sheath",Leaf,Os03g0660050,PCMDB
Os03g0660400,LOC_Os03g45850,"leaf mesophyll,mestome sheath",Leaf,OsSAUR16,PCMDB
Os03g0661300,LOC_Os03g45920,"leaf mesophyll,mestome sheath,leaf procambium",Leaf,TUB8,PCMDB
Os03g0661600,LOC_Os03g45960,"mestome sheath,leaf procambium",Leaf,OsPR5,PCMDB
Os03g0663400,LOC_Os03g46060,"leaf epidermis,leaf mesophyll,mestome sheath,leaf procambium",Leaf,OsLP,PCMDB
Os03g0664400,LOC_Os03g46150,mestome sheath,Leaf,OsLTPG26,PCMDB
Os03g0664600,LOC_Os03g46180,mestome sheath,Leaf,OsLLA2,PCMDB
Os03g0665800,LOC_Os03g46310,"leaf epidermis,leaf mesophyll",Leaf,Os03g0665800,PCMDB
Os03g0666500,LOC_Os03g46390,"leaf epidermis,leaf mesophyll,mestome sheath,leaf procambium",Leaf,OsRab5B1,PCMDB
Os03g0667100,LOC_Os03g46440,"leaf epidermis,leaf mesophyll",Leaf,OsNPR3,PCMDB
Os03g0667300,LOC_Os03g46454,leaf,Leaf,OsIRT2,PCMDB
Os03g0667400,LOC_Os03g46460,mestome sheath,Leaf,Os03g0667400,PCMDB
Os03g0667800,LOC_Os03g46490,"leaf epidermis,leaf mesophyll,leaf procambium",Leaf,OSJNBa0039O18.25,PCMDB
Os03g0669100,LOC_Os03g46640,"leaf epidermis,leaf mesophyll",Leaf,Os03g0669100,PCMDB
Os03g0669300,LOC_Os03g46660,leaf procambium,Leaf,OSJNBa0039O18.8,PCMDB
Os03g0670000,LOC_Os03g46730,"leaf epidermis,leaf mesophyll,leaf procambium",Leaf,Os03g0670000,PCMDB
Os03g0670100,LOC_Os03g46740,"leaf mesophyll,leaf procambium",Leaf,OsABCI9,PCMDB
Os03g0672300,LOC_Os03g46910,leaf mesophyll,Leaf,Os03g0672300,PCMDB
Os03g0672700,LOC_Os03g46950,leaf procambium,Leaf,Os03g0672700,PCMDB
Os03g0673400,LOC_Os03g47034,"leaf epidermis,leaf mesophyll,leaf procambium",Leaf,Os03g0673400,PCMDB
Os03g0673600,LOC_Os03g47050,leaf mesophyll,Leaf,OsSTA109,PCMDB
Os03g0676400,LOC_Os03g47280,"leaf epidermis,leaf mesophyll,mestome sheath",Leaf,OsVQ13,PCMDB
Os03g0678800,LOC_Os03g47530,"leaf epidermis,leaf mesophyll,leaf procambium",Leaf,Os03g0678800,PCMDB
Os03g0679000,LOC_Os03g47550,leaf epidermis,Leaf,Os03g0679000,PCMDB
Os03g0680800,LOC_Os03g47740,"leaf epidermis,leaf mesophyll,mestome sheath,leaf procambium",Leaf,OsBIHD1,PCMDB
Os03g0681400,LOC_Os03g47770,"leaf epidermis,leaf mesophyll",Leaf,OsUBC25,PCMDB
Os03g0681750,LOC_Os03g47790,mestome sheath,Leaf,Os03g0681750,PCMDB
Os03g0681800,LOC_Os03g47790,mestome sheath,Leaf,OSJNBb0070O09.3,PCMDB
Os03g0681900,LOC_Os03g47800,leaf epidermis,Leaf,OsRZ3,PCMDB
Os03g0683900,LOC_Os03g47960,"leaf epidermis,leaf mesophyll,mestome sheath,leaf procambium",Leaf,Os03g0683900,PCMDB
Os03g0685000,LOC_Os03g48040,leaf mesophyll,Leaf,OsFdC2,PCMDB
Os03g0685900,LOC_Os03g48110,"leaf epidermis,leaf mesophyll,mestome sheath,leaf procambium",Leaf,OSJNBb0024N19.16,PCMDB
Os03g0686300,LOC_Os03g48140,"leaf mesophyll,leaf procambium",Leaf,Os03g0686300,PCMDB
Os03g0687000,LOC_Os03g48180,"leaf mesophyll,leaf procambium,Xylem",Leaf,OsNPF2.4,PCMDB
Os03g0689100,LOC_Os03g48300,leaf epidermis,Leaf,OSJNBa0022C08.16,PCMDB
Os03g0689900,LOC_Os03g48380,"leaf mesophyll,mestome sheath",Leaf,Os03g0689900,PCMDB
Os03g0690000,LOC_Os03g48390,"leaf epidermis,leaf mesophyll,mestome sheath,Xylem",Leaf,Os03g0690000,PCMDB
Os03g0691400,LOC_Os03g48480,"leaf epidermis,leaf mesophyll,leaf procambium",Leaf,Os03g0691400,PCMDB
Os03g0691800,LOC_Os03g48540,"leaf mesophyll,leaf procambium",Leaf,Os03g0691800,PCMDB
Os03g0692700,LOC_Os03g48626,"leaf epidermis,leaf mesophyll",Leaf,OSJNBb0021O11.27,PCMDB
Os03g0693400,LOC_Os03g48710,"leaf mesophyll,mestome sheath,leaf procambium",Leaf,Os03g0693400,PCMDB
Os03g0694500,LOC_Os03g48810,mestome sheath,Leaf,Os03g0694500,PCMDB
Os03g0694650,LOC_Os03g48820,"mestome sheath,leaf procambium",Leaf,Os03g0694650,PCMDB
Os03g0694700,LOC_Os03g48830,"leaf epidermis,leaf mesophyll",Leaf,Os03g0694700,PCMDB
Os03g0695500,LOC_Os03g48920,leaf mesophyll,Leaf,Os03g0695500,PCMDB
Os03g0695600,LOC_Os03g48930,"leaf epidermis,leaf mesophyll,mestome sheath",Leaf,OsPBD1,PCMDB
Os03g0695700,LOC_Os03g48940,"leaf epidermis,leaf mesophyll,leaf procambium",Leaf,OsCBSCLC4,PCMDB
Os03g0696000,LOC_Os03g48950,"leaf epidermis,leaf mesophyll",Leaf,Os03g0696000,PCMDB
Os03g0698500,LOC_Os03g49150,"leaf epidermis,leaf mesophyll,mestome sheath",Leaf,Os03g0698500,PCMDB
Os03g0699200,LOC_Os03g49210,"leaf epidermis,leaf mesophyll",Leaf,PES,PCMDB
Os03g0699400,LOC_Os03g49230,leaf mesophyll,Leaf,Os03g0699400,PCMDB
Os03g0699600,LOC_Os03g49250,leaf procambium,Leaf,OsFbox168,PCMDB
Os03g0699800,LOC_Os03g49270,leaf mesophyll,Leaf,OsTHI36,PCMDB
Os03g0700700,LOC_Os03g49380,leaf mesophyll,Leaf,OsLOX1,PCMDB
Os03g0701100,LOC_Os03g49430,"leaf mesophyll,leaf epidermis,mestome sheath,leaf procambium",Leaf,Os03g0701100,PCMDB
Os03g0701200,LOC_Os03g49440,"leaf epidermis,leaf mesophyll,mestome sheath",Leaf,Os03g0701200,PCMDB
Os03g0701400,LOC_Os03g49464,"leaf mesophyll,leaf procambium",Leaf,Os03g0701400,PCMDB
Os03g0701500,LOC_Os03g49480,"leaf epidermis,leaf mesophyll,leaf procambium",Leaf,Os03g0701500,PCMDB
Os03g0701550,LOC_Os03g49485,"leaf mesophyll,leaf procambium",Leaf,Os03g0701550,PCMDB
Os03g0701600,LOC_Os03g49490,"leaf epidermis,mestome sheath",Leaf,Os03g0701600,PCMDB
Os03g0701800,LOC_Os03g49510,"leaf epidermis,leaf mesophyll,mestome sheath,leaf procambium",Leaf,OsPIPK1,PCMDB
Os03g0703000,LOC_Os03g49600,"leaf epidermis,leaf mesophyll,leaf procambium",Leaf,Os3bglu7,PCMDB
Os03g0703200,LOC_Os03g49620,"leaf epidermis,leaf mesophyll",Leaf,TMS10L,PCMDB
Os03g0703400,LOC_Os03g49640,"leaf epidermis,leaf mesophyll",Leaf,OSJNBa0004L11.12,PCMDB
Os03g0703900,LOC_Os03g49700,"leaf epidermis,mestome sheath",Leaf,OSJNBa0004L11.6,PCMDB
Os03g0704000,LOC_Os03g49710,"leaf epidermis,leaf mesophyll,mestome sheath,leaf procambium,Mesophyll precursor",Leaf,OSJNBa0004L11.5,PCMDB
Os03g0704700,LOC_Os03g49770,leaf mesophyll,Leaf,Os03g0704700,PCMDB
Os03g0706900,LOC_Os03g49900,leaf procambium,Leaf,OsRHC1,PCMDB
Os03g0707600,LOC_Os03g49990,"leaf mesophyll,leaf procambium",Leaf,SLR1,PCMDB
Os03g0708000,LOC_Os03g50030,leaf mesophyll,Leaf,PLA2-III,PCMDB
Os03g0708100,LOC_Os03g50040,leaf mesophyll,Leaf,OMT7,PCMDB
Os03g0708200,LOC_Os03g50050,"leaf mesophyll,leaf procambium",Leaf,OsFbox169,PCMDB
Os03g0708400,LOC_Os03g50070,leaf mesophyll,Leaf,Os03g0708400,PCMDB
Os03g0708500,LOC_Os03g50080,leaf mesophyll,Leaf,OsFKBP17-2,PCMDB
Os03g0709300,LOC_Os03g50160,leaf epidermis,Leaf,OsUCL9,PCMDB
Os03g0710000,LOC_Os03g50210,leaf mesophyll,Leaf,Os03g0710000,PCMDB
Os03g0710600,LOC_Os03g50270,"leaf mesophyll,Mesophyll precursor",Leaf,Os03g0710600,PCMDB
Os03g0710700,LOC_Os03g50280,"leaf epidermis,leaf mesophyll,leaf procambium",Leaf,Os03g0710700,PCMDB
Os03g0710800,LOC_Os03g50290,"leaf epidermis,leaf mesophyll,leaf procambium",Leaf,GF14F,PCMDB
Os03g0711100,LOC_Os03g50310,leaf mesophyll,Leaf,OsCOL10,PCMDB
Os03g0711400,LOC_Os03g50340,"leaf epidermis,leaf mesophyll,leaf procambium",Leaf,OsWD40-84,PCMDB
Os03g0711600,LOC_Os03g50355,"leaf epidermis,leaf mesophyll,leaf procambium",Leaf,Os03g0711600,PCMDB
Os03g0712000,LOC_Os03g50410,"leaf epidermis,leaf procambium",Leaf,Os03g0712000,PCMDB
Os03g0712300,LOC_Os03g50440,"leaf epidermis,leaf mesophyll,mestome sheath,leaf procambium",Leaf,OsUEV1A,PCMDB
Os03g0712400,LOC_Os03g50450,"leaf mesophyll,leaf procambium",Leaf,Os03g0712400,PCMDB
Os03g0712700,LOC_Os03g50480,"leaf epidermis,leaf mesophyll,mestome sheath,Xylem",Leaf,PFP,PCMDB
Os03g0712800,LOC_Os03g50490,"leaf mesophyll,mestome sheath",Leaf,OsGS1,PCMDB
Os03g0713000,LOC_Os03g50510,"leaf epidermis,leaf mesophyll,mestome sheath,leaf procambium",Leaf,OSJNBa0014G15.29,PCMDB
Os03g0713100,LOC_Os03g50520,"leaf mesophyll,Xylem",Leaf,Os03g0713100,PCMDB
Os03g0713200,LOC_Os03g50530,leaf mesophyll,Leaf,Os03g0713200,PCMDB
Os03g0713400,LOC_Os03g50540,"leaf epidermis,mestome sheath",Leaf,Os03g0713400,PCMDB
Os03g0713600,LOC_Os03g50560,"leaf epidermis,leaf mesophyll,leaf procambium",Leaf,Os03g0713600,PCMDB
Os03g0714100,LOC_Os03g50590,"leaf epidermis,leaf mesophyll,mestome sheath,leaf procambium",Leaf,Os03g0714100,PCMDB
Os03g0717000,LOC_Os03g50810,leaf mesophyll,Leaf,OsTMK,PCMDB
Os03g0717600,LOC_Os03g50850,leaf mesophyll,Leaf,Os03g0717600,PCMDB
Os03g0717900,LOC_Os03g50870,"leaf mesophyll,leaf procambium",Leaf,Os03g0717900,PCMDB
Os03g0718600,LOC_Os03g50940,"leaf epidermis,mestome sheath",Leaf,Os03g0718600,PCMDB
Os03g0718800,LOC_Os03g50960,"leaf mesophyll,mestome sheath",Leaf,B1377B10.1,PCMDB
Os03g0719000,LOC_Os03g50970,"leaf epidermis,leaf mesophyll,mestome sheath,leaf procambium",Leaf,Os03g0719000,PCMDB
Os03g0719300,LOC_Os03g51000,leaf mesophyll,Leaf,B1377B10.5,PCMDB
Os03g0719400,LOC_Os03g51010,leaf epidermis,Leaf,B1377B10.6,PCMDB
Os03g0719500,LOC_Os03g51020,"leaf mesophyll,leaf procambium",Leaf,Os03g0719500,PCMDB
Os03g0720300,LOC_Os03g51080,"leaf epidermis,leaf mesophyll,leaf procambium",Leaf,GDCi,PCMDB
Os03g0721200,LOC_Os03g51140,"leaf epidermis,leaf mesophyll,mestome sheath",Leaf,Os03g0721200,PCMDB
Os03g0721400,LOC_Os03g51160,leaf mesophyll,Leaf,B1377B10.21,PCMDB
Os03g0721900,LOC_Os03g51200,"leaf mesophyll,leaf initial cell",Leaf,Os03g0721900,PCMDB
Os03g0722600,LOC_Os03g51250,mestome sheath,Leaf,Os03g0722600,PCMDB
Os03g0723400,LOC_Os03g51350,leaf mesophyll,Leaf,OsEnS-53,PCMDB
Os03g0723600,LOC_Os03g51380,"leaf mesophyll,mestome sheath,leaf procambium",Leaf,Os03g0723600,PCMDB
Os03g0723700,LOC_Os03g51390,"leaf epidermis,leaf mesophyll,mestome sheath,leaf procambium",Leaf,Os03g0723700,PCMDB
Os03g0724300,LOC_Os03g51440,mestome sheath,Leaf,Os03g0724300,PCMDB
Os03g0724600,LOC_Os03g51470,mestome sheath,Leaf,Os03g0724600,PCMDB
Os03g0724700,LOC_Os03g51479,"leaf mesophyll,mestome sheath",Leaf,Os03g0724700,PCMDB
Os03g0725050,LOC_Os03g51520,"leaf epidermis,leaf mesophyll,leaf procambium",Leaf,Os03g0725050,PCMDB
Os03g0725100,LOC_Os03g51520,"leaf epidermis,leaf mesophyll,leaf procambium",Leaf,Os03g0725100,PCMDB
Os03g0725200,LOC_Os03g51530,"leaf epidermis,leaf mesophyll,mestome sheath",Leaf,OSJNBb0122C16.3,PCMDB
Os03g0725800,LOC_Os03g51580,"leaf mesophyll,Leaf preprocambium",Leaf,OsbHLH018,PCMDB
Os03g0726100,LOC_Os03g51600,leaf mesophyll,Leaf,OsTubA3,PCMDB
Os03g0726200,LOC_Os03g51610,leaf mesophyll,Leaf,OsITPK3,PCMDB
Os03g0726400,LOC_Os03g51640,"leaf mesophyll,mestome sheath",Leaf,OSJNBb0122C16.13,PCMDB
Os03g0726500,LOC_Os03g51650,"leaf epidermis,mestome sheath",Leaf,OSJNBb0122C16.14,PCMDB
Os03g0727100,LOC_Os03g51700,"leaf epidermis,leaf mesophyll",Leaf,Os03g0727100,PCMDB
Os03g0727600,LOC_Os03g51740,mestome sheath,Leaf,ACS1,PCMDB
Os03g0729100,LOC_Os03g51930,"leaf mesophyll,leaf procambium",Leaf,Os03g0729100,PCMDB
Os03g0729200,LOC_Os03g51950,mestome sheath,Leaf,Os03g0729200,PCMDB
Os03g0730200,LOC_Os03g52020,"mestome sheath,leaf procambium",Leaf,Os03g0730200,PCMDB
Os03g0731050,LOC_Os03g52120,leaf mesophyll,Leaf,Os03g0731050,PCMDB
Os03g0731100,LOC_Os03g52130,leaf mesophyll,Leaf,Os03g0731100,PCMDB
Os03g0731850,LOC_Os03g52170,leaf mesophyll,Leaf,Os03g0731850,PCMDB
Os03g0731900,LOC_Os03g52170,leaf mesophyll,Leaf,OsHDR,PCMDB
Os03g0733000,LOC_Os03g52280,leaf procambium,Leaf,OSJNBa0079G12.7,PCMDB
Os03g0733400,LOC_Os03g52310,leaf mesophyll,Leaf,Os03g0733400,PCMDB
Os03g0733800,LOC_Os03g52340,"leaf mesophyll,leaf procambium",Leaf,ERO1,PCMDB
Os03g0734100,LOC_Os03g52370,"leaf epidermis,leaf mesophyll,mestome sheath,leaf procambium",Leaf,OSJNBa0027J18.17,PCMDB
Os03g0734200,LOC_Os03g52380,"leaf mesophyll,mestome sheath,leaf procambium",Leaf,Os03g0734200,PCMDB
Os03g0734300,LOC_Os03g52390,"leaf epidermis,leaf mesophyll,mestome sheath,leaf procambium",Leaf,OSJNBa0027J18.15,PCMDB
Os03g0734400,LOC_Os03g52400,leaf mesophyll,Leaf,OSJNBa0027J18.14,PCMDB
Os03g0734500,LOC_Os03g52410,leaf epidermis,Leaf,OSJNBa0027J18.13,PCMDB
Os03g0734900,LOC_Os03g52450,"leaf epidermis,leaf mesophyll,mestome sheath",Leaf,OsTIFY1b,PCMDB
Os03g0735000,LOC_Os03g52460,leaf mesophyll,Leaf,OsAGPL1,PCMDB
Os03g0735300,LOC_Os03g52490,mestome sheath,Leaf,OSJNBa0027J18.5,PCMDB
Os03g0736300,LOC_Os03g52630,"leaf epidermis,leaf mesophyll,mestome sheath,leaf procambium,Xylem",Leaf,OsGH9A3,PCMDB
Os03g0736600,LOC_Os03g52660,"leaf mesophyll,leaf procambium",Leaf,OSJNBb0016H12.16,PCMDB
Os03g0736900,LOC_Os03g52680,"leaf epidermis,leaf procambium",Leaf,Os03g0736900,PCMDB
Os03g0737000,LOC_Os03g52690,"leaf epidermis,leaf mesophyll,leaf procambium",Leaf,OsCBSX4,PCMDB
Os03g0737300,LOC_Os03g52720,"leaf mesophyll,mestome sheath",Leaf,OSJNBb0016H12.22,PCMDB
Os03g0737400,LOC_Os03g52730,"leaf epidermis,leaf mesophyll,mestome sheath",Leaf,OSJNBb0016H12.23,PCMDB
Os03g0737701,LOC_Os03g52760,leaf mesophyll,Leaf,OsMIK,PCMDB
Os03g0737800,LOC_Os03g52770,mestome sheath,Leaf,Os03g0737800,PCMDB
Os03g0737900,LOC_Os03g52780,leaf epidermis,Leaf,OSJNBb0016H12.28,PCMDB
Os03g0738400,LOC_Os03g52840,"leaf epidermis,leaf mesophyll,leaf procambium,Xylem",Leaf,OsSHM1,PCMDB
Os03g0738600,LOC_Os03g52860,"leaf mesophyll,mestome sheath,leaf procambium",Leaf,LOX-L2,PCMDB
Os03g0738900,LOC_Os03g52880,"leaf epidermis,leaf mesophyll",Leaf,Os03g0738900,PCMDB
Os03g0739700,LOC_Os03g52910,"leaf mesophyll,leaf procambium",Leaf,OSJNBa0057G07.10,PCMDB
Os03g0740200,LOC_Os03g52940,leaf mesophyll,Leaf,OJ1365_D05.26,PCMDB
Os03g0740600,LOC_Os03g52970,leaf mesophyll,Leaf,OSJNBa0057G07.4,PCMDB
Os03g0740700,LOC_Os03g52980,leaf epidermis,Leaf,Os03g0740700,PCMDB
Os03g0741100,LOC_Os03g53020,"leaf epidermis,leaf mesophyll",Leaf,OsbHLH148,PCMDB
Os03g0741600,LOC_Os03g53070,"leaf epidermis,mestome sheath",Leaf,Os03g0741600,PCMDB
Os03g0742400,LOC_Os03g53110,leaf mesophyll,Leaf,OsMRS2-7,PCMDB
Os03g0742900,LOC_Os03g53150,"leaf epidermis,leaf mesophyll,mestome sheath,leaf procambium",Leaf,OsIAA13,PCMDB
Os03g0743400,LOC_Os03g53190,"leaf epidermis,leaf mesophyll,leaf procambium",Leaf,Os03g0743400,PCMDB
Os03g0743500,LOC_Os03g53200,"leaf mesophyll,mestome sheath",Leaf,OsCML4,PCMDB
Os03g0743650,LOC_Os03g53210,leaf mesophyll,Leaf,Os03g0743650,PCMDB
Os03g0744600,LOC_Os03g53270,"leaf epidermis,leaf mesophyll,mestome sheath,leaf procambium",Leaf,Os03g0744600,PCMDB
Os03g0744650,LOC_Os03g53280,leaf procambium,Leaf,Os03g0744650,PCMDB
Os03g0744675,LOC_Os03g53280,leaf procambium,Leaf,Os03g0744675,PCMDB
Os03g0744800,LOC_Os03g53310,"leaf epidermis,leaf mesophyll",Leaf,OSJNBb0036F07.15,PCMDB
Os03g0745000,LOC_Os03g53340,"leaf epidermis,leaf mesophyll,mestome sheath,leaf procambium",Leaf,HSfA2a,PCMDB
Os03g0745600,LOC_Os03g53400,"leaf epidermis,leaf mesophyll,mestome sheath,leaf procambium",Leaf,Os03g0745600,PCMDB
Os03g0747200,LOC_Os03g53590,"leaf epidermis,mestome sheath",Leaf,Os03g0747200,PCMDB
Os03g0747700,LOC_Os03g53640,leaf mesophyll,Leaf,Os03g0747700,PCMDB
Os03g0747800,LOC_Os03g53650,"leaf epidermis,leaf mesophyll,mestome sheath,leaf procambium",Leaf,RCS3,PCMDB
Os03g0747900,LOC_Os03g53660,mestome sheath,Leaf,OsMyoXIE,PCMDB
Os03g0748700,LOC_Os03g53750,leaf mesophyll,Leaf,OsISC38,PCMDB
Os03g0749300,LOC_Os03g53800,"leaf epidermis,leaf mesophyll,mestome sheath,leaf procambium",Leaf,OsBGLU1,PCMDB
Os03g0749500,LOC_Os03g53860,"leaf epidermis,leaf mesophyll,Mesophyll precursor",Leaf,Os03g0749500,PCMDB
Os03g0749800,LOC_Os03g53880,leaf mesophyll,Leaf,Os03g0749800,PCMDB
Os03g0750000,LOC_Os03g53900,"leaf epidermis,leaf mesophyll",Leaf,Os03g0750000,PCMDB
Os03g0750100,LOC_Os03g53910,leaf epidermis,Leaf,Os03g0750100,PCMDB
Os03g0750500,LOC_Os03g53930,leaf mesophyll,Leaf,Os03g0750500,PCMDB
Os03g0750700,LOC_Os03g53950,"leaf mesophyll,leaf procambium,Mesophyll precursor",Leaf,OsSTRL3,PCMDB
Os03g0751000,LOC_Os03g53980,"mestome sheath,leaf procambium",Leaf,OSJNBa0047E24.19,PCMDB
Os03g0751400,LOC_Os03g54040,leaf mesophyll,Leaf,OSJNBa0047E24.13,PCMDB
Os03g0751600,LOC_Os03g54050,"leaf epidermis,leaf mesophyll,mestome sheath,leaf procambium",Leaf,OJ1112_G08.2,PCMDB
Os03g0751800,LOC_Os03g54063,"leaf mesophyll,leaf procambium",Leaf,Os03g0751800,PCMDB
Os03g0752300,LOC_Os03g54100,"leaf mesophyll,leaf procambium",Leaf,TPKA,PCMDB
Os03g0755100,LOC_Os03g54790,"leaf mesophyll,leaf procambium",Leaf,ABCB25,PCMDB
Os03g0756000,LOC_Os03g54890,"leaf epidermis,leaf mesophyll",Leaf,OSJNBb0081K01.9,PCMDB
Os03g0756200,LOC_Os03g54900,"leaf epidermis,leaf mesophyll,leaf procambium",Leaf,OSJNBb0081K01.8,PCMDB
Os03g0756300,LOC_Os03g54910,leaf mesophyll,Leaf,OSJNBb0081K01.7,PCMDB
Os03g0756400,LOC_Os03g54920,"leaf epidermis,leaf mesophyll,mestome sheath,leaf procambium",Leaf,OSJNBb0081K01.6,PCMDB
Os03g0756800,LOC_Os03g54980,"leaf epidermis,leaf mesophyll,leaf procambium",Leaf,Os03g0756800,PCMDB
Os03g0757900,LOC_Os03g55070,"leaf mesophyll,mestome sheath,leaf procambium",Leaf,UGD3,PCMDB
Os03g0758100,LOC_Os03g55090,"leaf mesophyll,Mesophyll precursor",Leaf,Pho1,PCMDB
Os03g0758500,LOC_Os03g55120,leaf mesophyll,Leaf,OsENODL12,PCMDB
Os03g0758800,LOC_Os03g55150,"leaf mesophyll,mestome sheath,leaf procambium",Leaf,eIF-5A-2,PCMDB
Os03g0759000,LOC_Os03g55180,leaf procambium,Leaf,Os03g0759000,PCMDB
Os03g0760100,LOC_Os03g55240,leaf mesophyll,Leaf,OsCYP81A6,PCMDB
Os03g0760200,LOC_Os03g55240,leaf mesophyll,Leaf,bel,PCMDB
Os03g0760700,LOC_Os03g55280,"leaf epidermis,leaf mesophyll,leaf procambium",Leaf,Os03g0760700,PCMDB
Os03g0760800,LOC_Os03g55290,"leaf mesophyll,Mesophyll precursor",Leaf,GASR1,PCMDB
Os03g0760900,LOC_Os03g55300,leaf mesophyll,Leaf,Os03g0760900,PCMDB
Os03g0761000,LOC_Os03g55310,leaf mesophyll,Leaf,Os03g0761000,PCMDB
Os03g0761100,LOC_Os03g55320,leaf mesophyll,Leaf,OsPP2C34,PCMDB
Os03g0761200,LOC_Os03g55330,leaf procambium,Leaf,Os03g0761200,PCMDB
Os03g0761500,LOC_Os03g55350,"leaf mesophyll,leaf procambium,Mesophyll precursor",Leaf,OsSub31,PCMDB
Os03g0762400,LOC_Os03g55420,"leaf epidermis,leaf mesophyll,leaf procambium",Leaf,prx51,PCMDB
Os03g0762500,LOC_Os03g55430,"leaf epidermis,mestome sheath,leaf procambium",Leaf,Os03g0762500,PCMDB
Os03g0764100,LOC_Os03g55540,"leaf mesophyll,leaf procambium",Leaf,WZF1,PCMDB
Os03g0764300,LOC_Os03g55560,leaf mesophyll,Leaf,OsMAPKKK18,PCMDB
Os03g0764600,LOC_Os03g55590,"leaf mesophyll,leaf procambium",Leaf,OSJNBa0079B15.28,PCMDB
Os03g0764800,LOC_Os03g55600,leaf epidermis,Leaf,SAPK8,PCMDB
Os03g0765100,LOC_Os03g55630,leaf epidermis,Leaf,Os03g0765100,PCMDB
Os03g0765800,LOC_Os03g55704,leaf mesophyll,Leaf,OSJNBa0079B15.16,PCMDB
Os03g0765900,LOC_Os03g55720,"leaf epidermis,leaf mesophyll,mestome sheath,leaf procambium,Mesophyll precursor",Leaf,OSJNBa0079B15.15,PCMDB
Os03g0766000,LOC_Os03g55730,"leaf epidermis,leaf mesophyll",Leaf,Os03g0766000,PCMDB
Os03g0766800,LOC_Os03g55776,"leaf epidermis,leaf mesophyll,leaf procambium",Leaf,OSJNBa0079B15.9,PCMDB
Os03g0767000,LOC_Os03g55800,"leaf epidermis,mestome sheath",Leaf,AOS1,PCMDB
Os03g0767500,LOC_Os03g55820,"leaf epidermis,leaf mesophyll,leaf procambium",Leaf,Os03g0767500,PCMDB
Os03g0767800,LOC_Os03g55850,"leaf epidermis,leaf mesophyll,mestome sheath,leaf procambium",Leaf,Oscor413-pm1,PCMDB
Os03g0767900,LOC_Os03g55870,"leaf mesophyll,mestome sheath,leaf procambium",Leaf,Os03g0767900,PCMDB
Os03g0769100,LOC_Os03g55930,"leaf epidermis,leaf mesophyll,mestome sheath,leaf procambium,Mesophyll precursor",Leaf,WGL2,PCMDB
Os03g0769400,LOC_Os03g55950,mestome sheath,Leaf,OSJNBb0106M04.9,PCMDB
Os03g0770800,LOC_Os03g56060,"leaf mesophyll,mestome sheath",Leaf,OsCslC9,PCMDB
Os03g0772800,LOC_Os03g56190,"leaf epidermis,leaf mesophyll,mestome sheath,leaf procambium",Leaf,Os03g0772800,PCMDB
Os03g0773000,LOC_Os03g56220,"leaf epidermis,leaf mesophyll",Leaf,Os03g0773000,PCMDB
Os03g0773300,LOC_Os03g56250,"leaf epidermis,leaf mesophyll",Leaf,Os03g0773300,PCMDB
Os03g0773600,LOC_Os03g56260,leaf epidermis,Leaf,KIN8B,PCMDB
Os03g0773800,LOC_Os03g56280,leaf mesophyll,Leaf,Os03g0773800,PCMDB
Os03g0774200,LOC_Os03g56300,"leaf epidermis,leaf mesophyll,mestome sheath,leaf procambium",Leaf,Os03g0774200,PCMDB
Os03g0774300,LOC_Os03g56310,mestome sheath,Leaf,Os03g0774300,PCMDB
Os03g0775200,LOC_Os03g56380,"leaf epidermis,leaf mesophyll,mestome sheath,leaf procambium",Leaf,Os03g0775200,PCMDB
Os03g0775500,LOC_Os03g56410,leaf mesophyll,Leaf,Os03g0775500,PCMDB
Os03g0776000,LOC_Os03g56460,"leaf epidermis,leaf mesophyll",Leaf,Pgi1(Pgia),PCMDB
Os03g0776900,LOC_Os03g56540,"leaf epidermis,mestome sheath",Leaf,OsDjC35,PCMDB
Os03g0777000,LOC_Os03g56580,leaf mesophyll,Leaf,ONAC066,PCMDB
Os03g0777500,LOC_Os03g56610,leaf mesophyll,Leaf,OSJNBa0010I09.2,PCMDB
Os03g0778100,LOC_Os03g56670,"leaf epidermis,leaf mesophyll,mestome sheath,leaf procambium,Mesophyll precursor",Leaf,OsPS1-F,PCMDB
Os03g0780400,LOC_Os03g56790,"leaf epidermis,leaf mesophyll,mestome sheath,leaf procambium",Leaf,OsADF2,PCMDB
Os03g0780600,LOC_Os03g56810,leaf mesophyll,Leaf,OsTUB7,PCMDB
Os03g0780800,LOC_Os03g56820,"leaf epidermis,leaf mesophyll,mestome sheath,leaf procambium",Leaf,FAH2,PCMDB
Os03g0781000,LOC_Os03g56840,leaf mesophyll,Leaf,Os03g0781000,PCMDB
Os03g0781300,LOC_Os03g56860,"mestome sheath,Phloem",Leaf,OSJNBa0091J19.23,PCMDB
Os03g0781700,LOC_Os03g56900,mestome sheath,Leaf,Os03g0781700,PCMDB
Os03g0782200,LOC_Os03g56930,vascular leaf,Leaf,Os03g0782200,PCMDB
Os03g0782400,LOC_Os03g56944,mestome sheath,Leaf,Os03g0782400,PCMDB
Os03g0782500,LOC_Os03g56950,"leaf lamina,mestome sheath",Leaf,PIL13,PCMDB
Os03g0783700,LOC_Os03g57040,"leaf epidermis,leaf mesophyll,mestome sheath",Leaf,Os03g0783700,PCMDB
Os03g0783800,LOC_Os03g57050,"leaf epidermis,leaf mesophyll,leaf procambium",Leaf,OSJNBb0093E13.12,PCMDB
Os03g0784500,LOC_Os03g57110,mestome sheath,Leaf,Os03g0784500,PCMDB
Os03g0784600,LOC_Os03g57110,mestome sheath,Leaf,Os03g0784600,PCMDB
Os03g0785500,LOC_Os03g57170,leaf mesophyll,Leaf,Os03g0785500,PCMDB
Os03g0785900,LOC_Os03g57200,"leaf mesophyll,mestome sheath,leaf procambium",Leaf,OsGSTU1,PCMDB
Os03g0786000,LOC_Os03g57210,leaf mesophyll,Leaf,Os03g0786000,PCMDB
Os03g0786100,LOC_Os03g57220,leaf mesophyll,Leaf,OsGLO1,PCMDB
Os03g0787000,LOC_Os03g57310,"leaf epidermis,leaf mesophyll",Leaf,SYP121,PCMDB
Os03g0787300,LOC_Os03g57340,"leaf mesophyll,leaf procambium",Leaf,OsDjA5,PCMDB
Os03g0787600,LOC_Os03g57349,"leaf epidermis,leaf mesophyll,mestome sheath,leaf procambium",Leaf,Os03g0787600,PCMDB
Os03g0788200,LOC_Os03g57420,"leaf epidermis,leaf mesophyll,mestome sheath,leaf procambium",Leaf,Os03g0788200,PCMDB
Os03g0788500,LOC_Os03g57450,leaf mesophyll,Leaf,CDPK10,PCMDB
Os03g0788600,LOC_Os03g57460,"leaf epidermis,leaf mesophyll,mestome sheath,leaf procambium,Xylem",Leaf,OsFLA24,PCMDB
Os03g0788800,LOC_Os03g57500,"leaf epidermis,leaf mesophyll",Leaf,OsRFPH2-19,PCMDB
Os03g0789433,LOC_Os03g57545,"leaf mesophyll,mestome sheath",Leaf,Os03g0789433,PCMDB
Os03g0789800,LOC_Os03g57580,"leaf epidermis,leaf mesophyll,mestome sheath,leaf procambium",Leaf,Os03g0789800,PCMDB
Os03g0790500,LOC_Os03g57640,"mestome sheath,leaf procambium",Leaf,Os03g0790500,PCMDB
Os03g0792500,LOC_Os03g57854,leaf epidermis,Leaf,OsMB5,PCMDB
Os03g0792600,LOC_Os03g57870,leaf mesophyll,Leaf,RFC5,PCMDB
Os03g0792800,LOC_Os03g57880,"leaf mesophyll,mestome sheath",Leaf,OSJNBb0060J21.19,PCMDB
Os03g0792900,LOC_Os03g57890,"leaf epidermis,leaf mesophyll,leaf procambium",Leaf,OsSAP6,PCMDB
Os03g0793000,LOC_Os03g57900,mestome sheath,Leaf,OsSAP7,PCMDB
Os03g0793100,LOC_Os03g57910,"leaf epidermis,mestome sheath",Leaf,OSJNBb0060J21.15,PCMDB
Os03g0793800,LOC_Os03g57970,mestome sheath,Leaf,OsLTPG7,PCMDB
Os03g0793900,LOC_Os03g57980,mestome sheath,Leaf,OsLTPG8,PCMDB
Os03g0794000,LOC_Os03g57990,mestome sheath,Leaf,OsLTPG9,PCMDB
Os03g0794300,LOC_Os03g58020,"leaf mesophyll,leaf procambium",Leaf,Os03g0794300,PCMDB
Os03g0794500,LOC_Os03g58040,"leaf epidermis,leaf mesophyll,mestome sheath,leaf procambium",Leaf,OsGDH1,PCMDB
Os03g0794700,LOC_Os03g58050,"leaf epidermis,leaf mesophyll,mestome sheath",Leaf,RPS18,PCMDB
Os03g0794900,LOC_Os03g58070,leaf procambium,Leaf,OSJNBb0021G19.18,PCMDB
Os03g0795100,LOC_Os03g58090,mestome sheath,Leaf,OSJNBb0021G19.16,PCMDB
Os03g0795300,LOC_Os03g58110,"leaf epidermis,leaf mesophyll,mestome sheath,leaf procambium",Leaf,OSJNBb0021G19.14,PCMDB
Os03g0795500,LOC_Os03g58130,"leaf epidermis,leaf mesophyll,mestome sheath,leaf procambium",Leaf,OSJNBb0021G19.12,PCMDB
Os03g0795600,LOC_Os03g58140,leaf procambium,Leaf,OSJNBb0021G19.11,PCMDB
Os03g0795800,LOC_Os03g58150,"leaf epidermis,leaf mesophyll,mestome sheath,leaf procambium",Leaf,OSJNBb0021G19.10,PCMDB
Os03g0795900,LOC_Os03g58160,leaf mesophyll,Leaf,HSFA2E,PCMDB
Os03g0796501,LOC_Os03g58204,"leaf epidermis,leaf mesophyll",Leaf,OsRPL4,PCMDB
Os03g0796800,LOC_Os03g58240,leaf mesophyll,Leaf,Os03g0796800,PCMDB
Os03g0798400,LOC_Os03g58410,leaf mesophyll,Leaf,OSJNBa0094F01.3,PCMDB
Os03g0798600,LOC_Os03g58430,"leaf epidermis,leaf mesophyll",Leaf,OSJNBa0094F01.1,PCMDB
Os03g0799000,LOC_Os03g58470,"leaf mesophyll,leaf initial cell",Leaf,OSJNBa0052F07.24,PCMDB
Os03g0799100,LOC_Os03g58480,"leaf epidermis,leaf mesophyll,leaf procambium",Leaf,BIP116,PCMDB
Os03g0799500,LOC_Os03g58520,leaf epidermis,Leaf,OsRTH3,PCMDB
Os03g0800000,LOC_Os03g58580,"leaf epidermis,leaf mesophyll,mestome sheath,leaf procambium",Leaf,OSJNBa0052F07.13,PCMDB
Os03g0800500,LOC_Os03g58620,"leaf mesophyll,leaf procambium",Leaf,OSJNBa0052F07.9,PCMDB
Os03g0800700,LOC_Os03g58630,"leaf epidermis,leaf mesophyll,mestome sheath,leaf procambium",Leaf,OsTRXh4,PCMDB
Os03g0801500,LOC_Os03g58690,leaf mesophyll,Leaf,OSJNBa0052F07.2,PCMDB
Os03g0801900,LOC_Os03g58740,mestome sheath,Leaf,Os03g0801900,PCMDB
Os03g0802500,LOC_Os03g58790,"leaf mesophyll,leaf procambium",Leaf,AAA1,PCMDB
Os03g0803066,LOC_Os03g58850,"leaf epidermis,leaf mesophyll,leaf procambium",Leaf,Os03g0803066,PCMDB
Os03g0803100,LOC_Os03g58850,"leaf epidermis,leaf mesophyll,leaf procambium",Leaf,Os03g0803100,PCMDB
Os03g0803600,LOC_Os03g58900,"leaf epidermis,leaf mesophyll,mestome sheath",Leaf,Os03g0803600,PCMDB
Os03g0804200,LOC_Os03g58940,leaf epidermis,Leaf,OsLTPG10,PCMDB
Os03g0804400,LOC_Os03g58970,leaf procambium,Leaf,Os03g0804400,PCMDB
Os03g0804500,LOC_Os03g58980,"leaf epidermis,leaf mesophyll,mestome sheath",Leaf,GER7,PCMDB
Os03g0804800,LOC_Os03g59020,leaf mesophyll,Leaf,Os03g0804800,PCMDB
Os03g0805300,LOC_Os03g59060,leaf mesophyll,Leaf,OsPP56,PCMDB
Os03g0805400,LOC_Os03g59070,"leaf mesophyll,leaf procambium",Leaf,Os03g0805400,PCMDB
Os03g0805600,LOC_Os03g59090,leaf mesophyll,Leaf,Os03g0805600,PCMDB
Os03g0806500,LOC_Os03g59170,"leaf epidermis,leaf mesophyll,mestome sheath,leaf procambium",Leaf,OsAPRL5,PCMDB
Os03g0806600,LOC_Os03g59180,"leaf epidermis,leaf mesophyll,mestome sheath,leaf procambium",Leaf,Os03g0806600,PCMDB
Os03g0806800,LOC_Os03g59210,"leaf mesophyll,Phloem",Leaf,Os03g0806800,PCMDB
Os03g0806900,LOC_Os03g59220,"leaf epidermis,leaf mesophyll,mestome sheath,leaf procambium",Leaf,Os03g0806900,PCMDB
Os03g0807000,LOC_Os03g59225,"leaf epidermis,leaf mesophyll,leaf procambium",Leaf,Os03g0807000,PCMDB
Os03g0807700,LOC_Os03g59300,"leaf epidermis,leaf mesophyll",Leaf,Os03g0807700,PCMDB
Os03g0807800,LOC_Os03g59310,"leaf mesophyll,mestome sheath",Leaf,SUP44,PCMDB
Os03g0807900,LOC_Os03g59320,"leaf mesophyll,leaf procambium",Leaf,Os03g0807900,PCMDB
Os03g0808300,LOC_Os03g59360,"leaf epidermis,leaf mesophyll,mestome sheath,leaf procambium",Leaf,OsREM4.2,PCMDB
Os03g0808600,LOC_Os03g59390,mestome sheath,Leaf,OsCDPK8,PCMDB
Os03g0809100,LOC_Os03g59450,leaf epidermis,Leaf,OSJNBa0028F23.21,PCMDB
Os03g0809300,LOC_Os03g59470,"leaf epidermis,leaf mesophyll",Leaf,OsPP57,PCMDB
Os03g0809400,LOC_Os03g59480,"leaf epidermis,leaf mesophyll",Leaf,Os03g0809400,PCMDB
Os03g0810300,LOC_Os03g59580,"leaf epidermis,leaf mesophyll",Leaf,OSJNBa0028F23.8,PCMDB
Os03g0811400,LOC_Os03g59670,leaf procambium,Leaf,OsbHLH041,PCMDB
Os03g0811600,LOC_Os03g59700,leaf mesophyll,Leaf,OsCYP22,PCMDB
Os03g0811800,LOC_Os03g59720,mestome sheath,Leaf,Os03g0811800,PCMDB
Os03g0811900,LOC_Os03g59740,"leaf epidermis,mestome sheath",Leaf,OsARFA1f,PCMDB
Os03g0815200,LOC_Os03g60090,"leaf epidermis,leaf mesophyll,mestome sheath,leaf procambium,Xylem",Leaf,Os03g0815200,PCMDB
Os03g0815400,LOC_Os03g60100,"leaf epidermis,leaf mesophyll,mestome sheath,leaf procambium,Mesophyll precursor",Leaf,Os03g0815400,PCMDB
Os03g0815900,LOC_Os03g60130,leaf mesophyll,Leaf,Os03g0815900,PCMDB
Os03g0816700,LOC_Os03g60210,"leaf mesophyll,mestome sheath",Leaf,Os03g0816700,PCMDB
Os03g0816800,LOC_Os03g60220,leaf mesophyll,Leaf,Os03g0816800,PCMDB
Os03g0816900,LOC_Os03g60240,leaf mesophyll,Leaf,OsSCAR3,PCMDB
Os03g0817000,LOC_Os03g60240,leaf mesophyll,Leaf,OsSCAR3,PCMDB
Os03g0817100,LOC_Os03g60250,"leaf mesophyll,leaf procambium",Leaf,Os03g0817100,PCMDB
Os03g0817200,LOC_Os03g60260,"leaf epidermis,leaf mesophyll,leaf procambium",Leaf,OsANT2,PCMDB
Os03g0817800,LOC_Os03g60340,"leaf epidermis,leaf mesophyll,mestome sheath,Xylem",Leaf,OsTBL6,PCMDB
Os03g0817900,LOC_Os03g60350,mestome sheath,Leaf,OsTBL5,PCMDB
Os03g0818000,LOC_Os03g60360,"leaf epidermis,leaf mesophyll",Leaf,Os03g0818000,PCMDB
Os03g0818100,LOC_Os03g60370,"leaf epidermis,leaf mesophyll,leaf procambium",Leaf,Os03g0818100,PCMDB
Os03g0818200,LOC_Os03g60380,leaf mesophyll,Leaf,OsCCR22,PCMDB
Os03g0818250,LOC_Os03g60390,"leaf epidermis,leaf mesophyll",Leaf,Os03g0818250,PCMDB
Os03g0818300,LOC_Os03g60390,"leaf epidermis,leaf mesophyll",Leaf,Os03g0818300,PCMDB
Os03g0818400,LOC_Os03g60400,"leaf epidermis,leaf mesophyll,leaf procambium",Leaf,RPS23,PCMDB
Os03g0819400,LOC_Os03g60480,"leaf epidermis,leaf mesophyll,Mesophyll precursor",Leaf,OJ1754_E06.11,PCMDB
Os03g0819600,LOC_Os03g60509,"leaf epidermis,leaf mesophyll,leaf procambium,Xylem",Leaf,gh1,PCMDB
Os03g0819900,LOC_Os03g60530,"leaf epidermis,leaf mesophyll,mestome sheath",Leaf,OsRab8A5,PCMDB
Os03g0820300,LOC_Os03g60560,"leaf epidermis,leaf mesophyll,mestome sheath,leaf procambium",Leaf,ZFP182,PCMDB
Os03g0820400,LOC_Os03g60570,"leaf epidermis,leaf mesophyll,mestome sheath,leaf procambium",Leaf,ZFP,PCMDB
Os03g0820500,LOC_Os03g60580,"leaf epidermis,leaf mesophyll,mestome sheath,leaf procambium",Leaf,OsADF3,PCMDB
Os03g0820700,LOC_Os03g60600,"leaf mesophyll,leaf procambium",Leaf,Os03g0820700,PCMDB
Os03g0822000,LOC_Os03g60720,"leaf epidermis,leaf mesophyll,leaf procambium",Leaf,OsEXPA7,PCMDB
Os03g0822200,LOC_Os03g60740,"leaf epidermis,leaf mesophyll,mestome sheath,leaf procambium",Leaf,OSJNBb0081B07.22,PCMDB
Os03g0822700,LOC_Os03g60780,"leaf mesophyll,leaf epidermis",Leaf,OSJNBb0081B07.19,PCMDB
Os03g0823100,LOC_Os03g60820,"leaf mesophyll,mestome sheath",Leaf,Os03g0823100,PCMDB
Os03g0823200,LOC_Os03g60820,"leaf mesophyll,mestome sheath",Leaf,Os03g0823200,PCMDB
Os03g0823301,LOC_Os03g60820,"leaf mesophyll,mestome sheath",Leaf,Os03g0823301,PCMDB
Os03g0823400,LOC_Os03g60840,"leaf epidermis,leaf mesophyll,mestome sheath,leaf procambium",Leaf,OSJNBb0081B07.13,PCMDB
Os03g0823500,LOC_Os03g60850,"leaf mesophyll,mestome sheath,leaf procambium",Leaf,OSJNBb0081B07.12,PCMDB
Os03g0823700,LOC_Os03g60870,mestome sheath,Leaf,OsRab11B2,PCMDB
Os03g0823800,LOC_Os03g60880,"leaf epidermis,leaf mesophyll",Leaf,OSJNBb0081B07.9,PCMDB
Os03g0824000,LOC_Os03g60900,"leaf epidermis,mestome sheath,leaf procambium",Leaf,OSJNBb0081B07.7,PCMDB
Os03g0824200,LOC_Os03g60920,"leaf epidermis,leaf mesophyll,mestome sheath,leaf procambium",Leaf,OSJNBb0081B07.5,PCMDB
Os03g0824400,LOC_Os03g60939,leaf mesophyll,Leaf,Os03g0824400,PCMDB
Os03g0825300,LOC_Os03g61010,leaf epidermis,Leaf,OsRLCK119,PCMDB
Os03g0825400,LOC_Os03g61019,leaf epidermis,Leaf,Os03g0825400,PCMDB
Os03g0826200,LOC_Os03g61090,"leaf epidermis,leaf mesophyll,mestome sheath,leaf procambium",Leaf,Os03g0826200,PCMDB
Os03g0826700,LOC_Os03g61140,mestome sheath,Leaf,Os03g0826700,PCMDB
Os03g0826800,LOC_Os03g61150,"leaf epidermis,leaf mesophyll,mestome sheath",Leaf,OJ1111_B11.6,PCMDB
Os03g0826900,LOC_Os03g61160,leaf mesophyll,Leaf,OsEnS-58,PCMDB
Os03g0827500,LOC_Os03g61200,"leaf epidermis,leaf mesophyll,mestome sheath",Leaf,OsSPX4,PCMDB
Os03g0827600,LOC_Os03g61210,"leaf mesophyll,mestome sheath",Leaf,Os03g0827600,PCMDB
Os03g0827900,LOC_Os03g61240,"leaf epidermis,leaf mesophyll,mestome sheath",Leaf,Os03g0827900,PCMDB
Os03g0828100,LOC_Os03g61260,"leaf epidermis,leaf mesophyll,mestome sheath,leaf procambium,Mesophyll precursor",Leaf,RPL18,PCMDB
Os03g0828500,LOC_Os03g61280,"leaf epidermis,leaf mesophyll",Leaf,MAN4,PCMDB
Os03g0829000,LOC_Os03g61330,"leaf epidermis,leaf mesophyll",Leaf,FAHD2,PCMDB
Os03g0829100,LOC_Os03g61340,"leaf epidermis,leaf mesophyll,leaf procambium",Leaf,OSJNBb0027B08.33,PCMDB
Os03g0829200,LOC_Os03g61360,"leaf epidermis,leaf mesophyll,mestome sheath,leaf procambium",Leaf,OSJNBb0027B08.31,PCMDB
Os03g0830200,LOC_Os03g61470,"leaf epidermis,leaf mesophyll,leaf procambium",Leaf,OsFWL6,PCMDB
Os03g0830400,LOC_Os03g61490,mestome sheath,Leaf,OSJNBb0027B08.17,PCMDB
Os03g0830500,LOC_Os03g61500,"leaf mesophyll,leaf epidermis,leaf procambium",Leaf,OsFWL7,PCMDB
Os03g0831100,LOC_Os03g61560,leaf mesophyll,Leaf,OSJNBb0027B08.11,PCMDB
Os03g0831200,LOC_Os03g61570,leaf mesophyll,Leaf,GATA12,PCMDB
Os03g0831400,LOC_Os03g61590,leaf mesophyll,Leaf,OSJNBb0027B08.8,PCMDB
Os03g0831500,LOC_Os03g61600,leaf mesophyll,Leaf,OSJNBb0027B08.7,PCMDB
Os03g0831800,LOC_Os03g61630,leaf epidermis,Leaf,OsWD40-95,PCMDB
Os03g0832200,LOC_Os03g61670,leaf epidermis,Leaf,CRT,PCMDB
Os03g0832300,LOC_Os03g61680,"leaf epidermis,leaf mesophyll",Leaf,Os03g0832300,PCMDB
Os03g0832600,LOC_Os03g61710,"leaf epidermis,leaf mesophyll,leaf procambium",Leaf,Os03g0832600,PCMDB
Os03g0833100,LOC_Os03g61740,"leaf mesophyll,mestome sheath,leaf procambium",Leaf,Os03g0833100,PCMDB
Os03g0833300,LOC_Os03g61760,leaf mesophyll,Leaf,SPL6,PCMDB
Os03g0833900,LOC_Os03g61810,"leaf epidermis,leaf mesophyll,mestome sheath",Leaf,Os03g0833900,PCMDB
Os03g0835400,LOC_Os03g61920,leaf mesophyll,Leaf,ETFA,PCMDB
Os03g0835600,LOC_Os03g61930,leaf procambium,Leaf,OsACBP6,PCMDB
Os03g0835900,LOC_Os03g61960,"leaf epidermis,leaf mesophyll,mestome sheath,leaf procambium",Leaf,OsFd3,PCMDB
Os03g0836000,LOC_Os03g61970,"leaf epidermis,leaf mesophyll,mestome sheath,Xylem",Leaf,ACT3,PCMDB
Os03g0836200,LOC_Os03g61990,"leaf epidermis,leaf mesophyll,leaf procambium",Leaf,OsRZ1,PCMDB
Os03g0836400,LOC_Os03g62020,mestome sheath,Leaf,Os03g0836400,PCMDB
Os03g0837100,LOC_Os03g62090,"leaf mesophyll,mestome sheath,leaf procambium",Leaf,OsCesA5,PCMDB
Os03g0838100,LOC_Os03g62180,leaf mesophyll,Leaf,OsRLCK121,PCMDB
Os03g0838400,LOC_Os03g62200,"mestome sheath,leaf procambium",Leaf,AMT3,PCMDB
Os03g0838800,LOC_Os03g62230,leaf mesophyll,Leaf,Os03g0838800,PCMDB
Os03g0839900,LOC_Os03g62340,"leaf epidermis,leaf mesophyll,leaf procambium",Leaf,OsRLCK122,PCMDB
Os03g0841100,LOC_Os03g62430,"leaf epidermis,leaf mesophyll,mestome sheath",Leaf,OsWAK28,PCMDB
Os03g0841600,LOC_Os03g62480,mestome sheath,Leaf,Os03g0841600,PCMDB
Os03g0841700,LOC_Os03g62490,"leaf epidermis,mestome sheath,leaf procambium",Leaf,Os03g0841700,PCMDB
Os03g0843100,LOC_Os03g62600,leaf mesophyll,Leaf,OsRab11A1,PCMDB
Os03g0843300,LOC_Os03g62620,leaf mesophyll,Leaf,OsLEA7,PCMDB
Os03g0843400,LOC_Os03g62630,"leaf mesophyll,leaf epidermis,mestome sheath,leaf procambium",Leaf,OSJNBa0032G11.6,PCMDB
Os03g0843500,LOC_Os03g62640,"leaf mesophyll,leaf procambium",Leaf,OSJNBa0032G11.7,PCMDB
Os03g0843800,LOC_Os03g62670,vascular leaf,Leaf,OsHOL1,PCMDB
Os03g0844700,LOC_Os03g62750,"leaf mesophyll,leaf procambium",Leaf,Os03g0844700,PCMDB
Os03g0845000,LOC_Os03g62790,"leaf mesophyll,leaf procambium",Leaf,OSJNBa0032G11.22,PCMDB
Os03g0846400,LOC_Os03g62910,"leaf epidermis,leaf mesophyll,leaf procambium",Leaf,Os03g0846400,PCMDB
Os03g0847600,LOC_Os03g63020,"leaf epidermis,mestome sheath,Leaf preprocambium",Leaf,CDKF,PCMDB
Os03g0848100,LOC_Os03g63074,leaf mesophyll,Leaf,LDC,PCMDB
Os03g0848200,LOC_Os03g63074,leaf mesophyll,Leaf,OsPAP15,PCMDB
Os03g0848300,LOC_Os03g63090,leaf mesophyll,Leaf,Os03g0848300,PCMDB
Os03g0848600,LOC_Os03g63140,"leaf epidermis,leaf mesophyll,mestome sheath,leaf procambium,Mesophyll precursor",Leaf,Os03g0848600,PCMDB
Os03g0849800,LOC_Os03g63270,"leaf mesophyll,mestome sheath",Leaf,Os03g0849800,PCMDB
Os03g0850700,LOC_Os03g63370,"leaf epidermis,leaf mesophyll,mestome sheath",Leaf,Os03g0850700,PCMDB
Os03g0850800,LOC_Os03g63380,"leaf epidermis,leaf mesophyll,leaf procambium",Leaf,Os03g0850800,PCMDB
Os03g0850900,LOC_Os03g63390,"mestome sheath,leaf procambium",Leaf,OsUCL12,PCMDB
Os03g0851000,LOC_Os03g63400,"leaf epidermis,leaf mesophyll,leaf procambium",Leaf,Osj3g2BTF3,PCMDB
Os03g0851200,LOC_Os03g63420,"leaf epidermis,leaf mesophyll,mestome sheath,leaf procambium",Leaf,OsGRX11,PCMDB
Os03g0851300,LOC_Os03g63430,leaf epidermis,Leaf,OsRpn5,PCMDB
Os03g0851500,LOC_Os03g63450,"leaf epidermis,leaf mesophyll,mestome sheath,leaf procambium",Leaf,OsRad52-2a,PCMDB
Os03g0851700,LOC_Os03g63480,"leaf epidermis,leaf mesophyll,mestome sheath,leaf procambium",Leaf,Xbos251,PCMDB
Os03g0852000,LOC_Os03g63510,mestome sheath,Leaf,Os03g0852000,PCMDB
Os03g0852400,LOC_Os03g63540,"leaf epidermis,leaf mesophyll,mestome sheath,leaf procambium",Leaf,OsAGP31,PCMDB
Os03g0852600,LOC_Os03g63554,"leaf mesophyll,leaf procambium",Leaf,Os03g0852600,PCMDB
Os03g0854000,LOC_Os03g63700,"leaf mesophyll,mestome sheath,leaf procambium",Leaf,Os03g0854000,PCMDB
Os03g0854600,LOC_Os03g63760,"leaf mesophyll,mestome sheath,leaf procambium",Leaf,OsXTH24,PCMDB
Os03g0854800,LOC_Os03g63770,"leaf epidermis,leaf mesophyll",Leaf,Os03g0854800,PCMDB
Os03g0855600,LOC_Os03g63860,"leaf epidermis,leaf mesophyll,mestome sheath,leaf procambium",Leaf,OEP24,PCMDB
Os03g0856000,LOC_Os03g63900,"leaf mesophyll,leaf procambium",Leaf,Os03g0856000,PCMDB
Os03g0856300,LOC_Os03g63930,"leaf epidermis,leaf mesophyll,leaf procambium",Leaf,Os03g0856300,PCMDB
Os03g0856400,LOC_Os03g63940,"leaf epidermis,leaf mesophyll,mestome sheath",Leaf,OsCBSX8,PCMDB
Os03g0856500,LOC_Os03g63950,"leaf epidermis,leaf mesophyll,mestome sheath,leaf procambium,Mesophyll precursor",Leaf,Os03g0856500,PCMDB
Os03g0857000,LOC_Os03g63999,"leaf epidermis,leaf mesophyll,mestome sheath,leaf procambium",Leaf,Os03g0857000,PCMDB
Os03g0857100,LOC_Os03g64010,"leaf epidermis,leaf mesophyll",Leaf,Os03g0857100,PCMDB
Os03g0857600,LOC_Os03g64050,"leaf epidermis,leaf mesophyll,leaf procambium",Leaf,Os03g0857600,PCMDB
Os03g0857750,LOC_Os03g64060,"mestome sheath,leaf procambium",Leaf,Os03g0857750,PCMDB
Os03g0859100,LOC_Os03g64170,leaf epidermis,Leaf,OsGELP55,PCMDB
Os03g0859600,LOC_Os03g64210,"leaf mesophyll,leaf procambium",Leaf,OsCPn60alpha2,PCMDB
Os03g0859700,LOC_Os03g64210,"leaf mesophyll,leaf procambium",Leaf,OsCPn60alpha2,PCMDB
Os03g0859800,LOC_Os03g64219,leaf mesophyll,Leaf,Os03g0859800,PCMDB
Os03g0860000,LOC_Os03g64250,mestome sheath,Leaf,Os03g0860000,PCMDB
Os03g0860900,LOC_Os03g64300,mestome sheath,Leaf,OsTHI30,PCMDB
Os03g0861100,LOC_Os03g64320,"leaf epidermis,leaf mesophyll,mestome sheath,leaf procambium,Xylem",Leaf,Os03g0861100,PCMDB
Os04g0102500,LOC_Os04g01230,leaf mesophyll,Leaf,OSJNBa0068L06.8,PCMDB
Os04g0102600,LOC_Os04g01240,"leaf epidermis,leaf mesophyll",Leaf,Os04g0102600,PCMDB
Os04g0102700,LOC_Os04g01250,"leaf epidermis,mestome sheath,leaf procambium",Leaf,FAAH,PCMDB
Os04g0103300,LOC_Os04g01300,"leaf epidermis,leaf mesophyll,mestome sheath,leaf procambium,Xylem",Leaf,OsRhmbd10,PCMDB
Os04g0105100,LOC_Os04g01490,"leaf epidermis,leaf mesophyll,mestome sheath,leaf procambium",Leaf,Os04g0105100,PCMDB
Os04g0105200,LOC_Os04g01500,"mestome sheath,leaf procambium,Phloem",Leaf,OSJNBb0004G23.2,PCMDB
Os04g0105400,LOC_Os04g01520,"leaf mesophyll,leaf procambium",Leaf,Os04g0105400,PCMDB
Os04g0105700,LOC_Os04g01540,"leaf epidermis,leaf mesophyll,mestome sheath,leaf procambium",Leaf,Os04g0105700,PCMDB
Os04g0106000,LOC_Os04g01570,"leaf epidermis,leaf mesophyll,mestome sheath,leaf procambium",Leaf,Os04g0106000,PCMDB
Os04g0106300,LOC_Os04g01590,leaf mesophyll,Leaf,OsARG,PCMDB
Os04g0107900,LOC_Os04g01740,"leaf epidermis,leaf mesophyll,mestome sheath",Leaf,Hsp90,PCMDB
Os04g0110100,LOC_Os04g01950,"leaf mesophyll,leaf procambium,Leaf preprocambium",Leaf,Os04g0110100,PCMDB
Os04g0110200,LOC_Os04g01960,mestome sheath,Leaf,Os04g0110200,PCMDB
Os04g0110400,LOC_Os04g01980,"leaf epidermis,leaf mesophyll,leaf procambium",Leaf,Os04g0110400,PCMDB
Os04g0111200,LOC_Os04g02050,"leaf epidermis,leaf mesophyll,mestome sheath,leaf procambium",Leaf,Os04g0111200,PCMDB
Os04g0111225,LOC_Os04g02050,"leaf epidermis,leaf mesophyll,mestome sheath,leaf procambium",Leaf,Os04g0111225,PCMDB
Os04g0113800,LOC_Os04g02354,"leaf epidermis,leaf mesophyll,mestome sheath,leaf procambium",Leaf,Os04g0113800,PCMDB
Os04g0115500,LOC_Os04g02510,"leaf mesophyll,leaf procambium",Leaf,Os04g0115500,PCMDB
Os04g0115700,LOC_Os04g02530,"leaf epidermis,leaf mesophyll,mestome sheath,leaf procambium",Leaf,Os04g0115700,PCMDB
Os04g0118400,LOC_Os04g02820,"leaf mesophyll,mestome sheath",Leaf,Os04g0118400,PCMDB
Os04g0118500,LOC_Os04g02830,"leaf epidermis,leaf mesophyll,mestome sheath",Leaf,Os04g0118500,PCMDB
Os04g0119400,LOC_Os04g02900,"leaf epidermis,leaf mesophyll",Leaf,Os04g0119400,PCMDB
Os04g0121800,LOC_Os04g03164,"leaf epidermis,leaf mesophyll,leaf procambium",Leaf,Os04g0121800,PCMDB
Os04g0128300,LOC_Os04g03884,"leaf epidermis,leaf mesophyll",Leaf,Os04g0128300,PCMDB
Os04g0128700,LOC_Os04g03920,"leaf mesophyll,mestome sheath",Leaf,Os04g0128700,PCMDB
Os04g0129500,LOC_Os04g04020,"leaf epidermis,leaf mesophyll",Leaf,Os04g0129500,PCMDB
Os04g0136700,LOC_Os04g05010,"leaf epidermis,leaf mesophyll,leaf procambium",Leaf,OsCBSX5,PCMDB
Os04g0137500,LOC_Os04g05080,"leaf epidermis,leaf mesophyll,leaf procambium",Leaf,Os04g0137500,PCMDB
Os04g0142400,LOC_Os04g05650,"leaf epidermis,leaf mesophyll,leaf procambium",Leaf,Os04g0142400,PCMDB
Os04g0149400,LOC_Os04g06520,"leaf mesophyll,mestome sheath",Leaf,Os04g0149400,PCMDB
Os04g0150300,LOC_Os04g06590,"leaf epidermis,leaf mesophyll,leaf procambium",Leaf,Os04g0150300,PCMDB
Os04g0165000,LOC_Os04g08280,mestome sheath,Leaf,Os04g0165000,PCMDB
Os04g0165400,LOC_Os04g08320,leaf epidermis,Leaf,Os04g0165400,PCMDB
Os04g0167800,LOC_Os04g08550,"leaf mesophyll,mestome sheath",Leaf,Os04g0167800,PCMDB
Os04g0169100,LOC_Os04g08740,mestome sheath,Leaf,ETR2,PCMDB
Os04g0175400,LOC_Os04g09570,"leaf epidermis,leaf mesophyll,mestome sheath,leaf procambium",Leaf,Os04g0175400,PCMDB
Os04g0179200,LOC_Os04g10010,mestome sheath,Leaf,OsMAS,PCMDB
Os04g0179700,LOC_Os04g10060,"leaf mesophyll,mestome sheath",Leaf,OsKS4,PCMDB
Os04g0181100,LOC_Os04g10240,"leaf epidermis,leaf mesophyll,leaf procambium",Leaf,Os04g0181100,PCMDB
Os04g0182200,LOC_Os04g10350,"leaf mesophyll,leaf procambium,Leaf preprocambium",Leaf,Os04g0182200,PCMDB
Os04g0182800,LOC_Os04g10400,"leaf epidermis,leaf mesophyll,mestome sheath,leaf procambium",Leaf,ETFB,PCMDB
Os04g0194500,LOC_Os04g11820,"leaf procambium,Leaf preprocambium",Leaf,OsABCG8,PCMDB
Os04g0196300,LOC_Os04g11980,"leaf epidermis,leaf mesophyll",Leaf,Os04g0196300,PCMDB
Os04g0202300,LOC_Os04g12560,mestome sheath,Leaf,OsLecRK2,PCMDB
Os04g0204100,LOC_Os04g12720,"leaf epidermis,leaf mesophyll,mestome sheath,leaf procambium",Leaf,Os04g0204100,PCMDB
Os04g0204300,LOC_Os04g12744,leaf mesophyll,Leaf,Os04g0204300,PCMDB
Os04g0204650,LOC_Os04g12744,leaf mesophyll,Leaf,Os04g0204650,PCMDB
Os04g0206600,LOC_Os04g12970,"leaf epidermis,leaf mesophyll,mestome sheath,leaf procambium",Leaf,UDP-GT,PCMDB
Os04g0209200,LOC_Os04g13210,"leaf epidermis,leaf mesophyll,mestome sheath,leaf procambium",Leaf,OsABCC9,PCMDB
Os04g0218400,LOC_Os04g14150,leaf mesophyll,Leaf,Os04g0218400,PCMDB
Os04g0221600,LOC_Os04g14510,"leaf mesophyll,leaf procambium",Leaf,Os04g0221600,PCMDB
Os04g0224900,LOC_Os04g14790,"leaf epidermis,leaf mesophyll,mestome sheath",Leaf,Os04g0224900,PCMDB
Os04g0225001,LOC_Os04g14790,"leaf epidermis,leaf mesophyll,mestome sheath",Leaf,Os04g0225001,PCMDB
Os04g0225100,LOC_Os04g14810,leaf mesophyll,Leaf,Os04g0225100,PCMDB
Os04g0226400,LOC_Os04g15550,"leaf epidermis,leaf mesophyll",Leaf,Os04g0226400,PCMDB
Os04g0226600,LOC_Os04g15580,"leaf mesophyll,leaf procambium",Leaf,OsRLCK138,PCMDB
Os04g0227500,LOC_Os04g15690,"leaf mesophyll,mestome sheath,leaf procambium",Leaf,Os04g0227500,PCMDB
Os04g0233400,LOC_Os04g16450,"leaf epidermis,leaf mesophyll,mestome sheath,leaf procambium",Leaf,OsPIP2,PCMDB
Os04g0234600,LOC_Os04g16680,"leaf mesophyll,leaf procambium",Leaf,Os04g0234600,PCMDB
Os04g0243700,LOC_Os04g16970,"leaf epidermis,mestome sheath,Xylem",Leaf,OsCTR1,PCMDB
Os04g0244400,LOC_Os04g17050,mestome sheath,Leaf,OsGRX12,PCMDB
Os04g0244800,LOC_Os04g17100,"leaf epidermis,leaf mesophyll,mestome sheath,leaf procambium",Leaf,Os04g0244800,PCMDB
Os04g0247500,LOC_Os04g17479,"leaf epidermis,leaf mesophyll,mestome sheath,leaf procambium",Leaf,Os04g0247500,PCMDB
Os04g0249600,LOC_Os04g17660,"leaf mesophyll,leaf procambium",Leaf,STR6,PCMDB
Os04g0253000,LOC_Os04g18090,"leaf mesophyll,leaf initial cell",Leaf,H1,PCMDB
Os04g0266400,LOC_Os04g19684,"leaf epidermis,mestome sheath",Leaf,Os04g0266400,PCMDB
Os04g0268700,LOC_Os04g19960,leaf procambium,Leaf,Os04g0268700,PCMDB
Os04g0270100,LOC_Os04g20220,leaf mesophyll,Leaf,Os04g0270100,PCMDB
Os04g0270200,LOC_Os04g20230,leaf mesophyll,Leaf,Os04g0270200,PCMDB
Os04g0271200,LOC_Os04g20280,"leaf epidermis,mestome sheath",Leaf,OsPAS2,PCMDB
Os04g0274400,LOC_Os04g20590,"leaf epidermis,leaf mesophyll,leaf procambium",Leaf,Os04g0274400,PCMDB
Os04g0275950,LOC_Os04g20749,leaf mesophyll,Leaf,Os04g0275950,PCMDB
Os04g0280200,LOC_Os04g21110,"leaf epidermis,leaf mesophyll,leaf procambium",Leaf,Os04g0280200,PCMDB
Os04g0281900,LOC_Os04g21320,leaf epidermis,Leaf,Os04g0281900,PCMDB
Os04g0282400,LOC_Os04g21350,"vascular leaf,leaf",Leaf,Os04g0282400,PCMDB
Os04g0283900,LOC_Os04g21600,"leaf epidermis,leaf mesophyll,mestome sheath,leaf procambium",Leaf,Os04g0283900,PCMDB
Os04g0284900,LOC_Os04g21710,"leaf epidermis,leaf mesophyll,mestome sheath,leaf procambium",Leaf,Os04g0284900,PCMDB
Os04g0287400,LOC_Os04g21950,"leaf mesophyll,mestome sheath",Leaf,WRKY51,PCMDB
Os04g0297800,LOC_Os04g23140,"leaf epidermis,leaf mesophyll,mestome sheath,leaf procambium",Leaf,Os04g0297800,PCMDB
Os04g0301500,LOC_Os04g23550,leaf mesophyll,Leaf,OsbHLH006,PCMDB
Os04g0301700,LOC_Os04g23580,"leaf epidermis,leaf mesophyll,mestome sheath,leaf procambium",Leaf,Os04g0301700,PCMDB
Os04g0303900,LOC_Os04g23820,"leaf mesophyll,mestome sheath",Leaf,Os04g0303900,PCMDB
Os04g0306400,LOC_Os04g24140,leaf mesophyll,Leaf,OsRPI,PCMDB
Os04g0306800,LOC_Os04g24170,leaf epidermis,Leaf,Os04g0306800,PCMDB
Os04g0307200,LOC_Os04g24180,leaf mesophyll,Leaf,OsDjC43,PCMDB
Os04g0309100,LOC_Os04g24410,"leaf mesophyll,leaf procambium",Leaf,Os04g0309100,PCMDB
Os04g0311100,LOC_Os04g24550,leaf mesophyll,Leaf,Os04g0311100,PCMDB
Os04g0319800,LOC_Os04g25380,leaf procambium,Leaf,Os04g0319800,PCMDB
Os04g0321600,LOC_Os04g25550,leaf mesophyll,Leaf,Osspt16,PCMDB
Os04g0321700,LOC_Os04g25560,leaf mesophyll,Leaf,OsSCP23,PCMDB
Os04g0321800,LOC_Os04g25570,leaf mesophyll,Leaf,OsPP2C38,PCMDB
Os04g0323500,LOC_Os04g25740,"leaf mesophyll,leaf procambium",Leaf,Os04g0323500,PCMDB
Os04g0330200,LOC_Os04g26320,vascular leaf,Leaf,Os04g0330200,PCMDB
Os04g0337000,LOC_Os04g26834,mestome sheath,Leaf,OsSTA120,PCMDB
Os04g0337300,LOC_Os04g26850,leaf procambium,Leaf,Os04g0337300,PCMDB
Os04g0338000,LOC_Os04g26910,"leaf epidermis,leaf mesophyll,mestome sheath,leaf procambium",Leaf,Os04g0338000,PCMDB
Os04g0339400,LOC_Os04g27060,"leaf epidermis,leaf mesophyll,mestome sheath,leaf procambium",Leaf,OsAKR,PCMDB
Os04g0340100,LOC_Os04g27096,"leaf mesophyll,leaf procambium",Leaf,Os04g0340100,PCMDB
Os04g0346100,LOC_Os04g27860,leaf mesophyll,Leaf,OsRPS27,PCMDB
Os04g0347600,LOC_Os04g28010,"leaf mesophyll,leaf procambium",Leaf,Os04g0347600,PCMDB
Os04g0348400,LOC_Os04g28100,"leaf mesophyll,leaf procambium",Leaf,OsPUB7,PCMDB
Os04g0349500,LOC_Os04g28180,"leaf epidermis,leaf mesophyll,mestome sheath",Leaf,Os04g0349500,PCMDB
Os04g0350100,LOC_Os04g28250,"leaf mesophyll,leaf procambium",Leaf,Os04g0350100,PCMDB
Os04g0352066,LOC_Os04g28390,"leaf mesophyll,leaf epidermis,mestome sheath,leaf procambium",Leaf,Os04g0352066,PCMDB
Os04g0352400,LOC_Os04g28420,"leaf epidermis,leaf mesophyll,mestome sheath,leaf procambium",Leaf,OsFKBP62b,PCMDB
Os04g0357700,LOC_Os04g28850,leaf procambium,Leaf,OsRALF-13,PCMDB
Os04g0367400,LOC_Os04g29920,"leaf mesophyll,mestome sheath,Xylem",Leaf,Os04g0367400,PCMDB
Os04g0368800,LOC_Os04g30010,mestome sheath,Leaf,OsWAK45,PCMDB
Os04g0369000,LOC_Os04g30030,"leaf mesophyll,leaf procambium",Leaf,OsRLCK144,PCMDB
Os04g0369066,LOC_Os04g30030,"leaf mesophyll,leaf procambium",Leaf,OsRLCK144,PCMDB
Os04g0370900,LOC_Os04g30240,vascular leaf,Leaf,Os04g0370900,PCMDB
Os04g0372700,LOC_Os04g30420,"leaf epidermis,leaf mesophyll",Leaf,Os04g0372700,PCMDB
Os04g0376100,LOC_Os04g30740,leaf mesophyll,Leaf,Os04g0376100,PCMDB
Os04g0376300,LOC_Os04g30760,"leaf epidermis,leaf mesophyll,mestome sheath,leaf procambium",Leaf,OSJNBb0006N15.11,PCMDB
Os04g0376500,LOC_Os04g30780,leaf mesophyll,Leaf,eIF-3h,PCMDB
Os04g0379400,LOC_Os04g31010,"leaf epidermis,leaf mesophyll,mestome sheath,leaf procambium",Leaf,Os04g0379400,PCMDB
Os04g0379600,LOC_Os04g31030,leaf epidermis,Leaf,Os04g0379600,PCMDB
Os04g0379700,LOC_Os04g31040,leaf mesophyll,Leaf,RVDE1,PCMDB
Os04g0379900,LOC_Os04g31070,"leaf mesophyll,leaf procambium",Leaf,Os04g0379900,PCMDB
Os04g0380200,LOC_Os04g31110,"leaf epidermis,leaf mesophyll",Leaf,Os04g0380200,PCMDB
Os04g0381700,LOC_Os04g31290,leaf,Leaf,OsbHLH156,PCMDB
Os04g0382100,LOC_Os04g31320,leaf mesophyll,Leaf,OsSWIB,PCMDB
Os04g0382300,LOC_Os04g31340,"leaf epidermis,leaf mesophyll,mestome sheath,leaf procambium",Leaf,OsCBSCBS3,PCMDB
Os04g0382400,LOC_Os04g31350,leaf mesophyll,Leaf,Os04g0382400,PCMDB
Os04g0383700,LOC_Os04g31460,leaf mesophyll,Leaf,OsRALF-16,PCMDB
Os04g0385600,LOC_Os04g31610,"leaf mesophyll,leaf procambium",Leaf,Os_F0796,PCMDB
Os04g0386600,LOC_Os04g31700,"leaf mesophyll,leaf procambium",Leaf,Os04g0386600,PCMDB
Os04g0388500,LOC_Os04g31900,"mestome sheath,leaf procambium",Leaf,Os04g0388500,PCMDB
Os04g0388601,LOC_Os04g31910,"leaf epidermis,leaf mesophyll",Leaf,OsMed30_1,PCMDB
Os04g0388700,LOC_Os04g31924,"leaf epidermis,leaf mesophyll,mestome sheath,leaf procambium",Leaf,Os04g0388700,PCMDB
Os04g0388900,LOC_Os04g31950,"leaf mesophyll,leaf procambium",Leaf,Os04g0388900,PCMDB
Os04g0390000,LOC_Os04g32020,leaf mesophyll,Leaf,Os04g0390000,PCMDB
Os04g0390100,LOC_Os04g32030,"leaf epidermis,leaf mesophyll,mestome sheath,leaf procambium",Leaf,Os04g0390100,PCMDB
Os04g0392100,LOC_Os04g32170,"leaf mesophyll,leaf procambium",Leaf,Os04g0392100,PCMDB
Os04g0393300,LOC_Os04g32270,"leaf epidermis,mestome sheath",Leaf,MUB4,PCMDB
Os04g0394100,LOC_Os04g32320,"leaf epidermis,leaf mesophyll,mestome sheath",Leaf,Os04g0394100,PCMDB
Os04g0394700,LOC_Os04g32370,"leaf mesophyll,leaf procambium,Phloem",Leaf,Os04g0394700,PCMDB
Os04g0395700,LOC_Os04g32470,leaf mesophyll,Leaf,Os04g0395700,PCMDB
Os04g0395800,LOC_Os04g32480,"leaf epidermis,leaf mesophyll,mestome sheath",Leaf,OsJAZ11,PCMDB
Os04g0397000,LOC_Os04g32550,"leaf epidermis,leaf mesophyll,leaf procambium",Leaf,dad-1,PCMDB
Os04g0397400,LOC_Os04g32580,leaf procambium,Leaf,Os04g0397400,PCMDB
Os04g0397500,LOC_Os04g32590,"leaf epidermis,leaf mesophyll,mestome sheath,leaf procambium",Leaf,Os04g0397500,PCMDB
Os04g0398000,LOC_Os04g32620,mestome sheath,Leaf,OsERF101,PCMDB
Os04g0398300,LOC_Os04g32650,"leaf mesophyll,mestome sheath",Leaf,Os04g0398300,PCMDB
Os04g0398500,LOC_Os04g32660,"leaf epidermis,leaf mesophyll",Leaf,Os04g0398500,PCMDB
Os04g0399800,LOC_Os04g32790,leaf mesophyll,Leaf,OsERF#082,PCMDB
Os04g0401100,LOC_Os04g32860,leaf epidermis,Leaf,Os04g0401100,PCMDB
Os04g0401700,LOC_Os04g32920,leaf mesophyll,Leaf,HAK1,PCMDB
Os04g0402100,LOC_Os04g32950,"leaf mesophyll,mestome sheath,leaf procambium",Leaf,OsCNX,PCMDB
Os04g0403200,LOC_Os04g33030,"leaf mesophyll,Leaf preprocambium",Leaf,SIP23,PCMDB
Os04g0403500,LOC_Os04g33060,"leaf epidermis,leaf mesophyll,leaf procambium",Leaf,Os04g0403500,PCMDB
Os04g0403900,LOC_Os04g33110,"leaf epidermis,leaf mesophyll,mestome sheath,leaf procambium",Leaf,Os04g0403900,PCMDB
Os04g0405100,LOC_Os04g33220,"leaf epidermis,leaf mesophyll,leaf procambium",Leaf,Os04g0405100,PCMDB
Os04g0405300,LOC_Os04g33240,"leaf epidermis,leaf mesophyll,leaf procambium",Leaf,OsSDR110C-MS3,PCMDB
Os04g0406600,LOC_Os04g33390,leaf mesophyll,Leaf,Os04g0406600,PCMDB
Os04g0408700,LOC_Os04g33440,"leaf epidermis,leaf mesophyll,mestome sheath,leaf procambium",Leaf,S1FA2,PCMDB
Os04g0409500,LOC_Os04g33470,"leaf mesophyll,leaf procambium",Leaf,Os04g0409500,PCMDB
Os04g0411800,LOC_Os04g33590,mestome sheath,Leaf,Os04g0411800,PCMDB
Os04g0412200,LOC_Os04g33630,"leaf mesophyll,leaf procambium,Mesophyll precursor",Leaf,Os04g0412200,PCMDB
Os04g0412300,LOC_Os04g33640,leaf mesophyll,Leaf,OSJNBa0073L04.8,PCMDB
Os04g0413500,LOC_Os04g33740,leaf mesophyll,Leaf,GIF1,PCMDB
Os04g0413900,LOC_Os04g33760,"leaf mesophyll,mestome sheath",Leaf,OsS40-6,PCMDB
Os04g0414100,LOC_Os04g33780,leaf mesophyll,Leaf,OJ000126_13.12,PCMDB
Os04g0414500,LOC_Os04g33820,leaf mesophyll,Leaf,OsFbox208,PCMDB
Os04g0414700,LOC_Os04g33830,"leaf epidermis,leaf mesophyll,mestome sheath,leaf procambium,Mesophyll precursor",Leaf,Os04g0414700,PCMDB
Os04g0415000,LOC_Os04g33860,leaf epidermis,Leaf,Os04g0415000,PCMDB
Os04g0415100,LOC_Os04g33870,"leaf epidermis,mestome sheath",Leaf,OsOFP10,PCMDB
Os04g0415200,LOC_Os04g33880,"leaf mesophyll,mestome sheath,leaf procambium",Leaf,Os04g0415200,PCMDB
Os04g0415600,LOC_Os04g33900,leaf mesophyll,Leaf,COPT4,PCMDB
Os04g0415800,LOC_Os04g33920,"mestome sheath,leaf procambium",Leaf,OsLTPd6,PCMDB
Os04g0416000,LOC_Os04g33940,"leaf mesophyll,leaf procambium",Leaf,OJ991214_12.13,PCMDB
Os04g0416700,LOC_Os04g33990,"leaf epidermis,leaf mesophyll,leaf procambium",Leaf,OJ991214_12.17,PCMDB
Os04g0417600,LOC_Os04g34050,leaf mesophyll,Leaf,OsVQ15,PCMDB
Os04g0418000,LOC_Os04g34100,"leaf epidermis,leaf mesophyll,leaf procambium",Leaf,SDH5,PCMDB
Os04g0418500,LOC_Os04g34140,leaf mesophyll,Leaf,OsPUB46,PCMDB
Os04g0418800,LOC_Os04g34170,"leaf mesophyll,mestome sheath,leaf procambium",Leaf,Os04g0418800,PCMDB
Os04g0419600,LOC_Os04g34240,"leaf mesophyll,leaf initial cell",Leaf,Os04g0419600,PCMDB
Os04g0420900,LOC_Os04g34370,"leaf epidermis,leaf mesophyll,leaf procambium",Leaf,Os04g0420900,PCMDB
Os04g0421900,LOC_Os04g34450,"leaf epidermis,leaf mesophyll",Leaf,SEC5,PCMDB
Os04g0423400,LOC_Os04g34600,"leaf epidermis,leaf mesophyll,mestome sheath,leaf procambium",Leaf,OsAsr2,PCMDB
Os04g0428900,LOC_Os04g34930,leaf mesophyll,Leaf,Os04g0428900,PCMDB
Os04g0429050,LOC_Os04g34970,leaf mesophyll,Leaf,OsERF#100,PCMDB
Os04g0430100,LOC_Os04g35090,"leaf epidermis,leaf mesophyll",Leaf,RPS10-1,PCMDB
Os04g0430200,LOC_Os04g35100,mestome sheath,Leaf,Os04g0430200,PCMDB
Os04g0430600,LOC_Os04g35130,leaf mesophyll,Leaf,Os04g0430600,PCMDB
Os04g0431000,LOC_Os04g35170,leaf procambium,Leaf,Os04g0431000,PCMDB
Os04g0431100,LOC_Os04g35180,"leaf epidermis,leaf mesophyll,leaf procambium,Mesophyll precursor",Leaf,OSJNBa0084A10.6,PCMDB
Os04g0431300,LOC_Os04g35200,"leaf epidermis,leaf mesophyll,leaf procambium",Leaf,Os04g0431300,PCMDB
Os04g0431800,LOC_Os04g35220,"leaf epidermis,leaf mesophyll,mestome sheath,leaf procambium",Leaf,OSJNBa0084A10.10,PCMDB
Os04g0432000,LOC_Os04g35240,"leaf epidermis,leaf mesophyll,leaf procambium",Leaf,SAPK7,PCMDB
Os04g0432100,LOC_Os04g35250,leaf epidermis,Leaf,OSJNBa0084A10.13,PCMDB
Os04g0432400,LOC_Os04g35280,leaf epidermis,Leaf,OsNIN7,PCMDB
Os04g0432500,LOC_Os04g35290,"leaf mesophyll,leaf procambium",Leaf,PDIL5,PCMDB
Os04g0432600,LOC_Os04g35300,"leaf epidermis,leaf mesophyll",Leaf,Os04g0432600,PCMDB
Os04g0433200,LOC_Os04g35380,leaf epidermis,Leaf,Os04g0433200,PCMDB
Os04g0433600,LOC_Os04g35410,"leaf mesophyll,mestome sheath",Leaf,Os04g0433600,PCMDB
Os04g0434800,LOC_Os04g35520,"leaf mesophyll,leaf procambium",Leaf,OsAPx7,PCMDB
Os04g0435000,LOC_Os04g35534,"leaf epidermis,leaf mesophyll,mestome sheath,leaf procambium",Leaf,Os04g0435000,PCMDB
Os04g0435500,LOC_Os04g35560,"leaf epidermis,leaf mesophyll,mestome sheath,leaf procambium",Leaf,OsTCHQD1,PCMDB
Os04g0435700,LOC_Os04g35570,"leaf epidermis,leaf mesophyll,mestome sheath,leaf procambium",Leaf,Os04g0435700,PCMDB
Os04g0438600,LOC_Os04g35790,"leaf mesophyll,leaf procambium",Leaf,Os04g0438600,PCMDB
Os04g0439100,LOC_Os04g35840,"leaf mesophyll,mestome sheath",Leaf,Os04g0439100,PCMDB
Os04g0439600,LOC_Os04g35890,leaf procambium,Leaf,OsCRR1,PCMDB
Os04g0440100,LOC_Os04g35920,"leaf mesophyll,mestome sheath,leaf procambium",Leaf,UPF3,PCMDB
Os04g0441800,LOC_Os04g36040,leaf mesophyll,Leaf,OSJNBa0064D20.8,PCMDB
Os04g0442000,LOC_Os04g36054,"leaf mesophyll,leaf procambium",Leaf,OsARF9,PCMDB
Os04g0443200,LOC_Os04g36600,"leaf mesophyll,leaf procambium",Leaf,Os04g0443200,PCMDB
Os04g0443500,LOC_Os04g36620,leaf epidermis,Leaf,Os04g0443500,PCMDB
Os04g0444300,LOC_Os04g36670,"leaf mesophyll,leaf procambium",Leaf,OsARGOS,PCMDB
Os04g0444600,LOC_Os04g36700,"leaf epidermis,leaf procambium",Leaf,OsRpn6,PCMDB
Os04g0445100,LOC_Os04g36750,"leaf epidermis,leaf mesophyll,mestome sheath,leaf procambium",Leaf,HSP23.2,PCMDB
Os04g0445200,LOC_Os04g36760,"leaf epidermis,leaf mesophyll,leaf procambium",Leaf,Os04g0445200,PCMDB
Os04g0445600,LOC_Os04g36790,"leaf epidermis,leaf mesophyll",Leaf,Os04g0445600,PCMDB
Os04g0445800,LOC_Os04g36810,"leaf epidermis,leaf mesophyll,mestome sheath",Leaf,LSM1,PCMDB
Os04g0446300,LOC_Os04g36859,"leaf epidermis,leaf mesophyll",Leaf,Os04g0446300,PCMDB
Os04g0447100,LOC_Os04g37430,"leaf epidermis,leaf mesophyll,mestome sheath,leaf procambium",Leaf,SPH,PCMDB
Os04g0447600,LOC_Os04g37480,"leaf mesophyll,leaf procambium,Mesophyll precursor",Leaf,Os04g0447600,PCMDB
Os04g0447700,LOC_Os04g37490,"leaf epidermis,leaf mesophyll,mestome sheath,leaf procambium",Leaf,Os04g0447700,PCMDB
Os04g0448300,LOC_Os04g37550,"leaf mesophyll,mestome sheath",Leaf,Os04g0448300,PCMDB
Os04g0448550,LOC_Os04g37580,"leaf mesophyll,leaf procambium",Leaf,Os04g0448550,PCMDB
Os04g0448600,LOC_Os04g37580,"leaf mesophyll,leaf procambium",Leaf,Os04g0448600,PCMDB
Os04g0449500,LOC_Os04g37670,"leaf epidermis,leaf mesophyll,mestome sheath,leaf procambium",Leaf,Os04g0449500,PCMDB
Os04g0449900,LOC_Os04g37690,"leaf epidermis,leaf mesophyll",Leaf,Os04g0449900,PCMDB
Os04g0450000,LOC_Os04g37700,"leaf mesophyll,leaf procambium",Leaf,Os04g0450000,PCMDB
Os04g0450300,LOC_Os04g37730,leaf mesophyll,Leaf,Os04g0450300,PCMDB
Os04g0450400,LOC_Os04g37740,mestome sheath,Leaf,Os04g0450400,PCMDB
Os04g0450600,LOC_Os04g37760,leaf epidermis,Leaf,Os04g0450600,PCMDB
Os04g0450701,LOC_Os04g37770,"leaf epidermis,leaf mesophyll,mestome sheath,leaf procambium",Leaf,OsAGP4,PCMDB
Os04g0450900,LOC_Os04g37790,"leaf epidermis,leaf mesophyll,mestome sheath,leaf procambium",Leaf,Os04g0450900,PCMDB
Os04g0451700,LOC_Os04g37880,"leaf epidermis,leaf mesophyll,mestome sheath,leaf procambium",Leaf,Os04g0451700,PCMDB
Os04g0452000,LOC_Os04g37904,"leaf mesophyll,mestome sheath,leaf procambium",Leaf,OsPP2C41,PCMDB
Os04g0455600,LOC_Os04g38310,leaf epidermis,Leaf,HN1L,PCMDB
Os04g0455800,LOC_Os04g38330,"leaf epidermis,leaf mesophyll,mestome sheath,leaf procambium",Leaf,LIP1,PCMDB
Os04g0456700,LOC_Os04g38390,"leaf epidermis,leaf mesophyll,mestome sheath,leaf procambium",Leaf,OSJNBa0036B21.4,PCMDB
Os04g0457000,LOC_Os04g38410,"leaf epidermis,leaf mesophyll,mestome sheath,leaf procambium",Leaf,CP24,PCMDB
Os04g0457500,LOC_Os04g38450,"leaf epidermis,leaf mesophyll,leaf procambium",Leaf,Os04g0457500,PCMDB
Os04g0457800,LOC_Os04g38480,"leaf epidermis,mestome sheath",Leaf,OsSERK2,PCMDB
Os04g0458200,LOC_Os04g38520,mestome sheath,Leaf,IIP4,PCMDB
Os04g0458600,LOC_Os04g38540,"leaf mesophyll,mestome sheath",Leaf,Os04g0458600,PCMDB
Os04g0459500,LOC_Os04g38600,"leaf mesophyll,leaf procambium",Leaf,Os04g0459500,PCMDB
Os04g0459600,LOC_Os04g38610,"leaf mesophyll,mestome sheath,leaf procambium",Leaf,Os04g0459600,PCMDB
Os04g0461000,LOC_Os04g38740,leaf mesophyll,Leaf,Os-MYB39,PCMDB
Os04g0461100,LOC_Os04g38750,"leaf epidermis,leaf mesophyll,mestome sheath,leaf procambium,Mesophyll precursor",Leaf,Os04g0461100,PCMDB
Os04g0461600,LOC_Os04g38790,leaf mesophyll,Leaf,Os04g0461600,PCMDB
Os04g0462500,LOC_Os04g38870,"leaf epidermis,leaf mesophyll,mestome sheath,leaf procambium",Leaf,GF14B,PCMDB
Os04g0462600,LOC_Os04g38880,"leaf mesophyll,leaf procambium",Leaf,Os04g0462600,PCMDB
Os04g0462800,LOC_Os04g38885,"leaf epidermis,leaf mesophyll,leaf procambium",Leaf,Os04g0462800,PCMDB
Os04g0462900,LOC_Os04g38900,"leaf epidermis,leaf mesophyll,mestome sheath,leaf procambium",Leaf,B1358B12.15,PCMDB
Os04g0463000,LOC_Os04g38910,"leaf mesophyll,mestome sheath",Leaf,Os04g0463000,PCMDB
Os04g0463100,LOC_Os04g38914,leaf mesophyll,Leaf,Os04g0463100,PCMDB
Os04g0463400,LOC_Os04g38940,leaf mesophyll,Leaf,OsVIT1,PCMDB
Os04g0463500,LOC_Os04g38950,"leaf mesophyll,mestome sheath,leaf procambium",Leaf,OASB1,PCMDB
Os04g0463700,LOC_Os04g38970,"leaf epidermis,leaf mesophyll",Leaf,Os04g0463700,PCMDB
Os04g0464100,LOC_Os04g39010,"leaf epidermis,leaf mesophyll,mestome sheath,leaf procambium",Leaf,Os04g0464100,PCMDB
Os04g0464200,LOC_Os04g39020,"leaf mesophyll,mestome sheath",Leaf,BAD1,PCMDB
Os04g0464500,LOC_Os04g39040,"leaf epidermis,mestome sheath",Leaf,Os04g0464500,PCMDB
Os04g0464966,LOC_Os04g39080,"leaf mesophyll,mestome sheath,leaf procambium",Leaf,OsFbox217,PCMDB
Os04g0465300,LOC_Os04g39110,"leaf epidermis,leaf mesophyll,mestome sheath,leaf procambium",Leaf,GASR2,PCMDB
Os04g0465600,LOC_Os04g39150,"leaf epidermis,leaf mesophyll,mestome sheath,leaf procambium",Leaf,Os04g0465600,PCMDB
Os04g0467100,LOC_Os04g39240,leaf epidermis,Leaf,Os04g0467100,PCMDB
Os04g0469000,LOC_Os04g39350,"leaf mesophyll,mestome sheath",Leaf,Os04g0469000,PCMDB
Os04g0469300,LOC_Os04g39380,"leaf mesophyll,leaf epidermis,leaf procambium",Leaf,Os04g0469300,PCMDB
Os04g0469500,LOC_Os04g39420,leaf mesophyll,Leaf,OsPFK03,PCMDB
Os04g0470100,LOC_Os04g39440,"leaf epidermis,leaf mesophyll,mestome sheath",Leaf,OsRab2A1,PCMDB
Os04g0471300,LOC_Os04g39540,"leaf procambium,Phloem",Leaf,Os04g0471300,PCMDB
Os04g0472200,LOC_Os04g39600,"leaf mesophyll,leaf procambium",Leaf,OsFLA13,PCMDB
Os04g0472600,LOC_Os04g39660,"leaf epidermis,leaf mesophyll",Leaf,OsFbox218,PCMDB
Os04g0473400,LOC_Os04g39700,"leaf epidermis,leaf mesophyll,leaf procambium",Leaf,OsRPL6,PCMDB
Os04g0475600,LOC_Os04g39980,"leaf mesophyll,Mesophyll precursor",Leaf,DAO,PCMDB
Os04g0476700,LOC_Os04g40080,leaf epidermis,Leaf,OsIRL3,PCMDB
Os04g0477300,LOC_Os04g40140,leaf mesophyll,Leaf,BET1,PCMDB
Os04g0477900,LOC_Os04g40180,"leaf epidermis,leaf mesophyll,leaf procambium",Leaf,Os04g0477900,PCMDB
Os04g0478000,LOC_Os04g40190,"leaf epidermis,leaf mesophyll",Leaf,Os04g0478000,PCMDB
Os04g0479100,LOC_Os04g40300,leaf epidermis,Leaf,TGO,PCMDB
Os04g0479200,LOC_Os04g40310,"leaf epidermis,leaf mesophyll,leaf procambium",Leaf,OsIDHc:1,PCMDB
Os04g0479300,LOC_Os04g40320,leaf mesophyll,Leaf,Os04g0479300,PCMDB
Os04g0480200,LOC_Os04g40410,"leaf mesophyll,leaf procambium",Leaf,OsNAR2.2,PCMDB
Os04g0481200,LOC_Os04g40510,leaf epidermis,Leaf,Os04g0481200,PCMDB
Os04g0482000,LOC_Os04g40600,"leaf mesophyll,leaf procambium",Leaf,OsMSRA2.1,PCMDB
Os04g0482300,LOC_Os04g40630,"leaf epidermis,leaf mesophyll,mestome sheath,Leaf preprocambium",Leaf,Os04g0482300,PCMDB
Os04g0482900,LOC_Os04g40670,leaf mesophyll,Leaf,Os04g0482900,PCMDB
Os04g0483000,LOC_Os04g40680,mestome sheath,Leaf,Os04g0483000,PCMDB
Os04g0483200,LOC_Os04g40700,"mestome sheath,leaf procambium",Leaf,Os04g0483200,PCMDB
Os04g0483500,LOC_Os04g40730,"leaf epidermis,mestome sheath",Leaf,KCR1,PCMDB
Os04g0485000,LOC_Os04g40850,"leaf epidermis,leaf mesophyll,leaf procambium",Leaf,OsRpn7,PCMDB
Os04g0485200,LOC_Os04g40870,"leaf epidermis,leaf mesophyll",Leaf,Os04g0485200,PCMDB
Os04g0485300,LOC_Os04g40874,"leaf epidermis,leaf mesophyll,leaf procambium",Leaf,OsG6PDH2,PCMDB
Os04g0485400,LOC_Os04g40880,leaf mesophyll,Leaf,OsISC44,PCMDB
Os04g0485800,LOC_Os04g40910,leaf mesophyll,Leaf,OsFbox225,PCMDB
Os04g0486600,LOC_Os04g40950,"leaf epidermis,leaf mesophyll,mestome sheath,leaf procambium",Leaf,GAPDH,PCMDB
Os04g0486900,LOC_Os04g40980,"leaf epidermis,leaf mesophyll",Leaf,Os04g0486900,PCMDB
Os04g0486950,LOC_Os04g40990,leaf mesophyll,Leaf,MS,PCMDB
Os04g0487200,LOC_Os04g41030,leaf mesophyll,Leaf,Os04g0487200,PCMDB
Os04g0487300,LOC_Os04g41040,leaf mesophyll,Leaf,Os04g0487300,PCMDB
Os04g0488400,LOC_Os04g41130,vascular leaf,Leaf,FT-L,PCMDB
Os04g0488600,LOC_Os04g41150,"leaf mesophyll,mestome sheath,leaf procambium",Leaf,Os04g0488600,PCMDB
Os04g0488700,LOC_Os04g41160,"leaf epidermis,leaf mesophyll,mestome sheath,leaf procambium",Leaf,OsOxi1,PCMDB
Os04g0489600,LOC_Os04g41229,leaf mesophyll,Leaf,OsbHLH111,PCMDB
Os04g0490500,LOC_Os04g41310,mestome sheath,Leaf,OsRLCK152,PCMDB
Os04g0490800,LOC_Os04g41340,"leaf epidermis,leaf mesophyll,mestome sheath,leaf procambium",Leaf,Os4NPP1,PCMDB
Os04g0491700,LOC_Os04g41460,mestome sheath,Leaf,Os04g0491700,PCMDB
Os04g0492100,LOC_Os04g41470,mestome sheath,Leaf,Os04g0492100,PCMDB
Os04g0492400,LOC_Os04g41500,"leaf epidermis,leaf mesophyll,mestome sheath,leaf procambium",Leaf,Os04g0492400,PCMDB
Os04g0492800,LOC_Os04g41540,"leaf epidermis,leaf mesophyll,mestome sheath,leaf procambium",Leaf,OsCML22,PCMDB
Os04g0493000,LOC_Os04g41560,"leaf epidermis,leaf mesophyll,leaf procambium",Leaf,OsBBX11,PCMDB
Os04g0493100,LOC_Os04g41570,"leaf epidermis,leaf mesophyll",Leaf,OsbHLH065,PCMDB
Os04g0495300,LOC_Os04g41800,leaf mesophyll,Leaf,Os04g0495300,PCMDB
Os04g0496000,LOC_Os04g41870,"leaf epidermis,leaf mesophyll",Leaf,Os04g0496000,PCMDB
Os04g0496400,LOC_Os04g41910,leaf epidermis,Leaf,Os04g0496400,PCMDB
Os04g0497000,LOC_Os04g41960,"leaf mesophyll,leaf initial cell",Leaf,OsNADPH1,PCMDB
Os04g0497200,LOC_Os04g41970,"leaf mesophyll,leaf procambium",Leaf,OsGLU3,PCMDB
Os04g0497400,LOC_Os04g42000,"leaf mesophyll,leaf procambium",Leaf,OsLS,PCMDB
Os04g0497700,LOC_Os04g42020,"leaf mesophyll,mestome sheath,leaf procambium",Leaf,OsBBX12,PCMDB
Os04g0499200,LOC_Os04g42134,"leaf epidermis,mestome sheath,leaf procambium",Leaf,Os04g0499200,PCMDB
Os04g0499300,LOC_Os04g42140,leaf mesophyll,Leaf,Rymv1,PCMDB
Os04g0500700,LOC_Os04g42250,leaf mesophyll,Leaf,OsHCT1,PCMDB
Os04g0501000,LOC_Os04g42270,leaf epidermis,Leaf,Os04g0501000,PCMDB
Os04g0501500,LOC_Os04g42310,"leaf epidermis,leaf mesophyll",Leaf,OSJNBa0029H02.24,PCMDB
Os04g0501800,LOC_Os04g42340,"leaf epidermis,leaf mesophyll",Leaf,OSJNBa0029H02.27,PCMDB
Os04g0502300,LOC_Os04g42380,"leaf epidermis,leaf mesophyll",Leaf,Os04g0502300,PCMDB
Os04g0502800,LOC_Os04g42420,leaf mesophyll,Leaf,OsMFS2,PCMDB
Os04g0502900,LOC_Os04g42430,"leaf mesophyll,leaf procambium",Leaf,Os04g0502900,PCMDB
Os04g0503500,LOC_Os04g42470,mestome sheath,Leaf,Os04g0503500,PCMDB
Os04g0504600,LOC_Os04g42580,leaf mesophyll,Leaf,Os04g0504600,PCMDB
Os04g0505200,LOC_Os04g42620,"leaf epidermis,leaf mesophyll,mestome sheath,leaf procambium",Leaf,Os04g0505200,PCMDB
Os04g0505700,LOC_Os04g42670,leaf procambium,Leaf,OsFbox227,PCMDB
Os04g0506800,LOC_Os04g42760,"leaf epidermis,leaf mesophyll,leaf procambium",Leaf,STLP3,PCMDB
Os04g0507500,LOC_Os04g42840,leaf epidermis,Leaf,Os04g0507500,PCMDB
Os04g0507800,LOC_Os04g42870,leaf mesophyll,Leaf,Os04g0507800,PCMDB
Os04g0507900,LOC_Os04g42880,leaf mesophyll,Leaf,OsWD40-102,PCMDB
Os04g0508100,LOC_Os04g42910,"leaf epidermis,leaf mesophyll,mestome sheath",Leaf,Os04g0508100,PCMDB
Os04g0508200,LOC_Os04g42920,"leaf mesophyll,mestome sheath,leaf procambium",Leaf,OsICDH,PCMDB
Os04g0508300,LOC_Os04g42930,"leaf mesophyll,leaf procambium",Leaf,grx,PCMDB
Os04g0509200,LOC_Os04g43040,leaf procambium,Leaf,Os04g0509200,PCMDB
Os04g0509400,LOC_Os04g43060,leaf procambium,Leaf,Os04g0509400,PCMDB
Os04g0509600,LOC_Os04g43070,"leaf mesophyll,leaf procambium",Leaf,AMT1,PCMDB
Os04g0510600,LOC_Os04g43160,"leaf mesophyll,mestome sheath",Leaf,OsEnS-67,PCMDB
Os04g0511200,LOC_Os04g43200,leaf mesophyll,Leaf,EFA27,PCMDB
Os04g0512500,LOC_Os04g43310,leaf procambium,Leaf,Os04g0512500,PCMDB
Os04g0514600,LOC_Os04g43440,"leaf epidermis,leaf mesophyll,mestome sheath,leaf procambium",Leaf,Os04g0514600,PCMDB
Os04g0514800,LOC_Os04g43490,leaf epidermis,Leaf,Os04g0514800,PCMDB
Os04g0516600,LOC_Os04g43650,"mestome sheath,leaf procambium,Leaf preprocambium",Leaf,Os04g0516600,PCMDB
Os04g0517000,LOC_Os04g43670,leaf mesophyll,Leaf,Os04g0517000,PCMDB
Os04g0517100,LOC_Os04g43680,"leaf mesophyll,mestome sheath",Leaf,OsMyb4,PCMDB
Os04g0517300,LOC_Os04g43690,leaf mesophyll,Leaf,OsRUS2,PCMDB
Os04g0518100,LOC_Os04g43760,"leaf epidermis,mestome sheath",Leaf,OsPAL02,PCMDB
Os04g0518400,LOC_Os04g43800,"mestome sheath,leaf procambium",Leaf,OsPAL07,PCMDB
Os04g0518600,LOC_Os04g43820,"leaf epidermis,leaf mesophyll,leaf procambium",Leaf,Os04g0518600,PCMDB
Os04g0518650,LOC_Os04g43824,"leaf epidermis,leaf mesophyll,mestome sheath",Leaf,Os04g0518650,PCMDB
Os04g0524500,LOC_Os04g44300,"leaf epidermis,leaf mesophyll,mestome sheath,leaf procambium",Leaf,OsYSL13,PCMDB
Os04g0524600,LOC_Os04g44320,"leaf mesophyll,leaf procambium",Leaf,OsYSL12,PCMDB
Os04g0525100,LOC_Os04g44354,mestome sheath,Leaf,Os04g0525100,PCMDB
Os04g0525200,LOC_Os04g44354,mestome sheath,Leaf,Os04g0525200,PCMDB
Os04g0525600,LOC_Os04g44400,"leaf epidermis,leaf mesophyll,mestome sheath,leaf procambium",Leaf,OsClp7,PCMDB
Os04g0525900,LOC_Os04g44430,leaf epidermis,Leaf,Os04g0525900,PCMDB
Os04g0526600,LOC_Os04g44470,"leaf mesophyll,leaf procambium",Leaf,RASI,PCMDB
Os04g0526800,LOC_Os04g44500,"leaf epidermis,leaf mesophyll,mestome sheath,leaf procambium,Leaf preprocambium",Leaf,Os04g0526800,PCMDB
Os04g0527000,LOC_Os04g44510,"leaf epidermis,leaf mesophyll,mestome sheath,leaf procambium",Leaf,Os04g0527000,PCMDB
Os04g0527400,LOC_Os04g44530,"leaf epidermis,leaf mesophyll,mestome sheath,leaf procambium",Leaf,Os04g0527400,PCMDB
Os04g0527700,LOC_Os04g44550,leaf mesophyll,Leaf,MIA40,PCMDB
Os04g0528100,LOC_Os04g44590,"leaf epidermis,leaf mesophyll,leaf procambium",Leaf,Os04g0528100,PCMDB
Os04g0528200,LOC_Os04g44600,"leaf epidermis,leaf mesophyll,leaf procambium",Leaf,Os04g0528200,PCMDB
Os04g0528300,LOC_Os04g44610,leaf epidermis,Leaf,OsABCG9,PCMDB
Os04g0528800,LOC_Os04g44650,"leaf epidermis,leaf mesophyll,mestome sheath,leaf procambium",Leaf,Os04g0528800,PCMDB
Os04g0530000,LOC_Os04g44770,leaf mesophyll,Leaf,Os04g0530000,PCMDB
Os04g0530300,LOC_Os04g44800,leaf mesophyll,Leaf,Os04g0530300,PCMDB
Os04g0530500,LOC_Os04g44820,"leaf epidermis,leaf mesophyll,mestome sheath",Leaf,OsRDCP1,PCMDB
Os04g0530600,LOC_Os04g44830,"leaf epidermis,leaf mesophyll,mestome sheath,leaf procambium,Mesophyll precursor",Leaf,OsTRX,PCMDB
Os04g0531100,LOC_Os04g44870,"leaf epidermis,leaf procambium",Leaf,OsERG3,PCMDB
Os04g0531300,LOC_Os04g44890,leaf epidermis,Leaf,Os04g0531300,PCMDB
Os04g0531400,LOC_Os04g44900,"leaf mesophyll,mestome sheath,leaf procambium",Leaf,SIT2,PCMDB
Os04g0531500,LOC_Os04g44910,"leaf mesophyll,leaf procambium",Leaf,Os04g0531500,PCMDB
Os04g0532100,LOC_Os04g44980,leaf mesophyll,Leaf,Os04g0532100,PCMDB
Os04g0532800,LOC_Os04g45020,"leaf epidermis,leaf mesophyll,leaf procambium",Leaf,R2R3-MYB,PCMDB
Os04g0533300,LOC_Os04g45070,"leaf epidermis,leaf mesophyll,mestome sheath,leaf procambium",Leaf,OsREM1.5,PCMDB
Os04g0533500,LOC_Os04g45090,"leaf epidermis,leaf mesophyll,mestome sheath,leaf procambium",Leaf,Os04g0533500,PCMDB
Os04g0533900,LOC_Os04g45130,"leaf epidermis,leaf mesophyll,mestome sheath",Leaf,Os04g0533900,PCMDB
Os04g0535200,LOC_Os04g45270,leaf mesophyll,Leaf,Os04g0535200,PCMDB
Os04g0535400,LOC_Os04g45280,"leaf mesophyll,mestome sheath",Leaf,Os04g0535400,PCMDB
Os04g0537100,LOC_Os04g45370,"leaf epidermis,leaf mesophyll,mestome sheath,leaf procambium,Leaf preprocambium",Leaf,OsSAUR19,PCMDB
Os04g0537900,LOC_Os04g45470,mestome sheath,Leaf,GLUP3,PCMDB
Os04g0538000,LOC_Os04g45480,"leaf epidermis,leaf mesophyll,mestome sheath",Leaf,Os04g0538000,PCMDB
Os04g0538100,LOC_Os04g45490,leaf mesophyll,Leaf,Os04g0538100,PCMDB
Os04g0538166,LOC_Os04g45490,leaf mesophyll,Leaf,Os04g0538166,PCMDB
Os04g0538300,LOC_Os04g45510,"leaf mesophyll,mestome sheath",Leaf,Os04g0538300,PCMDB
Os04g0538400,LOC_Os04g45520,"leaf mesophyll,leaf procambium",Leaf,Os04g0538400,PCMDB
Os04g0538700,LOC_Os04g45570,leaf procambium,Leaf,OsATG13b,PCMDB
Os04g0538900,LOC_Os04g45590,"leaf mesophyll,mestome sheath,leaf procambium",Leaf,OsGLYI5,PCMDB
Os04g0539100,LOC_Os04g45610,"leaf epidermis,leaf mesophyll",Leaf,Os04g0539100,PCMDB
Os04g0539500,LOC_Os04g45650,"leaf mesophyll,leaf procambium",Leaf,OsGATA5,PCMDB
Os04g0540200,LOC_Os04g45690,"leaf epidermis,leaf procambium",Leaf,OsBBX13,PCMDB
Os04g0540900,LOC_Os04g45730,"leaf epidermis,leaf mesophyll,leaf procambium",Leaf,STRK1,PCMDB
Os04g0541100,LOC_Os04g45750,"leaf epidermis,leaf mesophyll,mestome sheath",Leaf,GT-2,PCMDB
Os04g0541500,LOC_Os04g45800,leaf procambium,Leaf,OsLCBK2,PCMDB
Os04g0541700,LOC_Os04g45810,leaf mesophyll,Leaf,HOX22,PCMDB
Os04g0542800,LOC_Os04g45900,"leaf epidermis,leaf mesophyll,leaf procambium",Leaf,OsYSL16,PCMDB
Os04g0542900,LOC_Os04g45910,"leaf epidermis,leaf mesophyll,mestome sheath,leaf procambium",Leaf,Os04g0542900,PCMDB
Os04g0543000,LOC_Os04g45920,"leaf epidermis,mestome sheath",Leaf,OsRLCK155,PCMDB
Os04g0543033,LOC_Os04g45910,"leaf epidermis,leaf mesophyll,mestome sheath,leaf procambium",Leaf,Os04g0543033,PCMDB
Os04g0543200,LOC_Os04g45930,leaf mesophyll,Leaf,Os04g0543200,PCMDB
Os04g0543500,LOC_Os04g45940,"leaf mesophyll,leaf procambium",Leaf,Os04g0543500,PCMDB
Os04g0543900,LOC_Os04g45970,mestome sheath,Leaf,OsGDH2,PCMDB
Os04g0544000,LOC_Os04g45980,leaf mesophyll,Leaf,Os04g0544000,PCMDB
Os04g0544400,LOC_Os04g46010,leaf mesophyll,Leaf,OSJNBb0038F03.9,PCMDB
Os04g0544500,LOC_Os04g46020,leaf epidermis,Leaf,OsGATA21,PCMDB
Os04g0545400,LOC_Os04g46120,mestome sheath,Leaf,OsUCL14,PCMDB
Os04g0545600,LOC_Os04g46130,"leaf epidermis,leaf mesophyll,mestome sheath,leaf procambium",Leaf,OsUCL15,PCMDB
Os04g0546000,LOC_Os04g46160,"leaf epidermis,leaf mesophyll,mestome sheath",Leaf,Os04g0546000,PCMDB
Os04g0546400,LOC_Os04g46190,"leaf epidermis,mestome sheath",Leaf,Os04g0546400,PCMDB
Os04g0546800,LOC_Os04g46220,"leaf epidermis,leaf mesophyll,mestome sheath,leaf procambium",Leaf,OsERF1,PCMDB
Os04g0547900,LOC_Os04g46280,"leaf epidermis,leaf mesophyll",Leaf,Os04g0547900,PCMDB
Os04g0549600,LOC_Os04g46390,"leaf mesophyll,leaf procambium",Leaf,OsDjA6,PCMDB
Os04g0549700,LOC_Os04g46400,"leaf epidermis,leaf mesophyll,leaf procambium",Leaf,OsERF#033,PCMDB
Os04g0550200,LOC_Os04g46440,leaf epidermis,Leaf,OsERF#034,PCMDB
Os04g0550400,LOC_Os04g46450,"leaf epidermis,leaf mesophyll,mestome sheath,leaf procambium",Leaf,OsHUB1,PCMDB
Os04g0550700,LOC_Os04g46480,"leaf mesophyll,leaf procambium",Leaf,Os04g0550700,PCMDB
Os04g0551700,LOC_Os04g46610,leaf mesophyll,Leaf,Os04g0551700,PCMDB
Os04g0553500,LOC_Os04g46740,leaf mesophyll,Leaf,OsPME15,PCMDB
Os04g0553650,LOC_Os04g46740,leaf mesophyll,Leaf,Os04g0553650,PCMDB
Os04g0554800,LOC_Os04g46830,"leaf epidermis,leaf mesophyll,mestome sheath,leaf procambium",Leaf,OsHyPRP08,PCMDB
Os04g0555300,LOC_Os04g46880,"leaf epidermis,leaf mesophyll",Leaf,FCO11,PCMDB
Os04g0556400,LOC_Os04g46970,"leaf epidermis,leaf mesophyll,mestome sheath",Leaf,Os04g0556400,PCMDB
Os04g0556500,LOC_Os04g46980,leaf mesophyll,Leaf,CZOGT1,PCMDB
Os04g0556600,LOC_Os04g46990,vascular leaf,Leaf,CZOGT2,PCMDB
Os04g0558400,LOC_Os04g47120,"leaf epidermis,leaf mesophyll,leaf procambium",Leaf,Os04g0558400,PCMDB
Os04g0558700,LOC_Os04g47140,leaf mesophyll,Leaf,Os04g0558700,PCMDB
Os04g0559200,LOC_Os04g47180,"leaf epidermis,mestome sheath",Leaf,Os04g0559200,PCMDB
Os04g0559400,LOC_Os04g47190,leaf mesophyll,Leaf,Os04g0559400,PCMDB
Os04g0559700,LOC_Os04g47220,"leaf mesophyll,leaf epidermis,mestome sheath,leaf procambium",Leaf,OsPIP1,PCMDB
Os04g0560100,LOC_Os04g47250,"leaf epidermis,mestome sheath",Leaf,CYP86A7-1,PCMDB
Os04g0560200,LOC_Os04g47260,"leaf epidermis,leaf mesophyll,mestome sheath",Leaf,Os04g0560200,PCMDB
Os04g0560700,LOC_Os04g47310,"leaf epidermis,leaf mesophyll,mestome sheath,leaf procambium",Leaf,Os04g0560700,PCMDB
Os04g0561200,LOC_Os04g47330,leaf mesophyll,Leaf,Os04g0561200,PCMDB
Os04g0561600,LOC_Os04g47370,"leaf epidermis,mestome sheath",Leaf,Os04g0561600,PCMDB
Os04g0562000,LOC_Os04g47410,"leaf epidermis,leaf mesophyll",Leaf,Os04g0562000,PCMDB
Os04g0562100,LOC_Os04g47420,"leaf mesophyll,mestome sheath,leaf procambium",Leaf,OsLHT7,PCMDB
Os04g0562500,LOC_Os04g47450,"mestome sheath,leaf procambium",Leaf,Os04g0562500,PCMDB
Os04g0563900,LOC_Os04g47620,"leaf mesophyll,mestome sheath",Leaf,OsRLCK157,PCMDB
Os04g0564600,LOC_Os04g47690,"leaf epidermis,leaf mesophyll",Leaf,Os04g0564600,PCMDB
Os04g0565400,LOC_Os04g47770,flag leaf,Leaf,CZOGT3,PCMDB
Os04g0567700,LOC_Os04g47970,"leaf mesophyll,mestome sheath,leaf procambium",Leaf,Os04g0567700,PCMDB
Os04g0567800,LOC_Os04g47990,leaf procambium,Leaf,OsDof18,PCMDB
Os04g0568600,LOC_Os04g48020,leaf mesophyll,Leaf,Os04g0568600,PCMDB
Os04g0568900,LOC_Os04g48050,mestome sheath,Leaf,OSJNBb0032E06.5,PCMDB
Os04g0569000,LOC_Os04g48060,"leaf epidermis,leaf mesophyll",Leaf,RFC4,PCMDB
Os04g0569300,LOC_Os04g48130,"leaf epidermis,leaf mesophyll,leaf procambium",Leaf,OsRhmbd11,PCMDB
Os04g0569900,LOC_Os04g48160,mestome sheath,Leaf,Os04g0569900,PCMDB
Os04g0571300,LOC_Os04g48270,"leaf epidermis,leaf mesophyll,mestome sheath",Leaf,OsFbox228,PCMDB
Os04g0571600,LOC_Os04g48290,"leaf mesophyll,leaf procambium",Leaf,Os04g0571600,PCMDB
Os04g0571700,LOC_Os04g48290,"leaf mesophyll,leaf procambium",Leaf,Os04g0571700,PCMDB
Os04g0572800,LOC_Os04g48380,"leaf epidermis,leaf mesophyll,mestome sheath,leaf procambium",Leaf,Os04g0572800,PCMDB
Os04g0573000,LOC_Os04g48390,leaf procambium,Leaf,OsSPX-MFS1,PCMDB
Os04g0576800,LOC_Os04g48750,leaf epidermis,Leaf,Os04g0576800,PCMDB
Os04g0577200,LOC_Os04g48790,mestome sheath,Leaf,Os04g0577200,PCMDB
Os04g0577700,LOC_Os04g48830,"leaf epidermis,leaf mesophyll,leaf procambium",Leaf,OsOFP11,PCMDB
Os04g0577800,LOC_Os04g48840,"leaf epidermis,leaf mesophyll,mestome sheath,leaf procambium",Leaf,Os04g0577800,PCMDB
Os04g0578000,LOC_Os04g48850,"leaf epidermis,leaf mesophyll,mestome sheath,leaf procambium",Leaf,ACS2,PCMDB
Os04g0578400,LOC_Os04g48880,leaf mesophyll,Leaf,OsBCH2,PCMDB
Os04g0578600,LOC_Os04g48930,leaf,Leaf,OsFRO2,PCMDB
Os04g0580300,LOC_Os04g49110,leaf mesophyll,Leaf,Os04g0580300,PCMDB
Os04g0580800,LOC_Os04g49160,"leaf epidermis,leaf mesophyll,mestome sheath",Leaf,OsRFPH2-6,PCMDB
Os04g0581100,LOC_Os04g49210,"leaf epidermis,leaf mesophyll",Leaf,OsS3H,PCMDB
Os04g0581400,LOC_Os04g49230,leaf mesophyll,Leaf,RAVL1,PCMDB
Os04g0583000,LOC_Os04g49360,"leaf mesophyll,leaf procambium",Leaf,OsFbox229,PCMDB
Os04g0583101,LOC_Os04g49350,leaf mesophyll,Leaf,Os04g0583101,PCMDB
Os04g0583200,LOC_Os04g49370,"leaf epidermis,leaf mesophyll,mestome sheath,leaf procambium",Leaf,Os04g0583200,PCMDB
Os04g0583500,LOC_Os04g49410,leaf mesophyll,Leaf,EXPA10,PCMDB
Os04g0583550,LOC_Os04g49420,leaf mesophyll,Leaf,Os04g0583550,PCMDB
Os04g0583600,LOC_Os04g49420,leaf mesophyll,Leaf,OSJNBb0064P21.1,PCMDB
Os04g0583900,LOC_Os04g49450,"leaf epidermis,mestome sheath",Leaf,LHY,PCMDB
Os04g0584100,LOC_Os04g49460,"leaf mesophyll,mestome sheath,leaf procambium",Leaf,OsRLCK158,PCMDB
Os04g0584600,LOC_Os04g49510,"leaf epidermis,leaf mesophyll",Leaf,OsCDPK13,PCMDB
Os04g0584750,LOC_Os04g49510,"leaf epidermis,leaf mesophyll",Leaf,Os04g0584750,PCMDB
Os04g0584900,LOC_Os04g49540,"leaf epidermis,leaf mesophyll,leaf procambium",Leaf,Os04g0584900,PCMDB
Os04g0585000,LOC_Os04g49550,"leaf epidermis,leaf mesophyll,leaf procambium",Leaf,Os04g0585000,PCMDB
Os04g0585200,LOC_Os04g49570,"leaf mesophyll,leaf procambium",Leaf,OsGLR3.2,PCMDB
Os04g0586200,LOC_Os04g49680,"leaf epidermis,leaf mesophyll,mestome sheath,leaf procambium",Leaf,Os04g0586200,PCMDB
Os04g0586500,LOC_Os04g49690,leaf mesophyll,Leaf,Os04g0586500,PCMDB
Os04g0587400,LOC_Os04g49748,"leaf mesophyll,leaf procambium",Leaf,OsPUP6,PCMDB
Os04g0589200,LOC_Os04g49940,"leaf mesophyll,mestome sheath",Leaf,Os04g0589200,PCMDB
Os04g0589500,LOC_Os04g49954,"leaf epidermis,leaf mesophyll,mestome sheath,leaf procambium,Mesophyll precursor",Leaf,Os04g0589500,PCMDB
Os04g0589700,LOC_Os04g49970,leaf procambium,Leaf,OsPUB35,PCMDB
Os04g0589800,LOC_Os04g49980,"leaf epidermis,leaf mesophyll,mestome sheath,leaf procambium",Leaf,OsLEA1,PCMDB
Os04g0589900,LOC_Os04g49990,leaf mesophyll,Leaf,OsAHP1,PCMDB
Os04g0590400,LOC_Os04g50060,leaf mesophyll,Leaf,OsGRAS23,PCMDB
Os04g0591000,LOC_Os04g50110,leaf mesophyll,Leaf,Os04g0591000,PCMDB
Os04g0591100,LOC_Os04g50120,leaf mesophyll,Leaf,Os04g0591100,PCMDB
Os04g0591300,LOC_Os04g50176,"leaf epidermis,leaf mesophyll,Xylem",Leaf,Os04g0591300,PCMDB
Os04g0592400,LOC_Os04g50204,"leaf epidermis,leaf mesophyll,leaf procambium,Mesophyll precursor",Leaf,Os04g0592400,PCMDB
Os04g0592600,LOC_Os04g50216,"leaf epidermis,mestome sheath",Leaf,Os04g0592600,PCMDB
Os04g0594400,LOC_Os04g50790,"leaf mesophyll,leaf procambium",Leaf,Os04g0594400,PCMDB
Os04g0596400,LOC_Os04g50864,leaf mesophyll,Leaf,Os04g0596400,PCMDB
Os04g0597000,LOC_Os04g50890,leaf mesophyll,Leaf,SCAMP6,PCMDB
Os04g0597800,LOC_Os04g50950,"leaf mesophyll,leaf procambium",Leaf,OsPTR6,PCMDB
Os04g0598000,LOC_Os04g50970,"leaf epidermis,leaf mesophyll,mestome sheath,leaf procambium",Leaf,Os04g0598000,PCMDB
Os04g0598200,LOC_Os04g50990,"leaf epidermis,leaf mesophyll,leaf procambium",Leaf,RPL12,PCMDB
Os04g0599100,LOC_Os04g51060,leaf procambium,Leaf,Os04g0599100,PCMDB
Os04g0599900,LOC_Os04g51120,leaf epidermis,Leaf,Os04g0599900,PCMDB
Os04g0600200,LOC_Os04g51150,"leaf epidermis,leaf mesophyll,mestome sheath,leaf procambium,leaf initial cell",Leaf,AOX1A,PCMDB
Os04g0600300,LOC_Os04g51160,"leaf epidermis,leaf mesophyll,mestome sheath,leaf procambium,Phloem",Leaf,AOX1B,PCMDB
Os04g0600500,LOC_Os04g51172,leaf procambium,Leaf,OsBRXL3,PCMDB
Os04g0600800,LOC_Os04g51180,leaf mesophyll,Leaf,COLD1,PCMDB
Os04g0600900,LOC_Os04g51190,leaf mesophyll,Leaf,GRF3,PCMDB
Os04g0601400,LOC_Os04g51240,"leaf mesophyll,Mesophyll precursor",Leaf,Os04g0601400,PCMDB
Os04g0601700,LOC_Os04g51270,"leaf epidermis,leaf mesophyll,leaf procambium",Leaf,Os04g0601700,PCMDB
Os04g0601800,LOC_Os04g51280,leaf mesophyll,Leaf,Os04g0601800,PCMDB
Os04g0602100,LOC_Os04g51300,"leaf mesophyll,leaf procambium,Mesophyll precursor",Leaf,Os04g0602100,PCMDB
Os04g0602300,LOC_Os04g51320,leaf mesophyll,Leaf,Os04g0602300,PCMDB
Os04g0602500,LOC_Os04g51340,"leaf mesophyll,leaf procambium,Mesophyll precursor",Leaf,OSJNBa0041A02.14,PCMDB
Os04g0602800,LOC_Os04g51370,leaf procambium,Leaf,Os04g0602800,PCMDB
Os04g0603400,LOC_Os04g51410,leaf mesophyll,Leaf,Os04g0603400,PCMDB
Os04g0604250,LOC_Os04g51454,"leaf mesophyll,leaf procambium",Leaf,Os04g0604250,PCMDB
Os04g0605100,LOC_Os04g51560,mestome sheath,Leaf,OsWRKY68,PCMDB
Os04g0605300,LOC_Os04g51580,"leaf epidermis,leaf mesophyll,mestome sheath,leaf procambium",Leaf,OsIRL1,PCMDB
Os04g0605500,LOC_Os04g51610,leaf mesophyll,Leaf,ACA11,PCMDB
Os04g0605900,LOC_Os04g51630,"leaf epidermis,leaf mesophyll",Leaf,rpl7,PCMDB
Os04g0606000,LOC_Os04g51660,"leaf mesophyll,leaf procambium",Leaf,Os04g0606000,PCMDB
Os04g0606400,LOC_Os04g51690,"leaf epidermis,leaf mesophyll,mestome sheath,leaf procambium",Leaf,Os04g0606400,PCMDB
Os04g0606500,LOC_Os04g51710,leaf epidermis,Leaf,Os04g0606500,PCMDB
Os04g0606700,LOC_Os04g51770,"leaf epidermis,mestome sheath",Leaf,Os04g0606700,PCMDB
Os04g0606800,LOC_Os04g51780,"leaf epidermis,leaf mesophyll,mestome sheath",Leaf,Os04g0606800,PCMDB
Os04g0607000,LOC_Os04g51792,leaf mesophyll,Leaf,Os04g0607000,PCMDB
Os04g0607100,LOC_Os04g51794,"leaf epidermis,leaf mesophyll,leaf procambium",Leaf,Os04g0607100,PCMDB
Os04g0607600,LOC_Os04g51830,"leaf epidermis,leaf mesophyll,mestome sheath,leaf procambium",Leaf,HKT1;4,PCMDB
Os04g0608100,LOC_Os04g51880,leaf mesophyll,Leaf,GalK2,PCMDB
Os04g0608800,LOC_Os04g51940,"leaf epidermis,leaf mesophyll,mestome sheath,leaf procambium",Leaf,Os04g0608800,PCMDB
Os04g0608900,LOC_Os04g51950,leaf mesophyll,Leaf,OsDPK4,PCMDB
Os04g0609300,LOC_Os04g51980,mestome sheath,Leaf,Os04g0609300,PCMDB
Os04g0609600,LOC_Os04g52000,mestome sheath,Leaf,OsPP2C44,PCMDB
Os04g0609700,LOC_Os04g52020,"leaf epidermis,leaf mesophyll,leaf procambium",Leaf,Os04g0609700,PCMDB
Os04g0610400,LOC_Os04g52090,"leaf epidermis,leaf mesophyll,mestome sheath",Leaf,ERF77,PCMDB
Os04g0610500,LOC_Os04g52100,"leaf mesophyll,leaf procambium",Leaf,Os04g0610500,PCMDB
Os04g0610700,LOC_Os04g52120,leaf mesophyll,Leaf,OsHAK15,PCMDB
Os04g0610800,LOC_Os04g52130,"leaf epidermis,leaf mesophyll,mestome sheath,leaf procambium",Leaf,CPO,PCMDB
Os04g0611200,LOC_Os04g52164,leaf epidermis,Leaf,OsCER2,PCMDB
Os04g0611300,LOC_Os04g52180,"leaf epidermis,leaf mesophyll,mestome sheath,leaf procambium",Leaf,Os04g0611300,PCMDB
Os04g0612500,LOC_Os04g52260,"leaf epidermis,leaf mesophyll,mestome sheath,leaf procambium",Leaf,OSJNBa0070C17.11,PCMDB
Os04g0612900,LOC_Os04g52300,"leaf epidermis,leaf mesophyll,leaf procambium",Leaf,Os04g0612900,PCMDB
Os04g0613600,LOC_Os04g52361,"leaf epidermis,leaf mesophyll,leaf procambium",Leaf,OJ1112_E08.122,PCMDB
Os04g0613700,LOC_Os04g52370,"leaf epidermis,leaf mesophyll,mestome sheath,Xylem",Leaf,OsUAP2,PCMDB
Os04g0613900,LOC_Os04g52390,leaf epidermis,Leaf,OsHAK11,PCMDB
Os04g0614000,LOC_Os04g52400,leaf epidermis,Leaf,Os04g0614000,PCMDB
Os04g0614500,LOC_Os04g52440,leaf mesophyll,Leaf,Os04g0614500,PCMDB
Os04g0614600,LOC_Os04g52450,"leaf epidermis,leaf mesophyll,mestome sheath,leaf procambium",Leaf,OSL2,PCMDB
Os04g0614650,LOC_Os04g52460,leaf mesophyll,Leaf,Os04g0614650,PCMDB
Os04g0614700,LOC_Os04g52460,leaf mesophyll,Leaf,Os04g0614700,PCMDB
Os04g0615000,LOC_Os04g52479,leaf epidermis,Leaf,NAL1,PCMDB
Os04g0615100,LOC_Os04g52500,"leaf epidermis,leaf mesophyll",Leaf,Os04g0615100,PCMDB
Os04g0615200,LOC_Os04g52504,"leaf epidermis,leaf mesophyll,mestome sheath,leaf procambium",Leaf,Os04g0615200,PCMDB
Os04g0615700,LOC_Os04g52540,"leaf mesophyll,leaf procambium",Leaf,OsAGO2,PCMDB
Os04g0615800,LOC_Os04g52550,"leaf mesophyll,mestome sheath,leaf procambium",Leaf,OsAGO3,PCMDB
Os04g0616300,LOC_Os04g52600,leaf mesophyll,Leaf,OSJNBa0093O08.1,PCMDB
Os04g0616500,LOC_Os04g52614,leaf mesophyll,Leaf,Os04g0616500,PCMDB
Os04g0616600,LOC_Os04g52630,leaf procambium,Leaf,Os04g0616600,PCMDB
Os04g0616900,LOC_Os04g52660,leaf mesophyll,Leaf,Os04g0616900,PCMDB
Os04g0617050,LOC_Os04g52670,"leaf mesophyll,mestome sheath,leaf procambium",Leaf,OsSAUR21,PCMDB
Os04g0617350,LOC_Os04g52684,"mestome sheath,leaf procambium",Leaf,Os04g0617350,PCMDB
Os04g0617700,LOC_Os04g52700,"leaf epidermis,leaf mesophyll,mestome sheath,leaf procambium",Leaf,Os04g0617700,PCMDB
Os04g0618200,LOC_Os04g52730,mestome sheath,Leaf,UEL-2,PCMDB
Os04g0618400,LOC_Os04g52750,leaf mesophyll,Leaf,Os04g0618400,PCMDB
Os04g0618600,LOC_Os04g52770,leaf epidermis,Leaf,OsbHLH101,PCMDB
Os04g0618700,LOC_Os04g52780,"leaf mesophyll,leaf procambium",Leaf,Os-FLS2,PCMDB
Os04g0618950,LOC_Os04g52800,"leaf mesophyll,mestome sheath,leaf procambium",Leaf,Os04g0618950,PCMDB
Os04g0619300,LOC_Os04g52830,"mestome sheath,leaf procambium",Leaf,OsFbox232,PCMDB
Os04g0619500,LOC_Os04g52850,leaf mesophyll,Leaf,Os04g0619500,PCMDB
Os04g0619900,LOC_Os04g52890,leaf procambium,Leaf,Os04g0619900,PCMDB
Os04g0620000,LOC_Os04g52900,"leaf mesophyll,mestome sheath",Leaf,MRP1,PCMDB
Os04g0620600,LOC_Os04g52950,leaf procambium,Leaf,OsSTA132,PCMDB
Os04g0620700,LOC_Os04g52960,leaf mesophyll,Leaf,OsNUC1-S,PCMDB
Os04g0623100,LOC_Os04g53170,leaf mesophyll,Leaf,Os04g0623100,PCMDB
Os04g0623500,LOC_Os04g53210,"leaf mesophyll,mestome sheath,leaf procambium",Leaf,GLO3,PCMDB
Os04g0623800,LOC_Os04g53230,"leaf mesophyll,mestome sheath,leaf procambium,Xylem",Leaf,Amt,PCMDB
Os04g0624000,LOC_Os04g53240,"leaf epidermis,leaf mesophyll,mestome sheath,leaf procambium",Leaf,OsATG8b,PCMDB
Os04g0624600,LOC_Os04g53310,leaf mesophyll,Leaf,SSIIIB,PCMDB
Os04g0625000,LOC_Os04g53350,leaf mesophyll,Leaf,Os04g0625000,PCMDB
Os04g0625200,LOC_Os04g53370,leaf mesophyll,Leaf,Os04g0625200,PCMDB
Os04g0626100,LOC_Os04g53470,leaf mesophyll,Leaf,Os04g0626100,PCMDB
Os04g0626400,LOC_Os04g53490,leaf mesophyll,Leaf,Os04g0626400,PCMDB
Os04g0627900,LOC_Os04g53606,"leaf epidermis,leaf mesophyll,leaf procambium,leaf initial cell",Leaf,UNP1,PCMDB
Os04g0628900,LOC_Os04g53680,leaf mesophyll,Leaf,CycU1,PCMDB
Os04g0629000,LOC_Os04g53690,leaf procambium,Leaf,Os04g0629000,PCMDB
Os04g0629300,LOC_Os04g53720,"leaf mesophyll,leaf procambium",Leaf,SnRK2,PCMDB
Os04g0629500,LOC_Os04g53740,"leaf mesophyll,leaf procambium,Mesophyll precursor",Leaf,OsTrx15,PCMDB
Os04g0629700,LOC_Os04g53760,"leaf epidermis,leaf mesophyll,leaf procambium",Leaf,KIN14H,PCMDB
Os04g0630800,LOC_Os04g53850,leaf mesophyll,Leaf,Os04g0630800,PCMDB
Os04g0631100,LOC_Os04g53930,"leaf mesophyll,leaf procambium",Leaf,Os04g0631100,PCMDB
Os04g0631200,LOC_Os04g53950,leaf mesophyll,Leaf,OsXTH3,PCMDB
Os04g0631800,LOC_Os04g53994,leaf epidermis,Leaf,OsRLCK162,PCMDB
Os04g0632100,LOC_Os04g53998,leaf procambium,Leaf,OsRLCK163,PCMDB
Os04g0634800,LOC_Os04g54210,"leaf mesophyll,leaf procambium",Leaf,Os04g0634800,PCMDB
Os04g0634900,LOC_Os04g54220,"leaf mesophyll,mestome sheath",Leaf,Os04g0634900,PCMDB
Os04g0635000,LOC_Os04g54230,"leaf epidermis,leaf mesophyll,mestome sheath,leaf procambium",Leaf,Os04g0635000,PCMDB
Os04g0635100,LOC_Os04g54240,"leaf epidermis,leaf mesophyll,leaf procambium",Leaf,Os04g0635100,PCMDB
Os04g0635500,LOC_Os04g54300,"leaf epidermis,leaf mesophyll,mestome sheath,leaf procambium",Leaf,Os04g0635500,PCMDB
Os04g0635700,LOC_Os04g54320,leaf mesophyll,Leaf,Os04g0635700,PCMDB
Os04g0636800,LOC_Os04g54430,"leaf epidermis,leaf mesophyll,mestome sheath,leaf procambium",Leaf,Os04g0636800,PCMDB
Os04g0636900,LOC_Os04g54440,leaf mesophyll,Leaf,Os04g0636900,PCMDB
Os04g0638300,LOC_Os04g54564,"leaf epidermis,leaf mesophyll,mestome sheath,leaf procambium",Leaf,Os04g0638300,PCMDB
Os04g0638700,LOC_Os04g54590,leaf mesophyll,Leaf,Os04g0638700,PCMDB
Os04g0639100,LOC_Os04g54620,leaf mesophyll,Leaf,Os04g0639100,PCMDB
Os04g0639200,LOC_Os04g54630,leaf mesophyll,Leaf,Os04g0639200,PCMDB
Os04g0640600,LOC_Os04g54800,"mestome sheath,leaf procambium,Leaf preprocambium",Leaf,OsSK3,PCMDB
Os04g0640700,LOC_Os04g54810,"leaf epidermis,leaf mesophyll,mestome sheath,leaf procambium,Mesophyll precursor",Leaf,Os04g0640700,PCMDB
Os04g0640800,LOC_Os04g54820,"leaf mesophyll,leaf procambium",Leaf,Os04g0640800,PCMDB
Os04g0640850,LOC_Os04g54830,"leaf epidermis,leaf mesophyll,mestome sheath,leaf procambium",Leaf,Os04g0640850,PCMDB
Os04g0640900,LOC_Os04g54830,"leaf epidermis,leaf mesophyll,mestome sheath,leaf procambium",Leaf,IIP5,PCMDB
Os04g0641350,LOC_Os04g54870,"leaf epidermis,leaf mesophyll,mestome sheath,leaf procambium",Leaf,Os04g0641350,PCMDB
Os04g0641400,LOC_Os04g54870,"leaf epidermis,leaf mesophyll,mestome sheath,leaf procambium",Leaf,Os04g0641400,PCMDB
Os04g0643300,LOC_Os04g55060,mestome sheath,Leaf,Os04g0643300,PCMDB
Os04g0643600,LOC_Os04g55080,leaf procambium,Leaf,OsCNGC8,PCMDB
Os04g0644400,LOC_Os04g55159,"leaf epidermis,leaf mesophyll,mestome sheath,leaf procambium",Leaf,Os04g0644400,PCMDB
Os04g0644900,LOC_Os04g55220,"mestome sheath,leaf procambium",Leaf,OsNTMC2T2.1,PCMDB
Os04g0645100,LOC_Os04g55230,leaf mesophyll,Leaf,FLO2,PCMDB
Os04g0645200,LOC_Os04g55240,"leaf epidermis,leaf mesophyll,leaf procambium",Leaf,OsVQ16,PCMDB
Os04g0645500,LOC_Os04g55250,leaf epidermis,Leaf,Os04g0645500,PCMDB
Os04g0645600,LOC_Os04g55260,"leaf epidermis,leaf mesophyll",Leaf,Os04g0645600,PCMDB
Os04g0646100,LOC_Os04g55290,leaf epidermis,Leaf,Os04g0646100,PCMDB
Os04g0647800,LOC_Os04g55410,"leaf epidermis,leaf mesophyll,mestome sheath,leaf procambium",Leaf,OGK1,PCMDB
Os04g0648800,LOC_Os04g55510,mestome sheath,Leaf,OsHIP1,PCMDB
Os04g0648900,LOC_Os04g55520,"leaf epidermis,leaf mesophyll,leaf procambium",Leaf,OsERF#008,PCMDB
Os04g0649900,LOC_Os04g55640,"leaf epidermis,leaf mesophyll,leaf procambium",Leaf,Os04g0649900,PCMDB
Os04g0650000,LOC_Os04g55650,"leaf mesophyll,leaf procambium",Leaf,ocp*,PCMDB
Os04g0650200,LOC_Os04g55660,"leaf mesophyll,leaf procambium",Leaf,OsGELP59,PCMDB
Os04g0650300,LOC_Os04g55670,"leaf epidermis,leaf mesophyll",Leaf,OsGT43I,PCMDB
Os04g0650366,LOC_Os04g55670,"leaf epidermis,leaf mesophyll",Leaf,OsGT43I,PCMDB
Os04g0650600,LOC_Os04g55700,leaf mesophyll,Leaf,Os04g0650600,PCMDB
Os04g0650700,LOC_Os04g55710,leaf mesophyll,Leaf,OsASNase2,PCMDB
Os04g0650800,LOC_Os04g55720,"leaf mesophyll,leaf procambium",Leaf,Os04g0650800,PCMDB
Os04g0652700,LOC_Os04g55850,"leaf epidermis,leaf mesophyll,mestome sheath,leaf procambium",Leaf,Os04g0652700,PCMDB
Os04g0652900,LOC_Os04g55860,"leaf epidermis,leaf mesophyll,leaf procambium",Leaf,Os04g0652900,PCMDB
Os04g0653000,LOC_Os04g55920,"leaf epidermis,leaf mesophyll,mestome sheath,leaf procambium",Leaf,EG2,PCMDB
Os04g0653100,LOC_Os04g55930,leaf mesophyll,Leaf,Os04g0653100,PCMDB
Os04g0653400,LOC_Os04g55960,"leaf epidermis,leaf mesophyll,leaf procambium",Leaf,OsCPR1,PCMDB
Os04g0653600,LOC_Os04g55970,"leaf mesophyll,mestome sheath",Leaf,OsPLT1,PCMDB
Os04g0653700,LOC_Os04g55980,leaf procambium,Leaf,Os04g0653700,PCMDB
Os04g0654400,LOC_Os04g56030,"leaf mesophyll,mestome sheath,leaf procambium",Leaf,Os04g0654400,PCMDB
Os04g0654500,LOC_Os04g56040,leaf mesophyll,Leaf,Os04g0654500,PCMDB
Os04g0655100,LOC_Os04g56100,leaf mesophyll,Leaf,Os04g0655100,PCMDB
Os04g0656100,LOC_Os04g56160,"leaf mesophyll,leaf procambium",Leaf,AHA7,PCMDB
Os04g0656800,LOC_Os04g56180,leaf mesophyll,Leaf,prx58,PCMDB
Os04g0658000,LOC_Os04g56290,"leaf mesophyll,mestome sheath,leaf procambium,Phloem",Leaf,24K23.3,PCMDB
Os04g0658200,LOC_Os04g56309,"leaf mesophyll,mestome sheath,leaf procambium",Leaf,24K23.5,PCMDB
Os04g0658300,LOC_Os04g56320,leaf mesophyll,Leaf,Os04g0658300,PCMDB
Os04g0659100,LOC_Os04g56400,"leaf mesophyll,mestome sheath,leaf procambium",Leaf,OsGLN2,PCMDB
Os04g0659300,LOC_Os04g56430,"leaf epidermis,leaf mesophyll,mestome sheath",Leaf,OsRMC,PCMDB
Os04g0659500,LOC_Os04g56450,leaf epidermis,Leaf,OsPP2C45,PCMDB
Os04g0660400,LOC_Os04g56520,"leaf epidermis,leaf mesophyll,mestome sheath,leaf procambium",Leaf,OsUAM2,PCMDB
Os04g0660500,LOC_Os04g56530,"leaf mesophyll,mestome sheath,leaf procambium",Leaf,OsMAPKKKepsilon,PCMDB
Os04g0661300,LOC_Os04g56590,leaf procambium,Leaf,Os04g0661300,PCMDB
Os04g0661700,LOC_Os04g56630,"leaf mesophyll,leaf procambium",Leaf,Os04g0661700,PCMDB
Os04g0661800,LOC_Os04g56640,"leaf epidermis,leaf mesophyll,leaf procambium",Leaf,OsMED7,PCMDB
Os04g0661900,LOC_Os04g56646,leaf epidermis,Leaf,OsRpn8,PCMDB
Os04g0662000,LOC_Os04g56654,"leaf epidermis,mestome sheath",Leaf,Os04g0662000,PCMDB
Os04g0662100,LOC_Os04g56670,"leaf epidermis,leaf mesophyll",Leaf,Os04g0662100,PCMDB
Os04g0662400,LOC_Os04g56690,"leaf epidermis,leaf mesophyll",Leaf,OsSAUR23,PCMDB
Os04g0662900,LOC_Os04g56730,"leaf epidermis,leaf mesophyll,mestome sheath,leaf procambium",Leaf,Os04g0662900,PCMDB
Os04g0663100,LOC_Os04g56740,"mestome sheath,Xylem",Leaf,Os04g0663100,PCMDB
Os04g0663300,LOC_Os04g56760,"leaf epidermis,leaf mesophyll,leaf procambium",Leaf,Os04g0663300,PCMDB
Os04g0665400,LOC_Os04g56970,leaf mesophyll,Leaf,FtsZ1,PCMDB
Os04g0665700,LOC_Os04g57010,leaf mesophyll,Leaf,OsC3H31,PCMDB
Os04g0665800,LOC_Os04g57020,"leaf mesophyll,leaf procambium",Leaf,Os04g0665800,PCMDB
Os04g0666900,LOC_Os04g57140,leaf epidermis,Leaf,OsKCBP,PCMDB
Os04g0667200,LOC_Os04g57160,leaf epidermis,Leaf,OsF3H-3,PCMDB
Os04g0667600,LOC_Os04g57200,"leaf epidermis,leaf mesophyll",Leaf,Os04g0667600,PCMDB
Os04g0667700,LOC_Os04g57210,"leaf epidermis,mestome sheath",Leaf,OsFbox236,PCMDB
Os04g0668400,LOC_Os04g57280,mestome sheath,Leaf,Os04g0668400,PCMDB
Os04g0668700,LOC_Os04g57300,mestome sheath,Leaf,Os04g0668700,PCMDB
Os04g0668800,LOC_Os04g57310,"leaf epidermis,leaf mesophyll,leaf procambium",Leaf,Os04g0668800,PCMDB
Os04g0668900,LOC_Os04g57320,"leaf mesophyll,leaf procambium",Leaf,IM1,PCMDB
Os04g0669100,LOC_Os04g57330,"leaf epidermis,leaf mesophyll,leaf procambium",Leaf,Os04g0669100,PCMDB
Os04g0669200,LOC_Os04g57340,leaf mesophyll,Leaf,OsERF#076,PCMDB
Os04g0669500,LOC_Os04g57370,"leaf mesophyll,mestome sheath,leaf procambium",Leaf,Os04g0669500,PCMDB
Os04g0669600,LOC_Os04g57380,"leaf mesophyll,leaf procambium",Leaf,Os04g0669600,PCMDB
Os04g0669700,LOC_Os04g57390,"leaf mesophyll,leaf procambium",Leaf,Os04g0669700,PCMDB
Os04g0669800,LOC_Os04g57400,"leaf mesophyll,leaf procambium",Leaf,OsMTK,PCMDB
Os04g0670150,LOC_Os04g57440,"leaf epidermis,leaf mesophyll",Leaf,Os04g0670150,PCMDB
Os04g0670200,LOC_Os04g57440,"leaf epidermis,leaf mesophyll,Leaf preprocambium",Leaf,Os04g0670200,PCMDB
Os04g0670500,LOC_Os04g57490,leaf mesophyll,Leaf,OsCP1,PCMDB
Os04g0670700,LOC_Os04g57500,leaf mesophyll,Leaf,OsVTE5,PCMDB
Os04g0670800,LOC_Os04g57520,leaf procambium,Leaf,Os04g0670800,PCMDB
Os04g0671200,LOC_Os04g57550,"leaf epidermis,leaf mesophyll",Leaf,PAO4,PCMDB
Os04g0671800,LOC_Os04g57600,"leaf mesophyll,leaf procambium",Leaf,OsC3H32,PCMDB
Os04g0672100,LOC_Os04g57630,"leaf epidermis,leaf mesophyll",Leaf,OSJNBb0004A17.8,PCMDB
Os04g0672300,LOC_Os04g57650,leaf mesophyll,Leaf,Os04g0672300,PCMDB
Os04g0672600,LOC_Os04g57660,"leaf mesophyll,leaf procambium",Leaf,Os04g0672600,PCMDB
Os04g0672800,LOC_Os04g57680,leaf mesophyll,Leaf,Os04g0672800,PCMDB
Os04g0672900,LOC_Os04g57690,"leaf mesophyll,leaf procambium",Leaf,Os04g0672900,PCMDB
Os04g0673000,LOC_Os04g57700,"leaf mesophyll,mestome sheath",Leaf,Os04g0673000,PCMDB
Os04g0673300,LOC_Os04g57720,"leaf epidermis,leaf mesophyll,mestome sheath",Leaf,RR6,PCMDB
Os04g0674200,LOC_Os04g57790,"leaf epidermis,leaf mesophyll",Leaf,Os04g0674200,PCMDB
Os04g0674400,LOC_Os04g57810,"leaf mesophyll,mestome sheath,leaf procambium,leaf initial cell",Leaf,Os04g0674400,PCMDB
Os04g0674700,LOC_Os04g57850,"leaf epidermis,leaf mesophyll",Leaf,Os04g0674700,PCMDB
Os04g0675500,LOC_Os04g57890,leaf mesophyll,Leaf,Stt3a,PCMDB
Os04g0676100,LOC_Os04g57930,"leaf epidermis,leaf mesophyll,leaf procambium,Mesophyll precursor",Leaf,Trx,PCMDB
Os04g0677033,LOC_Os04g58055,leaf epidermis,Leaf,Os04g0677033,PCMDB
Os04g0677300,LOC_Os04g58090,"leaf epidermis,leaf mesophyll,mestome sheath",Leaf,NDR4,PCMDB
Os04g0677500,LOC_Os04g58110,mestome sheath,Leaf,Os04g0677500,PCMDB
Os04g0677600,LOC_Os04g58120,"leaf mesophyll,leaf procambium",Leaf,Os04g0677600,PCMDB
Os04g0677650,LOC_Os04g58130,leaf mesophyll,Leaf,OsWD40-111,PCMDB
Os04g0677700,LOC_Os04g58130,leaf mesophyll,Leaf,OsKTN80b,PCMDB
Os04g0678200,LOC_Os04g58160,"mestome sheath,leaf procambium",Leaf,Os04g0678200,PCMDB
Os04g0678400,LOC_Os04g58190,"leaf mesophyll,mestome sheath",Leaf,OsDof17,PCMDB
Os04g0678700,LOC_Os04g58200,leaf mesophyll,Leaf,OsPorA,PCMDB
Os04g0679150,LOC_Os04g58250,"leaf epidermis,leaf mesophyll",Leaf,OsRLCK172,PCMDB
Os04g0679200,LOC_Os04g58250,"leaf epidermis,leaf mesophyll",Leaf,OsRLCK172,PCMDB
Os04g0679400,LOC_Os04g58280,"leaf epidermis,leaf mesophyll,mestome sheath,leaf procambium",Leaf,Os04g0679400,PCMDB
Os04g0679900,LOC_Os04g58330,leaf mesophyll,Leaf,Os04g0679900,PCMDB
Os04g0680300,LOC_Os04g58380,leaf mesophyll,Leaf,OsSTA137,PCMDB
Os04g0680400,LOC_Os04g58390,leaf mesophyll,Leaf,OsALN,PCMDB
Os04g0682000,LOC_Os04g58560,leaf epidermis,Leaf,Atg4,PCMDB
Os04g0682050,LOC_Os04g58564,leaf procambium,Leaf,Os04g0682050,PCMDB
Os04g0682300,LOC_Os04g58580,"leaf epidermis,leaf mesophyll,mestome sheath,leaf procambium",Leaf,OsPMM,PCMDB
Os04g0683100,LOC_Os04g58640,leaf mesophyll,Leaf,Os04g0683100,PCMDB
Os04g0683800,LOC_Os04g58720,leaf mesophyll,Leaf,Os04g0683800,PCMDB
Os04g0683900,LOC_Os04g58730,"leaf epidermis,leaf mesophyll,mestome sheath,leaf procambium",Leaf,Os04g0683900,PCMDB
Os04g0684200,LOC_Os04g58750,leaf mesophyll,Leaf,OsRLCK173,PCMDB
Os04g0684300,LOC_Os04g58760,mestome sheath,Leaf,Os04g0684300,PCMDB
Os04g0684800,LOC_Os04g58800,"leaf epidermis,leaf mesophyll,mestome sheath",Leaf,OsUEV1D,PCMDB
Os04g0684900,LOC_Os04g58810,leaf mesophyll,Leaf,OsCAF1B,PCMDB
Os04g0685200,LOC_Os04g58840,"leaf mesophyll,mestome sheath",Leaf,Os04g0685200,PCMDB
Os04g0685400,LOC_Os04g58860,"leaf epidermis,leaf mesophyll,leaf procambium",Leaf,NDR5,PCMDB
Os04g0685600,LOC_Os04g58880,leaf mesophyll,Leaf,OsEXO70A1,PCMDB
Os04g0685700,LOC_Os04g58890,"leaf epidermis,leaf mesophyll",Leaf,Os04g0685700,PCMDB
Os04g0685800,LOC_Os04g58900,leaf mesophyll,Leaf,Os04g0685800,PCMDB
Os04g0686000,LOC_Os04g58920,"leaf mesophyll,mestome sheath",Leaf,OsPUB32,PCMDB
Os04g0686300,LOC_Os04g58970,"leaf mesophyll,mestome sheath",Leaf,Os04g0686300,PCMDB
Os04g0687100,LOC_Os04g59040,"leaf epidermis,leaf mesophyll,leaf procambium",Leaf,Os04g0687100,PCMDB
Os04g0687300,LOC_Os04g59060,mestome sheath,Leaf,OsDjC46,PCMDB
Os04g0688000,LOC_Os04g59140,leaf mesophyll,Leaf,Os04g0688000,PCMDB
Os04g0688100,LOC_Os04g59150,"leaf mesophyll,mestome sheath,leaf procambium",Leaf,prx59,PCMDB
Os04g0688300,LOC_Os04g59190,leaf mesophyll,Leaf,prx61,PCMDB
Os04g0688500,LOC_Os04g59200,"leaf mesophyll,leaf procambium",Leaf,prx62,PCMDB
Os04g0690500,LOC_Os04g59420,"leaf epidermis,leaf mesophyll,mestome sheath,leaf procambium",Leaf,Os04g0690500,PCMDB
Os04g0691100,LOC_Os04g59450,"leaf epidermis,leaf mesophyll",Leaf,SAPK5,PCMDB
Os04g0691366,LOC_Os04g59480,"leaf mesophyll,leaf procambium",Leaf,Os04g0691366,PCMDB
Os04g0691400,LOC_Os04g59480,"leaf mesophyll,leaf procambium",Leaf,Os04g0691400,PCMDB
Os04g0691500,LOC_Os04g59494,"leaf epidermis,leaf mesophyll,mestome sheath,leaf procambium",Leaf,Os04g0691500,PCMDB
Os04g0691600,LOC_Os04g59494,"leaf epidermis,leaf mesophyll,mestome sheath,leaf procambium,Mesophyll precursor",Leaf,RPS17,PCMDB
Os04g0691800,LOC_Os04g59520,leaf procambium,Leaf,Os04g0691800,PCMDB
Os04g0692100,LOC_Os04g59560,leaf mesophyll,Leaf,Os04g0692100,PCMDB
Os04g0692200,LOC_Os04g59570,"leaf mesophyll,Mesophyll precursor",Leaf,YSS1,PCMDB
Os04g0692600,LOC_Os04g59610,"leaf mesophyll,mestome sheath,leaf procambium",Leaf,Os04g0692600,PCMDB
Os05g0100366,LOC_Os05g01020,"leaf epidermis,leaf mesophyll,leaf procambium",Leaf,Os05g0100366,PCMDB
Os05g0100500,LOC_Os05g01020,"leaf epidermis,leaf mesophyll,leaf procambium",Leaf,Os05g0100500,PCMDB
Os05g0100600,LOC_Os05g01030,"leaf epidermis,leaf mesophyll,mestome sheath",Leaf,Os05g0100600,PCMDB
Os05g0100800,LOC_Os05g01050,"leaf epidermis,leaf mesophyll,mestome sheath,leaf procambium",Leaf,Os05g0100800,PCMDB
Os05g0101200,LOC_Os05g01090,"leaf epidermis,leaf mesophyll,leaf procambium",Leaf,OsPex14,PCMDB
Os05g0101400,LOC_Os05g01110,"leaf epidermis,leaf mesophyll,mestome sheath,leaf procambium,Mesophyll precursor",Leaf,Os05g0101400,PCMDB
Os05g0102000,LOC_Os05g01140,"leaf epidermis,leaf mesophyll,mestome sheath,leaf procambium",Leaf,OsJMT1,PCMDB
Os05g0102600,LOC_Os05g01230,leaf epidermis,Leaf,OsRFPHC-11,PCMDB
Os05g0102900,LOC_Os05g01250,"leaf epidermis,leaf mesophyll",Leaf,Os05g0102900,PCMDB
Os05g0103100,LOC_Os05g01262,"leaf epidermis,leaf mesophyll",Leaf,Os05g0103100,PCMDB
Os05g0103200,LOC_Os05g01270,"leaf epidermis,leaf mesophyll,mestome sheath,leaf procambium",Leaf,OsCYP20-2,PCMDB
Os05g0103300,LOC_Os05g01280,"leaf epidermis,leaf mesophyll,mestome sheath,leaf procambium",Leaf,Os05g0103300,PCMDB
Os05g0103400,LOC_Os05g01290,"leaf mesophyll,mestome sheath",Leaf,Os05g0103400,PCMDB
Os05g0103500,LOC_Os05g01300,leaf mesophyll,Leaf,Os05g0103500,PCMDB
Os05g0103600,LOC_Os05g01310,"leaf epidermis,leaf procambium",Leaf,Os05g0103600,PCMDB
Os05g0104200,LOC_Os05g01380,"leaf epidermis,leaf mesophyll,leaf procambium",Leaf,PGIP1,PCMDB
Os05g0104700,LOC_Os05g01444,"leaf epidermis,leaf mesophyll,mestome sheath,leaf procambium",Leaf,PGIP4,PCMDB
Os05g0105100,LOC_Os05g01480,leaf mesophyll,Leaf,OsRab11A2,PCMDB
Os05g0105200,LOC_Os05g01490,"leaf epidermis,leaf mesophyll,Phloem",Leaf,Os05g0105200,PCMDB
Os05g0105500,LOC_Os05g01510,"leaf epidermis,leaf mesophyll",Leaf,Os05g0105500,PCMDB
Os05g0106100,LOC_Os05g01560,"leaf epidermis,leaf mesophyll,leaf procambium",Leaf,Os05g0106100,PCMDB
Os05g0106600,LOC_Os05g01600,"leaf epidermis,leaf mesophyll",Leaf,Os05g0106600,PCMDB
Os05g0107300,LOC_Os05g01690,"leaf epidermis,leaf mesophyll",Leaf,Os05g0107300,PCMDB
Os05g0107600,LOC_Os05g01700,leaf epidermis,Leaf,OsABCD3,PCMDB
Os05g0107700,LOC_Os05g01710,"leaf epidermis,leaf mesophyll,mestome sheath",Leaf,xa5,PCMDB
Os05g0107900,LOC_Os05g01730,mestome sheath,Leaf,OsDi19-6,PCMDB
Os05g0108050,LOC_Os05g01730,mestome sheath,Leaf,Os05g0108050,PCMDB
Os05g0108100,LOC_Os05g01760,"leaf epidermis,leaf mesophyll",Leaf,Os05g0108100,PCMDB
Os05g0110000,LOC_Os05g01940,"leaf epidermis,leaf mesophyll,mestome sheath,leaf procambium",Leaf,OsRFP,PCMDB
Os05g0110100,LOC_Os05g01950,"leaf epidermis,leaf mesophyll,mestome sheath,leaf procambium",Leaf,Os05g0110100,PCMDB
Os05g0110300,LOC_Os05g01970,"leaf mesophyll,leaf procambium,Mesophyll precursor",Leaf,Os05g0110300,PCMDB
Os05g0110600,LOC_Os05g01994,"leaf epidermis,leaf mesophyll,leaf procambium",Leaf,Os05g0110600,PCMDB
Os05g0110800,LOC_Os05g02010,"leaf mesophyll,leaf procambium",Leaf,Os05g0110800,PCMDB
Os05g0110900,LOC_Os05g02020,"leaf epidermis,leaf mesophyll,mestome sheath,leaf procambium",Leaf,OsRLCK176,PCMDB
Os05g0111200,LOC_Os05g02060,"leaf epidermis,leaf mesophyll,mestome sheath,leaf procambium,Mesophyll precursor",Leaf,Os05g0111200,PCMDB
Os05g0111300,LOC_Os05g02070,"leaf epidermis,leaf mesophyll,leaf procambium",Leaf,OsMT2b,PCMDB
Os05g0112000,LOC_Os05g02130,leaf procambium,Leaf,XB3,PCMDB
Os05g0112101,LOC_Os05g02140,"leaf mesophyll,mestome sheath,leaf procambium",Leaf,Os05g0112101,PCMDB
Os05g0112800,LOC_Os05g02200,"leaf epidermis,leaf mesophyll,mestome sheath,leaf procambium",Leaf,Os05g0112800,PCMDB
Os05g0113000,LOC_Os05g02220,"leaf epidermis,leaf mesophyll,mestome sheath,leaf procambium",Leaf,Os05g0113000,PCMDB
Os05g0113400,LOC_Os05g02250,"leaf epidermis,mestome sheath",Leaf,OsADF7,PCMDB
Os05g0113900,LOC_Os05g02300,"leaf mesophyll,leaf initial cell",Leaf,Os05g0113900,PCMDB
Os05g0114000,LOC_Os05g02310,"leaf epidermis,leaf mesophyll,mestome sheath,leaf procambium,Xylem",Leaf,Os05g0114000,PCMDB
Os05g0114600,LOC_Os05g02410,"leaf epidermis,leaf mesophyll,leaf procambium",Leaf,Os05g0114600,PCMDB
Os05g0115100,LOC_Os05g02450,mestome sheath,Leaf,OJ1654_B10.11-2,PCMDB
Os05g0116000,LOC_Os05g02520,"leaf epidermis,leaf mesophyll,mestome sheath,leaf procambium",Leaf,Os05g0116000,PCMDB
Os05g0116100,LOC_Os05g02530,"leaf epidermis,leaf mesophyll,mestome sheath,leaf procambium",Leaf,OsDHAR1,PCMDB
Os05g0117864,LOC_Os05g02680,leaf mesophyll,Leaf,Os05g0117864,PCMDB
Os05g0118800,LOC_Os05g02740,"leaf epidermis,leaf mesophyll,leaf procambium",Leaf,Os05g0118800,PCMDB
Os05g0119000,LOC_Os05g02750,"mestome sheath,leaf procambium",Leaf,STAR2,PCMDB
Os05g0119100,LOC_Os05g02760,"leaf epidermis,leaf mesophyll,leaf procambium",Leaf,Os05g0119100,PCMDB
Os05g0119200,LOC_Os05g02770,leaf mesophyll,Leaf,OsGRP1,PCMDB
Os05g0119300,LOC_Os05g02780,"leaf epidermis,mestome sheath",Leaf,Os05g0119300,PCMDB
Os05g0119700,LOC_Os05g02820,"leaf epidermis,mestome sheath",Leaf,Os05g0119700,PCMDB
Os05g0120100,LOC_Os05g02880,"leaf mesophyll,leaf procambium",Leaf,Os05g0120100,PCMDB
Os05g0120200,LOC_Os05g02890,"leaf epidermis,leaf mesophyll,mestome sheath,leaf procambium",Leaf,OsABCG11,PCMDB
Os05g0120700,LOC_Os05g02940,"leaf epidermis,leaf mesophyll",Leaf,Os05g0120700,PCMDB
Os05g0121000,LOC_Os05g02990,"leaf epidermis,leaf mesophyll,mestome sheath,leaf procambium",Leaf,Os05g0121000,PCMDB
Os05g0121600,LOC_Os05g03040,"leaf epidermis,leaf mesophyll,leaf procambium",Leaf,RSR1,PCMDB
Os05g0122800,LOC_Os05g03140,"leaf epidermis,leaf mesophyll,mestome sheath,leaf procambium",Leaf,OsTET7,PCMDB
Os05g0122900,LOC_Os05g03150,"leaf epidermis,leaf mesophyll,mestome sheath,leaf procambium",Leaf,OsBLE1,PCMDB
Os05g0123100,LOC_Os05g03174,leaf epidermis,Leaf,OsGT43A,PCMDB
Os05g0123200,LOC_Os05g03190,"leaf epidermis,leaf mesophyll,mestome sheath,leaf procambium",Leaf,Os05g0123200,PCMDB
Os05g0125500,LOC_Os05g03480,"leaf epidermis,leaf mesophyll,mestome sheath,leaf procambium",Leaf,Os05g0125500,PCMDB
Os05g0126200,LOC_Os05g03540,leaf procambium,Leaf,P0683F12.6,PCMDB
Os05g0126300,LOC_Os05g03550,"leaf mesophyll,leaf procambium",Leaf,Os05g0126300,PCMDB
Os05g0126400,LOC_Os05g03550,"leaf mesophyll,leaf procambium",Leaf,Os05g0126400,PCMDB
Os05g0126800,LOC_Os05g03590,"leaf epidermis,leaf mesophyll,leaf procambium",Leaf,Os05g0126800,PCMDB
Os05g0127200,LOC_Os05g03610,"leaf epidermis,leaf mesophyll,mestome sheath",Leaf,OsPLC4,PCMDB
Os05g0127300,LOC_Os05g03620,"leaf mesophyll,mestome sheath",Leaf,OsCRR3,PCMDB
Os05g0127400,LOC_Os05g03630,"leaf epidermis,leaf mesophyll,leaf procambium,Leaf preprocambium",Leaf,OsDjB5,PCMDB
Os05g0128100,LOC_Os05g03750,"leaf mesophyll,Mesophyll precursor",Leaf,Os05g0128100,PCMDB
Os05g0128200,LOC_Os05g03760,"leaf epidermis,leaf mesophyll,leaf procambium",Leaf,OsC3H33,PCMDB
Os05g0128300,LOC_Os05g03770,mestome sheath,Leaf,Os05g0128300,PCMDB
Os05g0129000,LOC_Os05g03820,"leaf epidermis,leaf mesophyll,leaf procambium",Leaf,OsECS,PCMDB
Os05g0129300,LOC_Os05g03860,leaf procambium,Leaf,Lip19,PCMDB
Os05g0129900,LOC_Os05g03910,leaf epidermis,Leaf,Os05g0129900,PCMDB
Os05g0130100,LOC_Os05g03920,leaf procambium,Leaf,Os05g0130100,PCMDB
Os05g0130300,LOC_Os05g03960,"mestome sheath,Phloem",Leaf,Os05g0130300,PCMDB
Os05g0130600,LOC_Os05g04000,"leaf mesophyll,mestome sheath,leaf procambium,Phloem",Leaf,Os05g0130600,PCMDB
Os05g0131900,LOC_Os05g04150,"leaf epidermis,mestome sheath",Leaf,Os05g0131900,PCMDB
Os05g0132100,LOC_Os05g04170,"leaf epidermis,leaf mesophyll,mestome sheath,leaf procambium",Leaf,OsLACS1,PCMDB
Os05g0132700,LOC_Os05g04210,"leaf epidermis,mestome sheath,leaf procambium",Leaf,Os05g0132700,PCMDB
Os05g0133100,LOC_Os05g04220,leaf mesophyll,Leaf,OsGlnB,PCMDB
Os05g0134000,LOC_Os05g04340,mestome sheath,Leaf,Os05g0134000,PCMDB
Os05g0134200,LOC_Os05g04360,leaf mesophyll,Leaf,OsPP2C47,PCMDB
Os05g0134400,LOC_Os05g04380,"leaf epidermis,leaf mesophyll,mestome sheath,leaf procambium",Leaf,prx65,PCMDB
Os05g0135400,LOC_Os05g04490,"leaf epidermis,leaf mesophyll,mestome sheath,leaf procambium",Leaf,prx70,PCMDB
Os05g0135700,LOC_Os05g04510,"leaf epidermis,leaf mesophyll,mestome sheath,leaf procambium",Leaf,OsSAMS1,PCMDB
Os05g0135800,LOC_Os05g04520,"leaf mesophyll,mestome sheath,leaf procambium",Leaf,RLCK178,PCMDB
Os05g0135900,LOC_Os05g04530,"leaf mesophyll,leaf procambium",Leaf,Os05g0135900,PCMDB
Os05g0136200,LOC_Os05g04550,"leaf mesophyll,mestome sheath,leaf procambium",Leaf,OsCIPK17,PCMDB
Os05g0137300,LOC_Os05g04620,"leaf epidermis,leaf mesophyll,mestome sheath",Leaf,Os05g0137300,PCMDB
Os05g0137400,LOC_Os05g04630,"leaf epidermis,leaf mesophyll,mestome sheath,leaf procambium",Leaf,OsAP1,PCMDB
Os05g0138000,LOC_Os05g04680,"leaf mesophyll,leaf epidermis,leaf procambium",Leaf,Os05g0138000,PCMDB
Os05g0138300,LOC_Os05g04700,"leaf epidermis,leaf mesophyll,mestome sheath,leaf procambium",Leaf,OsLti6b,PCMDB
Os05g0140500,LOC_Os05g04850,leaf mesophyll,Leaf,OsY14a,PCMDB
Os05g0142600,LOC_Os05g05080,"leaf mesophyll,mestome sheath,leaf procambium",Leaf,Os05g0142600,PCMDB
Os05g0142900,LOC_Os05g05100,"mestome sheath,Phloem",Leaf,Os05g0142900,PCMDB
Os05g0143000,LOC_Os05g05110,"leaf mesophyll,leaf procambium,Phloem",Leaf,Os05g0143000,PCMDB
Os05g0145000,LOC_Os05g05280,mestome sheath,Leaf,PTB1,PCMDB
Os05g0145100,LOC_Os05g05290,"leaf epidermis,leaf mesophyll,mestome sheath",Leaf,Os05g0145100,PCMDB
Os05g0147700,LOC_Os05g05500,"leaf mesophyll,leaf procambium",Leaf,OsFbox247,PCMDB
Os05g0148300,LOC_Os05g05560,"leaf epidermis,leaf mesophyll",Leaf,Os05g0148300,PCMDB
Os05g0148700,LOC_Os05g05600,leaf mesophyll,Leaf,OSA15,PCMDB
Os05g0149300,LOC_Os05g05670,"leaf epidermis,leaf mesophyll,mestome sheath,leaf procambium",Leaf,Os05g0149300,PCMDB
Os05g0149400,LOC_Os05g05680,"leaf epidermis,leaf mesophyll,mestome sheath,leaf procambium",Leaf,ACO5,PCMDB
Os05g0149800,LOC_Os05g05710,leaf epidermis,Leaf,OsTON2,PCMDB
Os05g0150000,LOC_Os05g05740,"leaf epidermis,leaf mesophyll,leaf procambium",Leaf,Os05g0150000,PCMDB
Os05g0150300,LOC_Os05g05780,"leaf epidermis,leaf mesophyll,mestome sheath,leaf procambium",Leaf,Os05g0150300,PCMDB
Os05g0150800,LOC_Os05g05830,"leaf epidermis,leaf mesophyll,mestome sheath",Leaf,Os05g0150800,PCMDB
Os05g0152201,LOC_Os05g06014,leaf mesophyll,Leaf,Os05g0152201,PCMDB
Os05g0153000,LOC_Os05g06110,mestome sheath,Leaf,VLN1,PCMDB
Os05g0154600,LOC_Os05g06270,"leaf mesophyll,leaf procambium",Leaf,APIP6,PCMDB
Os05g0154900,LOC_Os05g06290,"leaf epidermis,leaf mesophyll",Leaf,OsMed28_1,PCMDB
Os05g0155100,LOC_Os05g06310,"leaf epidermis,leaf mesophyll,leaf procambium",Leaf,Os05g0155100,PCMDB
Os05g0155200,LOC_Os05g06320,"mestome sheath,Phloem",Leaf,OS-ERS2,PCMDB
Os05g0155300,LOC_Os05g06330,leaf epidermis,Leaf,OsISC15,PCMDB
Os05g0156300,LOC_Os05g06430,leaf mesophyll,Leaf,PDIL2,PCMDB
Os05g0156500,LOC_Os05g06440,"leaf mesophyll,mestome sheath,leaf procambium",Leaf,OsDjB6,PCMDB
Os05g0156700,LOC_Os05g06460,leaf epidermis,Leaf,Os05g0156700,PCMDB
Os05g0156800,LOC_Os05g06470,leaf epidermis,Leaf,Os05g0156800,PCMDB
Os05g0157100,LOC_Os05g06490,"leaf epidermis,leaf mesophyll",Leaf,Os05g0157100,PCMDB
Os05g0157200,LOC_Os05g06500,"leaf epidermis,Phloem",Leaf,Os05g0157200,PCMDB
Os05g0159300,LOC_Os05g06720,"leaf epidermis,Xylem",Leaf,OsGELP62,PCMDB
Os05g0160000,LOC_Os05g06750,leaf mesophyll,Leaf,Os05g0160000,PCMDB
Os05g0160100,LOC_Os05g06760,leaf epidermis,Leaf,Os05g0160100,PCMDB
Os05g0160200,LOC_Os05g06770,"leaf epidermis,leaf mesophyll,leaf procambium",Leaf,S27a,PCMDB
Os05g0160300,LOC_Os05g06780,"leaf mesophyll,leaf procambium",Leaf,OsLTPd8,PCMDB
Os05g0162500,LOC_Os05g06990,mestome sheath,Leaf,OsCrRLK1L10,PCMDB
Os05g0162800,LOC_Os05g07010,leaf procambium,Leaf,Os05g0162800,PCMDB
Os05g0163000,LOC_Os05g07030,leaf mesophyll,Leaf,Os05g0163000,PCMDB
Os05g0163100,LOC_Os05g07040,leaf epidermis,Leaf,Os05g0163100,PCMDB
Os05g0163300,LOC_Os05g07060,"leaf mesophyll,mestome sheath,Xylem",Leaf,OsFLA9,PCMDB
Os05g0163400,LOC_Os05g07070,leaf mesophyll,Leaf,Os05g0163400,PCMDB
Os05g0163700,LOC_Os05g07090,"mestome sheath,leaf procambium",Leaf,OsACX4,PCMDB
Os05g0163900,LOC_Os05g07120,"leaf mesophyll,leaf epidermis,mestome sheath,leaf procambium",Leaf,OsbHLH036,PCMDB
Os05g0165900,LOC_Os05g07300,"leaf epidermis,leaf mesophyll,leaf procambium",Leaf,Os05g0165900,PCMDB
Os05g0168300,LOC_Os05g07632,mestome sheath,Leaf,Os05g0168300,PCMDB
Os05g0168400,LOC_Os05g07640,"leaf epidermis,leaf mesophyll",Leaf,Os05g0168400,PCMDB
Os05g0168500,LOC_Os05g07650,"leaf mesophyll,mestome sheath,Xylem",Leaf,Os05g0168500,PCMDB
Os05g0168700,LOC_Os05g07670,leaf procambium,Leaf,Os,PCMDB
Os05g0169000,LOC_Os05g07690,mestome sheath,Leaf,OsTRXh8,PCMDB
Os05g0170000,LOC_Os05g07790,"leaf epidermis,leaf mesophyll",Leaf,BC10,PCMDB
Os05g0170800,LOC_Os05g07860,"leaf epidermis,leaf mesophyll,leaf procambium",Leaf,SIP10,PCMDB
Os05g0171900,LOC_Os05g07940,"leaf epidermis,leaf mesophyll,mestome sheath,leaf procambium",Leaf,OsGLYI6,PCMDB
Os05g0176600,LOC_Os05g08414,"leaf epidermis,leaf mesophyll",Leaf,Os05g0176600,PCMDB
Os05g0176700,LOC_Os05g08420,"leaf epidermis,leaf mesophyll,mestome sheath,leaf procambium",Leaf,Os05g0176700,PCMDB
Os05g0178300,LOC_Os05g08554,"leaf epidermis,leaf mesophyll,mestome sheath,leaf procambium",Leaf,OsCDT5,PCMDB
Os05g0178600,LOC_Os05g08570,leaf epidermis,Leaf,OsIAA15,PCMDB
Os05g0178900,LOC_Os05g08600,"leaf mesophyll,leaf procambium",Leaf,Os05g0178900,PCMDB
Os05g0179000,LOC_Os05g08610,"leaf mesophyll,mestome sheath",Leaf,OsRFPH2-5,PCMDB
Os05g0179100,LOC_Os05g08620,leaf mesophyll,Leaf,Os05g0179100,PCMDB
Os05g0179300,LOC_Os05g08640,leaf epidermis,Leaf,OsAT7,PCMDB
Os05g0179800,LOC_Os05g08730,"leaf mesophyll,mestome sheath,leaf procambium",Leaf,Os05g0179800,PCMDB
Os05g0180700,LOC_Os05g08820,leaf mesophyll,Leaf,Os05g0180700,PCMDB
Os05g0181000,LOC_Os05g08840,"leaf epidermis,leaf mesophyll",Leaf,Os05g0181000,PCMDB
Os05g0181300,LOC_Os05g08860,leaf epidermis,Leaf,Os05g0181300,PCMDB
Os05g0181700,LOC_Os05g08900,"leaf epidermis,leaf mesophyll,mestome sheath,leaf procambium",Leaf,Os05g0181700,PCMDB
Os05g0182000,LOC_Os05g08920,"leaf epidermis,leaf mesophyll,mestome sheath,leaf procambium",Leaf,Os05g0182000,PCMDB
Os05g0182500,LOC_Os05g08960,"leaf epidermis,leaf mesophyll,mestome sheath,leaf procambium",Leaf,OsUBC8,PCMDB
Os05g0182600,LOC_Os05g08970,leaf procambium,Leaf,SSRP1-B,PCMDB
Os05g0183100,LOC_Os05g09020,"leaf mesophyll,leaf procambium",Leaf,OsWRKY67,PCMDB
Os05g0184901,LOC_Os05g09280,"leaf mesophyll,leaf epidermis,mestome sheath,leaf procambium",Leaf,Oj1111_A10.6,PCMDB
Os05g0186000,LOC_Os05g09400,"leaf epidermis,leaf mesophyll,mestome sheath,leaf procambium,Mesophyll precursor",Leaf,OJ1111_A10.15,PCMDB
Os05g0186300,LOC_Os05g09440,"leaf epidermis,leaf mesophyll,mestome sheath,leaf procambium,leaf initial cell",Leaf,OscytME2,PCMDB
Os05g0187000,LOC_Os05g09490,"leaf epidermis,leaf mesophyll,leaf procambium",Leaf,OsPBB1,PCMDB
Os05g0187100,LOC_Os05g09500,"leaf epidermis,leaf mesophyll,mestome sheath",Leaf,HXK7,PCMDB
Os05g0187800,LOC_Os05g09550,"leaf epidermis,leaf procambium",Leaf,OsDER1,PCMDB
Os05g0188100,LOC_Os05g09580,"leaf epidermis,mestome sheath",Leaf,Os05g0188100,PCMDB
Os05g0189300,LOC_Os05g09704,"leaf mesophyll,leaf epidermis,mestome sheath,leaf procambium",Leaf,Os05g0189300,PCMDB
Os05g0190300,LOC_Os05g09740,"leaf epidermis,leaf mesophyll,mestome sheath,leaf procambium,Xylem",Leaf,Os05g0190300,PCMDB
Os05g0190500,LOC_Os05g10210,"leaf mesophyll,leaf epidermis,mestome sheath,leaf procambium,Xylem",Leaf,OsVSP2,PCMDB
Os05g0191500,LOC_Os05g10310,leaf sheath,Leaf,Os05g0191500,PCMDB
Os05g0192700,LOC_Os05g10414,"leaf epidermis,leaf mesophyll,mestome sheath,leaf procambium",Leaf,Os05g0192700,PCMDB
Os05g0193700,LOC_Os05g10560,leaf mesophyll,Leaf,Os05g0193700,PCMDB
Os05g0193800,LOC_Os05g10570,leaf mesophyll,Leaf,Os05g0193800,PCMDB
Os05g0194500,LOC_Os05g10620,"leaf mesophyll,mestome sheath,leaf procambium",Leaf,ONAC085,PCMDB
Os05g0194900,LOC_Os05g10650,"leaf epidermis,leaf mesophyll,mestome sheath,leaf procambium",Leaf,OsPPi-PFK,PCMDB
Os05g0195101,LOC_Os05g10670,"leaf mesophyll,mestome sheath",Leaf,Os05g0195101,PCMDB
Os05g0195200,LOC_Os05g10670,"leaf mesophyll,mestome sheath",Leaf,C3H35,PCMDB
Os05g0196200,LOC_Os05g10740,"leaf epidermis,leaf mesophyll",Leaf,Os05g0196200,PCMDB
Os05g0196400,LOC_Os05g10754,leaf mesophyll,Leaf,Os05g0196400,PCMDB
Os05g0198200,LOC_Os05g10930,"leaf epidermis,leaf mesophyll,leaf procambium,Mesophyll precursor",Leaf,OsGRX16,PCMDB
Os05g0199100,LOC_Os05g11010,"leaf epidermis,leaf mesophyll,leaf procambium",Leaf,Os05g0199100,PCMDB
Os05g0200280,LOC_Os05g11120,"leaf epidermis,leaf mesophyll,mestome sheath,leaf procambium",Leaf,P0708D12.1,PCMDB
Os05g0200500,LOC_Os05g11140,leaf epidermis,Leaf,Os05g0200500,PCMDB
Os05g0204900,LOC_Os05g11550,leaf epidermis,Leaf,OsPP74,PCMDB
Os05g0205000,LOC_Os05g11560,"leaf epidermis,leaf mesophyll,mestome sheath,leaf procambium",Leaf,OsNIP1,PCMDB
Os05g0205050,LOC_Os05g11560,"leaf epidermis,leaf mesophyll,mestome sheath,leaf procambium",Leaf,Os05g0205050,PCMDB
Os05g0205800,LOC_Os05g11600,leaf procambium,Leaf,Os05g0205800,PCMDB
Os05g0206000,LOC_Os05g11610,mestome sheath,Leaf,OsCEP14,PCMDB
Os05g0207300,LOC_Os05g11710,"leaf mesophyll,leaf procambium",Leaf,OsRPL5,PCMDB
Os05g0208000,LOC_Os05g11780,"leaf epidermis,leaf mesophyll,Xylem",Leaf,Os05g0208000,PCMDB
Os05g0208500,LOC_Os05g11810,"leaf epidermis,leaf mesophyll",Leaf,Os05g0208500,PCMDB
Os05g0208550,LOC_Os05g11810,"leaf epidermis,leaf mesophyll",Leaf,Os05g0208550,PCMDB
Os05g0209500,LOC_Os05g11900,"leaf epidermis,leaf mesophyll",Leaf,Os05g0209500,PCMDB
Os05g0209600,LOC_Os05g11910,"leaf epidermis,leaf mesophyll,leaf procambium,Phloem",Leaf,OsGELP63,PCMDB
Os05g0210600,LOC_Os05g11990,"leaf epidermis,leaf mesophyll",Leaf,Os05g0210600,PCMDB
Os05g0211100,LOC_Os05g12040,leaf epidermis,Leaf,CYP51G3,PCMDB
Os05g0215700,LOC_Os05g12481,"leaf epidermis,leaf mesophyll,mestome sheath,leaf procambium",Leaf,Os05g0215700,PCMDB
Os05g0215800,LOC_Os05g12490,"leaf epidermis,leaf mesophyll",Leaf,Os05g0215800,PCMDB
Os05g0218100,LOC_Os05g12670,"leaf mesophyll,mestome sheath,leaf procambium",Leaf,OsEnS-74,PCMDB
Os05g0218400,LOC_Os05g12680,"leaf mesophyll,leaf procambium",Leaf,OsRLCK181,PCMDB
Os05g0220600,LOC_Os05g13370,leaf epidermis,Leaf,OsRhmbd12,PCMDB
Os05g0221400,LOC_Os05g13440,leaf procambium,Leaf,Os05g0221400,PCMDB
Os05g0222200,LOC_Os05g13520,leaf epidermis,Leaf,OsABCG12,PCMDB
Os05g0223000,LOC_Os05g13580,leaf mesophyll,Leaf,OsCML18,PCMDB
Os05g0223200,LOC_Os05g13620,"leaf mesophyll,mestome sheath,leaf procambium",Leaf,Os05g0223200,PCMDB
Os05g0225500,LOC_Os05g13810,"leaf epidermis,mestome sheath",Leaf,Os05g0225500,PCMDB
Os05g0226900,LOC_Os05g13900,leaf procambium,Leaf,OsRePRP1.1,PCMDB
Os05g0227100,LOC_Os05g13904,"leaf epidermis,leaf mesophyll,mestome sheath,leaf procambium,Mesophyll precursor",Leaf,Os05g0227100,PCMDB
Os05g0227600,LOC_Os05g13940,"leaf epidermis,leaf mesophyll,leaf procambium",Leaf,OsRePRP1.2,PCMDB
Os05g0228000,LOC_Os05g13970,leaf procambium,Leaf,Os05g0228000,PCMDB
Os05g0230700,LOC_Os05g14180,"leaf epidermis,leaf mesophyll,mestome sheath,leaf procambium",Leaf,OsIAA17,PCMDB
Os05g0231700,LOC_Os05g14240,"leaf epidermis,leaf mesophyll,mestome sheath,leaf procambium",Leaf,OsTIP4,PCMDB
Os05g0232700,LOC_Os05g14310,leaf mesophyll,Leaf,Os05g0232700,PCMDB
Os05g0238200,LOC_Os05g14860,"leaf epidermis,leaf mesophyll",Leaf,SIP33,PCMDB
Os05g0238400,LOC_Os05g14880,"leaf epidermis,leaf mesophyll",Leaf,Os05g0238400,PCMDB
Os05g0242000,LOC_Os05g15230,"leaf epidermis,leaf mesophyll,mestome sheath,leaf procambium",Leaf,Os05g0242000,PCMDB
Os05g0242600,LOC_Os05g15300,"mestome sheath,leaf procambium",Leaf,Os05g0242600,PCMDB
Os05g0243300,LOC_Os05g15370,leaf mesophyll,Leaf,mt,PCMDB
Os05g0244600,LOC_Os05g15520,leaf epidermis,Leaf,Os05g0244600,PCMDB
Os05g0244700,LOC_Os05g15530,leaf procambium,Leaf,OsAT-IV,PCMDB
Os05g0245300,LOC_Os05g15630,mestome sheath,Leaf,OsBLE3,PCMDB
Os05g0247100,LOC_Os05g15770,"leaf mesophyll,mestome sheath,leaf procambium",Leaf,DIP3,PCMDB
Os05g0247400,LOC_Os05g15820,"leaf mesophyll,leaf procambium",Leaf,Os05g0247400,PCMDB
Os05g0249100,LOC_Os05g16054,"leaf mesophyll,mestome sheath,leaf procambium",Leaf,Os05g0249100,PCMDB
Os05g0255600,LOC_Os05g16630,leaf epidermis,Leaf,Os05g0255600,PCMDB
Os05g0257100,LOC_Os05g16824,"leaf mesophyll,mestome sheath",Leaf,Os05g0257100,PCMDB
Os05g0272200,LOC_Os05g19000,leaf epidermis,Leaf,Os05g0272200,PCMDB
Os05g0272800,LOC_Os05g19030,leaf mesophyll,Leaf,Os05g0272800,PCMDB
Os05g0273800,LOC_Os05g19150,"leaf epidermis,leaf mesophyll,mestome sheath,leaf procambium",Leaf,Os05g0273800,PCMDB
Os05g0274300,LOC_Os05g19280,mestome sheath,Leaf,Os05g0274300,PCMDB
Os05g0274900,LOC_Os05g19370,"leaf epidermis,leaf mesophyll,leaf procambium",Leaf,Os05g0274900,PCMDB
Os05g0276500,LOC_Os05g19570,"leaf epidermis,leaf procambium",Leaf,OsEXP3,PCMDB
Os05g0279400,LOC_Os05g19970,"leaf mesophyll,leaf procambium",Leaf,OsRFP,PCMDB
Os05g0280200,LOC_Os05g20050,"leaf epidermis,leaf mesophyll,mestome sheath,leaf procambium,Xylem",Leaf,rgp2,PCMDB
Os05g0280500,LOC_Os05g20100,mestome sheath,Leaf,GPAT,PCMDB
Os05g0281400,LOC_Os05g20304,leaf mesophyll,Leaf,Os05g0281400,PCMDB
Os05g0291700,LOC_Os05g22614,leaf mesophyll,Leaf,Os05g0291700,PCMDB
Os05g0292800,LOC_Os05g22730,leaf mesophyll,Leaf,Os05g0292800,PCMDB
Os05g0295300,LOC_Os05g22940,mestome sheath,Leaf,ACC2,PCMDB
Os05g0295800,LOC_Os05g22970,"leaf epidermis,leaf mesophyll,leaf procambium",Leaf,GLYI8,PCMDB
Os05g0296600,LOC_Os05g23130,"leaf epidermis,leaf mesophyll,mestome sheath",Leaf,Os05g0296600,PCMDB
Os05g0298900,LOC_Os05g23393,"leaf epidermis,leaf mesophyll,leaf procambium",Leaf,Os05g0298900,PCMDB
Os05g0300700,LOC_Os05g23530,"leaf mesophyll,leaf procambium",Leaf,Os05g0300700,PCMDB
Os05g0301700,LOC_Os05g23620,"leaf epidermis,leaf mesophyll,leaf procambium",Leaf,Os05g0301700,PCMDB
Os05g0302600,LOC_Os05g23700,"leaf epidermis,leaf mesophyll",Leaf,Os05g0302600,PCMDB
Os05g0302700,LOC_Os05g23720,leaf epidermis,Leaf,Os05g0302700,PCMDB
Os05g0303000,LOC_Os05g23740,leaf epidermis,Leaf,OsHsp70CP1,PCMDB
Os05g0304400,LOC_Os05g23860,leaf epidermis,Leaf,OsGDI2,PCMDB
Os05g0305700,LOC_Os05g24000,mestome sheath,Leaf,Os05g0305700,PCMDB
Os05g0305900,LOC_Os05g24010,leaf mesophyll,Leaf,Os05g0305900,PCMDB
Os05g0310500,LOC_Os05g24550,leaf epidermis,Leaf,OsCatB,PCMDB
Os05g0311000,LOC_Os05g24601,"leaf epidermis,leaf mesophyll,mestome sheath,leaf procambium",Leaf,Os05g0311000,PCMDB
Os05g0311500,LOC_Os05g24650,"leaf epidermis,leaf mesophyll",Leaf,Os05g0311500,PCMDB
Os05g0312000,LOC_Os05g24684,"leaf mesophyll,leaf procambium",Leaf,OsMed5_1,PCMDB
Os05g0312600,LOC_Os05g24780,"leaf mesophyll,mestome sheath,leaf procambium",Leaf,OsCML21,PCMDB
Os05g0314100,LOC_Os05g24970,"leaf epidermis,leaf mesophyll,leaf procambium",Leaf,Os05g0314100,PCMDB
Os05g0314700,LOC_Os05g25040,"leaf epidermis,leaf procambium",Leaf,Os05g0314700,PCMDB
Os05g0316000,LOC_Os05g25180,mestome sheath,Leaf,Os05g0316000,PCMDB
Os05g0316100,LOC_Os05g25194,mestome sheath,Leaf,Os05g0316100,PCMDB
Os05g0316800,LOC_Os05g25260,leaf mesophyll,Leaf,OsERF#056,PCMDB
Os05g0317200,LOC_Os05g25310,leaf mesophyll,Leaf,LACS8,PCMDB
Os05g0317900,LOC_Os05g25370,vascular leaf,Leaf,OsCrRLK1L2,PCMDB
Os05g0318100,LOC_Os05g25390,"leaf epidermis,leaf mesophyll",Leaf,Os05g0318100,PCMDB
Os05g0318300,LOC_Os05g25400,"leaf epidermis,leaf mesophyll,leaf procambium",Leaf,Os05g0318300,PCMDB
Os05g0320700,LOC_Os05g25640,"leaf epidermis,leaf mesophyll,leaf procambium",Leaf,C4H2,PCMDB
Os05g0320800,LOC_Os05g25650,"leaf mesophyll,leaf procambium",Leaf,Os05g0320800,PCMDB
Os05g0322900,LOC_Os05g25770,"leaf epidermis,leaf mesophyll",Leaf,WRKY45,PCMDB
Os05g0323800,LOC_Os05g25840,bundle sheath,Leaf,OsAGSW1,PCMDB
Os05g0323900,LOC_Os05g25850,"leaf epidermis,leaf mesophyll,mestome sheath,leaf procambium",Leaf,SODA1,PCMDB
Os05g0324700,LOC_Os05g25920,"leaf mesophyll,leaf procambium",Leaf,Os05g0324700,PCMDB
Os05g0332300,LOC_Os05g26820,"leaf epidermis,mestome sheath",Leaf,OsCIPK18,PCMDB
Os05g0332600,LOC_Os05g26840,"leaf mesophyll,leaf procambium",Leaf,Os05g0332600,PCMDB
Os05g0335100,LOC_Os05g26954,"leaf epidermis,leaf mesophyll,mestome sheath",Leaf,Os05g0335100,PCMDB
Os05g0335401,LOC_Os05g26990,leaf mesophyll,Leaf,Os05g0335401,PCMDB
Os05g0337400,LOC_Os05g27100,"leaf epidermis,leaf mesophyll,mestome sheath,leaf procambium,Mesophyll precursor",Leaf,Os05g0337400,PCMDB
Os05g0339200,LOC_Os05g27340,"leaf epidermis,leaf mesophyll,mestome sheath,leaf procambium",Leaf,Os05g0339200,PCMDB
Os05g0341600,LOC_Os05g27530,leaf epidermis,Leaf,OsRab5D1,PCMDB
Os05g0342900,LOC_Os05g27660,"leaf epidermis,mestome sheath",Leaf,Os05g0342900,PCMDB
Os05g0343400,LOC_Os05g27730,"leaf epidermis,leaf mesophyll,mestome sheath,leaf procambium",Leaf,WRKY53,PCMDB
Os05g0344200,LOC_Os05g27780,"leaf epidermis,leaf mesophyll,mestome sheath,leaf procambium",Leaf,Os05g0344200,PCMDB
Os05g0344400,LOC_Os05g27790,"leaf epidermis,leaf mesophyll,mestome sheath,leaf procambium",Leaf,Os05g0344400,PCMDB
Os05g0345100,LOC_Os05g27820,leaf mesophyll,Leaf,Os05g0345100,PCMDB
Os05g0345175,LOC_Os05g27820,leaf mesophyll,Leaf,Os05g0345175,PCMDB
Os05g0346200,LOC_Os05g27930,"leaf mesophyll,leaf procambium",Leaf,OsERF#042,PCMDB
Os05g0346300,LOC_Os05g27940,"leaf epidermis,leaf mesophyll",Leaf,RPS7,PCMDB
Os05g0346400,LOC_Os05g27950,"leaf epidermis,leaf mesophyll,mestome sheath,leaf procambium",Leaf,Os05g0346400,PCMDB
Os05g0346901,LOC_Os05g28010,"leaf epidermis,leaf mesophyll",Leaf,Os05g0346901,PCMDB
Os05g0347000,LOC_Os05g28010,"leaf epidermis,leaf mesophyll",Leaf,Os05g0347000,PCMDB
Os05g0348100,LOC_Os05g28090,leaf mesophyll,Leaf,Os05g0348100,PCMDB
Os05g0349700,LOC_Os05g28200,leaf mesophyll,Leaf,YGL1,PCMDB
Os05g0350500,LOC_Os05g28280,"leaf epidermis,leaf mesophyll,leaf procambium",Leaf,Os05g0350500,PCMDB
Os05g0350700,LOC_Os05g28300,leaf procambium,Leaf,Os05g0350700,PCMDB
Os05g0352800,LOC_Os05g28480,"leaf epidermis,leaf mesophyll,mestome sheath",Leaf,Os05g0352800,PCMDB
Os05g0353500,LOC_Os05g28520,"leaf epidermis,mestome sheath",Leaf,Os05g0353500,PCMDB
Os05g0354400,LOC_Os05g28630,leaf epidermis,Leaf,OsTBL13,PCMDB
Os05g0355300,LOC_Os05g28730,"leaf epidermis,leaf mesophyll,mestome sheath",Leaf,OsRFPV-2,PCMDB
Os05g0355400,LOC_Os05g28740,"leaf mesophyll,mestome sheath",Leaf,UspA,PCMDB
Os05g0355500,LOC_Os05g28750,leaf mesophyll,Leaf,Os05g0355500,PCMDB
Os05g0358101,LOC_Os05g29000,leaf epidermis,Leaf,Os05g0358101,PCMDB
Os05g0358400,LOC_Os05g29020,"leaf epidermis,leaf mesophyll",Leaf,Os05g0358400,PCMDB
Os05g0358500,LOC_Os05g29030,"leaf epidermis,leaf mesophyll,mestome sheath,leaf procambium",Leaf,OsPP2C48,PCMDB
Os05g0358700,LOC_Os05g29050,leaf mesophyll,Leaf,OsPLDzeta1,PCMDB
Os05g0359700,LOC_Os05g29170,"leaf epidermis,leaf mesophyll",Leaf,Os05g0359700,PCMDB
Os05g0361500,LOC_Os05g29790,leaf epidermis,Leaf,OsPME17,PCMDB
Os05g0361700,LOC_Os05g29810,leaf mesophyll,Leaf,OsERF#061,PCMDB
Os05g0361900,LOC_Os05g29860,leaf mesophyll,Leaf,Os05g0361900,PCMDB
Os05g0362500,LOC_Os05g29920,"leaf epidermis,leaf mesophyll",Leaf,Os05g0362500,PCMDB
Os05g0363100,LOC_Os05g29974,"leaf mesophyll,leaf procambium",Leaf,Os05g0363100,PCMDB
Os05g0363200,LOC_Os05g29990,"leaf mesophyll,leaf procambium",Leaf,OsUXS5,PCMDB
Os05g0363600,LOC_Os05g30030,leaf epidermis,Leaf,Os05g0363600,PCMDB
Os05g0368000,LOC_Os05g30500,"leaf epidermis,leaf mesophyll,mestome sheath,leaf procambium",Leaf,RH1,PCMDB
Os05g0368100,LOC_Os05g30510,"leaf epidermis,leaf mesophyll,mestome sheath,leaf procambium",Leaf,Os05g0368100,PCMDB
Os05g0368300,LOC_Os05g30530,leaf mesophyll,Leaf,Os05g0368300,PCMDB
Os05g0370600,LOC_Os05g30750,mestome sheath,Leaf,OsFTIP7,PCMDB
Os05g0371500,LOC_Os05g30810,"leaf epidermis,leaf mesophyll,leaf procambium",Leaf,Os05g0371500,PCMDB
Os05g0372000,LOC_Os05g30860,"leaf epidermis,leaf mesophyll,leaf procambium",Leaf,Os05g0372000,PCMDB
Os05g0372400,LOC_Os05g30900,"leaf epidermis,leaf mesophyll,mestome sheath",Leaf,Os05g0372400,PCMDB
Os05g0372900,LOC_Os05g30940,"leaf epidermis,leaf mesophyll,mestome sheath",Leaf,Os05g0372900,PCMDB
Os05g0373400,LOC_Os05g30980,leaf epidermis,Leaf,Os05g0373400,PCMDB
Os05g0375400,LOC_Os05g31140,"leaf mesophyll,leaf procambium",Leaf,OsPR2,PCMDB
Os05g0377000,LOC_Os05g31290,"leaf epidermis,leaf mesophyll,leaf procambium",Leaf,Os05g0377000,PCMDB
Os05g0380900,LOC_Os05g31620,"leaf epidermis,leaf mesophyll,leaf procambium",Leaf,OsCML15,PCMDB
Os05g0381400,LOC_Os05g31670,"leaf mesophyll,mestome sheath,leaf procambium",Leaf,AWPM-19,PCMDB
Os05g0382500,LOC_Os05g31740,"leaf mesophyll,leaf procambium",Leaf,Os05g0382500,PCMDB
Os05g0382550,LOC_Os05g31744,leaf epidermis,Leaf,Os05g0382550,PCMDB
Os05g0383000,LOC_Os05g31770,leaf mesophyll,Leaf,Os05g0383000,PCMDB
Os05g0385400,LOC_Os05g31970,leaf mesophyll,Leaf,Os05g0385400,PCMDB
Os05g0386800,LOC_Os05g32110,"leaf epidermis,leaf mesophyll,mestome sheath,leaf procambium",Leaf,BC1L4,PCMDB
Os05g0387200,LOC_Os05g32140,leaf mesophyll,Leaf,Os05g0387200,PCMDB
Os05g0387300,LOC_Os05g32150,"leaf mesophyll,mestome sheath",Leaf,Os05g0387300,PCMDB
Os05g0387700,LOC_Os05g32170,leaf epidermis,Leaf,OsRLCK186,PCMDB
Os05g0388500,LOC_Os05g32220,"leaf epidermis,leaf mesophyll,mestome sheath,leaf procambium,Mesophyll precursor",Leaf,Os05g0388500,PCMDB
Os05g0389300,LOC_Os05g32310,"leaf epidermis,leaf mesophyll,leaf procambium",Leaf,LSM5,PCMDB
Os05g0389400,LOC_Os05g32320,"leaf mesophyll,mestome sheath,leaf procambium",Leaf,Os05g0389400,PCMDB
Os05g0389800,LOC_Os05g32370,leaf mesophyll,Leaf,Os05g0389800,PCMDB
Os05g0390932,LOC_Os05g32474,"leaf epidermis,leaf mesophyll,mestome sheath,leaf procambium",Leaf,Os05g0390932,PCMDB
Os05g0392700,LOC_Os05g32630,"leaf mesophyll,mestome sheath,leaf procambium",Leaf,Os05g0392700,PCMDB
Os05g0393100,LOC_Os05g32660,leaf epidermis,Leaf,Os05g0393100,PCMDB
Os05g0393200,LOC_Os05g32670,"leaf epidermis,leaf mesophyll,mestome sheath,leaf procambium",Leaf,Os05g0393200,PCMDB
Os05g0393400,LOC_Os05g32680,leaf mesophyll,Leaf,Os05g0393400,PCMDB
Os05g0395400,LOC_Os05g32860,"leaf epidermis,leaf mesophyll,mestome sheath",Leaf,Os05g0395400,PCMDB
Os05g0397300,LOC_Os05g32970,mestome sheath,Leaf,Os05g0397300,PCMDB
Os05g0397650,LOC_Os05g33000,leaf mesophyll,Leaf,OsRFPHC-8,PCMDB
Os05g0397800,LOC_Os05g33010,leaf mesophyll,Leaf,Os05g0397800,PCMDB
Os05g0398000,LOC_Os05g33040,"leaf epidermis,leaf mesophyll,mestome sheath,leaf procambium",Leaf,CycU3,PCMDB
Os05g0398100,LOC_Os05g33050,"leaf epidermis,leaf mesophyll,leaf procambium",Leaf,Os05g0398100,PCMDB
Os05g0399100,LOC_Os05g33100,"leaf epidermis,leaf mesophyll,leaf procambium",Leaf,Os05g0399100,PCMDB
Os05g0399400,LOC_Os05g33140,"leaf epidermis,leaf mesophyll",Leaf,Cht9,PCMDB
Os05g0400400,LOC_Os05g33210,"leaf epidermis,leaf mesophyll,mestome sheath,leaf procambium",Leaf,Os05g0400400,PCMDB
Os05g0400700,LOC_Os05g33240,"leaf epidermis,leaf mesophyll,mestome sheath,leaf procambium",Leaf,Os05g0400700,PCMDB
Os05g0400800,LOC_Os05g33260,"leaf epidermis,leaf mesophyll",Leaf,Os05g0400800,PCMDB
Os05g0401000,LOC_Os05g33270,"leaf epidermis,leaf mesophyll,mestome sheath,Xylem",Leaf,OsGELP66,PCMDB
Os05g0401200,LOC_Os05g33290,"leaf epidermis,leaf mesophyll,mestome sheath,leaf procambium,Mesophyll precursor",Leaf,Os05g0401200,PCMDB
Os05g0401300,LOC_Os05g33300,"leaf mesophyll,mestome sheath,leaf procambium",Leaf,Os05g0401300,PCMDB
Os05g0401500,LOC_Os05g33310,leaf mesophyll,Leaf,Os05g0401500,PCMDB
Os05g0402300,LOC_Os05g33360,"leaf epidermis,leaf mesophyll,mestome sheath",Leaf,Os05g0402300,PCMDB
Os05g0402700,LOC_Os05g33380,"leaf epidermis,leaf mesophyll,mestome sheath,leaf procambium",Leaf,GSC,PCMDB
Os05g0402800,LOC_Os05g33390,leaf mesophyll,Leaf,Os05g0402800,PCMDB
Os05g0402900,LOC_Os05g33400,leaf epidermis,Leaf,OsBphi262,PCMDB
Os05g0403000,LOC_Os05g33410,leaf mesophyll,Leaf,Os05g0403000,PCMDB
Os05g0403300,LOC_Os05g33430,mestome sheath,Leaf,Os05g0403300,PCMDB
Os05g0404200,LOC_Os05g33510,"leaf epidermis,leaf mesophyll,mestome sheath,leaf procambium",Leaf,OsMSRB3,PCMDB
Os05g0404300,LOC_Os05g33514,"leaf epidermis,leaf mesophyll",Leaf,Os05g0404300,PCMDB
Os05g0404400,LOC_Os05g33520,leaf mesophyll,Leaf,Os05g0404400,PCMDB
Os05g0404600,LOC_Os05g33550,"leaf epidermis,leaf mesophyll,mestome sheath,leaf procambium",Leaf,Os05g0404600,PCMDB
Os05g0405000,LOC_Os05g33570,"leaf epidermis,leaf mesophyll,mestome sheath,leaf procambium",Leaf,flo4,PCMDB
Os05g0405600,LOC_Os05g33600,"leaf epidermis,mestome sheath",Leaf,Os05g0405600,PCMDB
Os05g0405900,LOC_Os05g33610,leaf mesophyll,Leaf,OsATG18f,PCMDB
Os05g0406000,LOC_Os05g33620,leaf mesophyll,Leaf,Os05g0406000,PCMDB
Os05g0406150,LOC_Os05g33620,leaf mesophyll,Leaf,Os05g0406150,PCMDB
Os05g0407500,LOC_Os05g33730,"leaf epidermis,leaf mesophyll,leaf procambium",Leaf,GID1,PCMDB
Os05g0408200,LOC_Os05g33810,mestome sheath,Leaf,OsSPL9,PCMDB
Os05g0409000,LOC_Os05g33850,"leaf mesophyll,leaf procambium",Leaf,Os05g0409000,PCMDB
Os05g0409300,LOC_Os05g33880,"leaf epidermis,leaf mesophyll,mestome sheath,leaf procambium",Leaf,Os05g0409300,PCMDB
Os05g0410200,LOC_Os05g33940,leaf mesophyll,Leaf,Hsr203j,PCMDB
Os05g0410500,LOC_Os05g33960,"leaf mesophyll,leaf procambium,Mesophyll precursor",Leaf,Os05g0410500,PCMDB
Os05g0411300,LOC_Os05g34050,leaf mesophyll,Leaf,BZIP39,PCMDB
Os05g0411600,LOC_Os05g34070,"leaf epidermis,leaf mesophyll",Leaf,Os05g0411600,PCMDB
Os05g0412800,LOC_Os05g34150,"leaf mesophyll,mestome sheath,leaf procambium,Leaf preprocambium",Leaf,OsGSTU16,PCMDB
Os05g0413200,LOC_Os05g34170,"leaf mesophyll,Xylem",Leaf,TUB6,PCMDB
Os05g0413400,LOC_Os05g34180,"leaf epidermis,leaf mesophyll,mestome sheath,leaf procambium",Leaf,Os05g0413400,PCMDB
Os05g0414100,LOC_Os05g34210,"leaf epidermis,leaf mesophyll,leaf procambium",Leaf,Os05g0414100,PCMDB
Os05g0414200,LOC_Os05g34220,"leaf mesophyll,mestome sheath,leaf procambium",Leaf,Os05g0414200,PCMDB
Os05g0414501,LOC_Os05g34260,mestome sheath,Leaf,Os05g0414501,PCMDB
Os05g0414600,LOC_Os05g34260,mestome sheath,Leaf,Os05g0414600,PCMDB
Os05g0414700,LOC_Os05g34270,leaf epidermis,Leaf,Os05g0414700,PCMDB
Os05g0417600,LOC_Os05g34500,leaf procambium,Leaf,Os05g0417600,PCMDB
Os05g0418000,LOC_Os05g34540,"leaf epidermis,Phloem",Leaf,OsGDI1,PCMDB
Os05g0418100,LOC_Os05g34550,leaf procambium,Leaf,OsMLO9,PCMDB
Os05g0419200,LOC_Os05g34650,"leaf epidermis,leaf mesophyll,mestome sheath,leaf procambium",Leaf,OsRUS6B,PCMDB
Os05g0419600,LOC_Os05g34680,leaf epidermis,Leaf,Os05g0419600,PCMDB
Os05g0419800,LOC_Os05g34700,leaf epidermis,Leaf,OsGELP67,PCMDB
Os05g0420000,LOC_Os05g34710,"leaf epidermis,leaf mesophyll,mestome sheath,leaf procambium",Leaf,Os05g0420000,PCMDB
Os05g0420200,LOC_Os05g34720,"leaf epidermis,leaf mesophyll",Leaf,Os05g0420200,PCMDB
Os05g0420300,LOC_Os05g34730,"leaf mesophyll,leaf procambium",Leaf,ERF131,PCMDB
Os05g0420500,LOC_Os05g34760,"leaf epidermis,leaf mesophyll,mestome sheath,leaf procambium",Leaf,Os05g0420500,PCMDB
Os05g0420600,LOC_Os05g34770,"leaf epidermis,leaf mesophyll,mestome sheath,leaf procambium",Leaf,OsCc1,PCMDB
Os05g0421600,LOC_Os05g34830,"leaf epidermis,mestome sheath,leaf procambium,Mesophyll precursor",Leaf,ONAC088,PCMDB
Os05g0423500,LOC_Os05g34950,leaf mesophyll,Leaf,Os05g0423500,PCMDB
Os05g0425700,LOC_Os05g35110,leaf epidermis,Leaf,OsFbox258,PCMDB
Os05g0426200,LOC_Os05g35170,"leaf mesophyll,mestome sheath",Leaf,ONAC036,PCMDB
Os05g0427100,LOC_Os05g35260,"leaf epidermis,leaf mesophyll,mestome sheath,leaf procambium",Leaf,Os05g0427100,PCMDB
Os05g0427200,LOC_Os05g35266,leaf mesophyll,Leaf,Os05g0427200,PCMDB
Os05g0427300,LOC_Os05g35266,leaf mesophyll,Leaf,Os05g0427300,PCMDB
Os05g0427400,LOC_Os05g35290,"leaf mesophyll,mestome sheath",Leaf,OsPAL04,PCMDB
Os05g0427900,LOC_Os05g35340,"leaf mesophyll,mestome sheath,leaf procambium",Leaf,Os05g0427900,PCMDB
Os05g0429000,LOC_Os05g35440,leaf mesophyll,Leaf,OsSHM5,PCMDB
Os05g0429400,LOC_Os05g35460,"leaf mesophyll,mestome sheath",Leaf,Os05g0429400,PCMDB
Os05g0429900,LOC_Os05g35500,leaf mesophyll,Leaf,R2R3-MYB,PCMDB
Os05g0430400,LOC_Os05g35540,leaf mesophyll,Leaf,Os05g0430400,PCMDB
Os05g0430800,LOC_Os05g35580,"leaf mesophyll,Mesophyll precursor",Leaf,Os05g0430800,PCMDB
Os05g0431700,LOC_Os05g35650,"leaf mesophyll,leaf procambium",Leaf,Os05g0431700,PCMDB
Os05g0432500,LOC_Os05g35720,leaf epidermis,Leaf,OsTMEM18,PCMDB
Os05g0432700,LOC_Os05g35740,mestome sheath,Leaf,Os05g0432700,PCMDB
Os05g0433400,LOC_Os05g35800,"leaf epidermis,leaf mesophyll,mestome sheath,leaf procambium",Leaf,Os05g0433400,PCMDB
Os05g0435400,LOC_Os05g35970,"leaf epidermis,mestome sheath",Leaf,Os05g0435400,PCMDB
Os05g0436400,LOC_Os05g36070,"leaf mesophyll,leaf procambium",Leaf,Os05g0436400,PCMDB
Os05g0437050,LOC_Os05g36100,leaf mesophyll,Leaf,Os05g0437050,PCMDB
Os05g0437100,LOC_Os05g36100,leaf mesophyll,Leaf,Os05g0437100,PCMDB
Os05g0437200,LOC_Os05g36110,"leaf epidermis,leaf mesophyll,leaf procambium",Leaf,Os05g0437200,PCMDB
Os05g0437401,LOC_Os05g36140,leaf procambium,Leaf,Os05g0437401,PCMDB
Os05g0437700,LOC_Os05g36160,leaf epidermis,Leaf,OsbZIP40,PCMDB
Os05g0438500,LOC_Os05g36260,"leaf epidermis,Phloem",Leaf,Os05g0438500,PCMDB
Os05g0438600,LOC_Os05g36270,"leaf epidermis,leaf mesophyll,mestome sheath,leaf procambium",Leaf,Os05g0438600,PCMDB
Os05g0438700,LOC_Os05g36280,"leaf epidermis,leaf mesophyll,mestome sheath,leaf procambium,leaf initial cell",Leaf,Os05g0438700,PCMDB
Os05g0438800,LOC_Os05g36290,"leaf epidermis,leaf mesophyll,mestome sheath,leaf procambium",Leaf,Os05g0438800,PCMDB
Os05g0439100,LOC_Os05g36320,"leaf mesophyll,mestome sheath",Leaf,Os05g0439100,PCMDB
Os05g0439200,LOC_Os05g36340,"leaf epidermis,leaf mesophyll,mestome sheath,leaf procambium",Leaf,Os05g0439200,PCMDB
Os05g0439400,LOC_Os05g36360,leaf mesophyll,Leaf,OsPUB44,PCMDB
Os05g0440100,LOC_Os05g36910,leaf procambium,Leaf,Os05g0440100,PCMDB
Os05g0442400,LOC_Os05g37060,leaf mesophyll,Leaf,MID1,PCMDB
Os05g0443300,LOC_Os05g37120,"leaf mesophyll,leaf procambium",Leaf,Os05g0443300,PCMDB
Os05g0443400,LOC_Os05g37130,"leaf epidermis,leaf mesophyll,mestome sheath",Leaf,Os05g0443400,PCMDB
Os05g0443500,LOC_Os05g37140,"leaf epidermis,leaf mesophyll,leaf procambium",Leaf,Fd,PCMDB
Os05g0443700,LOC_Os05g37150,leaf mesophyll,Leaf,OsSTA150,PCMDB
Os05g0445100,LOC_Os05g37250,"leaf epidermis,leaf mesophyll",Leaf,OsCYP450,PCMDB
Os05g0445500,LOC_Os05g37330,"leaf epidermis,leaf mesophyll,leaf procambium",Leaf,Os05g0445500,PCMDB
Os05g0446300,LOC_Os05g37390,"leaf epidermis,leaf mesophyll,mestome sheath,leaf procambium",Leaf,Os05g0446300,PCMDB
Os05g0446500,LOC_Os05g37400,leaf procambium,Leaf,Os05g0446500,PCMDB
Os05g0446900,LOC_Os05g37450,leaf mesophyll,Leaf,Os05g0446900,PCMDB
Os05g0447000,LOC_Os05g37460,mestome sheath,Leaf,Os05g0447000,PCMDB
Os05g0447700,LOC_Os05g37520,"leaf mesophyll,Mesophyll precursor",Leaf,Os05g0447700,PCMDB
Os05g0449200,LOC_Os05g37660,"leaf mesophyll,mestome sheath,leaf procambium",Leaf,Os05g0449200,PCMDB
Os05g0449600,LOC_Os05g37700,leaf mesophyll,Leaf,B1122D01.7,PCMDB
Os05g0451100,LOC_Os05g37820,mestome sheath,Leaf,OsPT23,PCMDB
Os05g0451300,LOC_Os05g37830,"leaf epidermis,leaf mesophyll,leaf procambium",Leaf,Os05g0451300,PCMDB
Os05g0453300,LOC_Os05g37930,leaf epidermis,Leaf,Os05g0453300,PCMDB
Os05g0453500,LOC_Os05g37950,"leaf epidermis,leaf mesophyll,mestome sheath,leaf procambium",Leaf,Os05g0453500,PCMDB
Os05g0453700,LOC_Os05g37970,"leaf mesophyll,mestome sheath",Leaf,Os05g0453700,PCMDB
Os05g0454200,LOC_Os05g38000,"leaf epidermis,leaf mesophyll,leaf procambium",Leaf,BGL,PCMDB
Os05g0454500,LOC_Os05g38040,"leaf epidermis,leaf mesophyll,mestome sheath,leaf procambium",Leaf,Os05g0454500,PCMDB
Os05g0455200,LOC_Os05g38120,leaf epidermis,Leaf,RI,PCMDB
Os05g0455400,LOC_Os05g38140,"leaf mesophyll,leaf procambium",Leaf,OsbHLH058,PCMDB
Os05g0455500,LOC_Os05g38150,"leaf mesophyll,Mesophyll precursor",Leaf,OsP5CS,PCMDB
Os05g0455600,LOC_Os05g38160,leaf epidermis,Leaf,Os05g0455600,PCMDB
Os05g0455700,LOC_Os05g38170,"leaf epidermis,leaf mesophyll,leaf procambium,Mesophyll precursor",Leaf,Os05g0455700,PCMDB
Os05g0456300,LOC_Os05g38230,"leaf epidermis,leaf mesophyll",Leaf,AKR4C15,PCMDB
Os05g0456500,LOC_Os05g38250,"leaf epidermis,mestome sheath",Leaf,OJ1651_D06.18,PCMDB
Os05g0456900,LOC_Os05g38264,"leaf epidermis,leaf mesophyll,mestome sheath,leaf procambium",Leaf,Os05g0456900,PCMDB
Os05g0457200,LOC_Os05g38290,mestome sheath,Leaf,OsPP2C49,PCMDB
Os05g0457600,LOC_Os05g38320,leaf mesophyll,Leaf,OJ1362_D02.2,PCMDB
Os05g0457800,LOC_Os05g38350,"leaf mesophyll,mestome sheath",Leaf,GPAT,PCMDB
Os05g0458100,LOC_Os05g38370,leaf procambium,Leaf,OsFKBP20-1a,PCMDB
Os05g0458400,LOC_Os05g38400,leaf mesophyll,Leaf,OsFtsH8,PCMDB
Os05g0459000,LOC_Os05g38460,leaf epidermis,Leaf,Os05g0459000,PCMDB
Os05g0459900,LOC_Os05g38520,"leaf epidermis,leaf mesophyll,mestome sheath",Leaf,Os05g0459900,PCMDB
Os05g0460000,LOC_Os05g38530,"leaf epidermis,mestome sheath",Leaf,OsctHSP70-1,PCMDB
Os05g0460200,LOC_Os05g38550,leaf mesophyll,Leaf,OsUBC12,PCMDB
Os05g0460475,LOC_Os05g38560,leaf mesophyll,Leaf,Os05g0460475,PCMDB
Os05g0460700,LOC_Os05g38580,leaf mesophyll,Leaf,Os05g0460700,PCMDB
Os05g0461000,LOC_Os05g38610,"leaf epidermis,leaf mesophyll",Leaf,COPZ1,PCMDB
Os05g0461300,LOC_Os05g38630,"leaf epidermis,leaf mesophyll,mestome sheath",Leaf,OsRab8A2,PCMDB
Os05g0461400,LOC_Os05g38640,"leaf epidermis,leaf mesophyll,mestome sheath,leaf procambium",Leaf,Os05g0461400,PCMDB
Os05g0461600,LOC_Os05g38660,"leaf epidermis,leaf mesophyll,mestome sheath,leaf procambium",Leaf,Os05g0461600,PCMDB
Os05g0462301,LOC_Os05g38710,leaf procambium,Leaf,Os05g0462301,PCMDB
Os05g0462400,LOC_Os05g38710,leaf procambium,Leaf,Os05g0462400,PCMDB
Os05g0462500,LOC_Os05g38720,"leaf epidermis,leaf mesophyll",Leaf,Os05g0462500,PCMDB
Os05g0462600,LOC_Os05g38730,"leaf mesophyll,leaf procambium",Leaf,Os05g0462600,PCMDB
Os05g0462700,LOC_Os05g38740,"leaf epidermis,leaf mesophyll",Leaf,OSJNBb0064P21.1,PCMDB
Os05g0464200,LOC_Os05g38860,mestome sheath,Leaf,Os05g0464200,PCMDB
Os05g0464300,LOC_Os05g38880,"leaf epidermis,leaf mesophyll,mestome sheath,leaf procambium",Leaf,Os05g0464300,PCMDB
Os05g0466600,LOC_Os05g39050,"leaf mesophyll,leaf procambium,leaf initial cell",Leaf,OSJNBb0064P21.1,PCMDB
Os05g0466800,LOC_Os05g39070,"leaf epidermis,leaf mesophyll,leaf procambium",Leaf,Os05g0466800,PCMDB
Os05g0466900,LOC_Os05g39080,"leaf mesophyll,leaf procambium",Leaf,Os05g0466900,PCMDB
Os05g0468800,LOC_Os05g39250,leaf mesophyll,Leaf,Os05g0468800,PCMDB
Os05g0468900,LOC_Os05g39260,"leaf mesophyll,leaf procambium",Leaf,Os05g0468900,PCMDB
Os05g0469600,LOC_Os05g39310,"leaf epidermis,leaf mesophyll,leaf procambium",Leaf,pdc1*,PCMDB
Os05g0469800,LOC_Os05g39320,"leaf epidermis,leaf mesophyll,mestome sheath",Leaf,Os05g0469800,PCMDB
Os05g0470900,LOC_Os05g39400,leaf epidermis,Leaf,Os05g0470900,PCMDB
Os05g0473000,LOC_Os05g39580,"leaf epidermis,leaf mesophyll,leaf procambium",Leaf,OsPYL/RCAR6,PCMDB
Os05g0474400,LOC_Os05g39670,"leaf epidermis,leaf mesophyll,mestome sheath,leaf procambium",Leaf,OsPRA1,PCMDB
Os05g0474500,LOC_Os05g39680,"leaf mesophyll,mestome sheath",Leaf,Os05g0474500,PCMDB
Os05g0474600,LOC_Os05g39680,"leaf mesophyll,mestome sheath",Leaf,Os05g0474600,PCMDB
Os05g0474800,LOC_Os05g39720,"leaf epidermis,leaf mesophyll,mestome sheath,leaf procambium",Leaf,OsWRKY70,PCMDB
Os05g0474900,LOC_Os05g39730,mestome sheath,Leaf,Os05g0474900,PCMDB
Os05g0475300,LOC_Os05g39760,leaf mesophyll,Leaf,Os05g0475300,PCMDB
Os05g0475400,LOC_Os05g39770,leaf epidermis,Leaf,Osh36,PCMDB
Os05g0475475,LOC_Os05g39760,leaf mesophyll,Leaf,Os05g0475475,PCMDB
Os05g0476700,LOC_Os05g39930,"leaf mesophyll,mestome sheath,leaf procambium",Leaf,OsPUB2,PCMDB
Os05g0477300,LOC_Os05g39960,"leaf epidermis,leaf mesophyll,mestome sheath",Leaf,Os05g0477300,PCMDB
Os05g0477600,LOC_Os05g39990,"leaf mesophyll,mestome sheath,leaf procambium",Leaf,OsEXP4,PCMDB
Os05g0477900,LOC_Os05g40010,"leaf epidermis,leaf mesophyll,leaf procambium",Leaf,OsLTP1.4,PCMDB
Os05g0481600,LOC_Os05g40300,"leaf epidermis,leaf mesophyll,mestome sheath,leaf procambium",Leaf,Os05g0481600,PCMDB
Os05g0482600,LOC_Os05g40410,"leaf epidermis,leaf mesophyll,mestome sheath",Leaf,Os05g0482600,PCMDB
Os05g0482700,LOC_Os05g40420,leaf mesophyll,Leaf,Os05g0482700,PCMDB
Os05g0484800,LOC_Os05g40630,"leaf epidermis,leaf mesophyll,mestome sheath,leaf procambium",Leaf,Os05g0484800,PCMDB
Os05g0486100,LOC_Os05g40770,"leaf epidermis,leaf mesophyll,mestome sheath,leaf procambium",Leaf,OsRPK1,PCMDB
Os05g0486700,LOC_Os05g40820,"leaf epidermis,leaf mesophyll",Leaf,Os05g0486700,PCMDB
Os05g0487300,LOC_Os05g40890,"leaf epidermis,leaf mesophyll,leaf procambium",Leaf,Os05g0487300,PCMDB
Os05g0488500,LOC_Os05g40950,"leaf epidermis,leaf mesophyll,mestome sheath,leaf procambium",Leaf,Os05g0488500,PCMDB
Os05g0488800,LOC_Os05g40980,"mestome sheath,leaf procambium",Leaf,OsSIRP1,PCMDB
Os05g0489200,LOC_Os05g41030,"leaf epidermis,leaf mesophyll,mestome sheath,leaf procambium",Leaf,OsLTPG12,PCMDB
Os05g0489600,LOC_Os05g41060,leaf epidermis,Leaf,ARF,PCMDB
Os05g0489800,LOC_Os05g41080,"leaf epidermis,leaf mesophyll",Leaf,CENH3,PCMDB
Os05g0490100,LOC_Os05g41110,leaf epidermis,Leaf,Os05g0490100,PCMDB
Os05g0490800,LOC_Os05g41180,"leaf epidermis,leaf mesophyll,mestome sheath,leaf procambium",Leaf,Os05g0490800,PCMDB
Os05g0490900,LOC_Os05g41190,leaf mesophyll,Leaf,Os05g0490900,PCMDB
Os05g0491100,LOC_Os05g41210,"leaf epidermis,leaf mesophyll",Leaf,CALa*,PCMDB
Os05g0491200,LOC_Os05g41220,mestome sheath,Leaf,akin-b,PCMDB
Os05g0491500,LOC_Os05g41240,mestome sheath,Leaf,Os05g0491500,PCMDB
Os05g0493100,LOC_Os05g41370,"leaf epidermis,leaf mesophyll,leaf procambium",Leaf,Os05g0493100,PCMDB
Os05g0494000,LOC_Os05g41440,"leaf epidermis,leaf mesophyll,mestome sheath,leaf procambium",Leaf,OsC3'H1,PCMDB
Os05g0494100,LOC_Os05g41450,"leaf epidermis,mestome sheath,Leaf preprocambium",Leaf,DRAP2,PCMDB
Os05g0494200,LOC_Os05g41460,"leaf epidermis,leaf mesophyll,mestome sheath",Leaf,Oc2*,PCMDB
Os05g0494500,LOC_Os05g41480,leaf epidermis,Leaf,Os05g0494500,PCMDB
Os05g0495200,LOC_Os05g41540,"leaf mesophyll,leaf procambium",Leaf,OsbZIP44,PCMDB
Os05g0495300,LOC_Os05g41550,"leaf mesophyll,leaf procambium",Leaf,Os05g0495300,PCMDB
Os05g0495700,LOC_Os05g41590,mestome sheath,Leaf,GPDH1,PCMDB
Os05g0495900,LOC_Os05g41610,"leaf epidermis,leaf mesophyll,mestome sheath",Leaf,Gns8,PCMDB
Os05g0496000,LOC_Os05g41620,"leaf epidermis,leaf mesophyll,mestome sheath,leaf procambium",Leaf,Os05g0496000,PCMDB
Os05g0496200,LOC_Os05g41640,"leaf epidermis,leaf mesophyll,mestome sheath,leaf procambium",Leaf,OsPGK3,PCMDB
Os05g0497200,LOC_Os05g41760,leaf mesophyll,Leaf,ERF130,PCMDB
Os05g0497300,LOC_Os05g41780,"leaf epidermis,leaf mesophyll,mestome sheath",Leaf,OsERF#074,PCMDB
Os05g0497600,LOC_Os05g41795,leaf mesophyll,Leaf,OsAIR1,PCMDB
Os05g0498400,LOC_Os05g41900,"leaf epidermis,leaf mesophyll,mestome sheath,leaf procambium",Leaf,SUI1,PCMDB
Os05g0498700,LOC_Os05g41930,mestome sheath,Leaf,Os05g0498700,PCMDB
Os05g0499300,LOC_Os05g41990,"leaf epidermis,leaf mesophyll,mestome sheath",Leaf,Pox1(Px,PCMDB
Os05g0499400,LOC_Os05g42000,"leaf epidermis,leaf mesophyll,mestome sheath,leaf procambium",Leaf,prx75,PCMDB
Os05g0499450,LOC_Os05g42010,leaf epidermis,Leaf,Os05g0499450,PCMDB
Os05g0499500,LOC_Os05g42010,leaf epidermis,Leaf,Os05g0499500,PCMDB
Os05g0499600,LOC_Os05g42020,leaf epidermis,Leaf,OsUGT705A1,PCMDB
Os05g0499800,LOC_Os05g42040,leaf procambium,Leaf,UGT705A3,PCMDB
Os05g0501300,LOC_Os05g42190,"leaf mesophyll,mestome sheath,leaf procambium,Xylem",Leaf,Os05g0501300,PCMDB
Os05g0503000,LOC_Os05g42330,"leaf epidermis,mestome sheath",Leaf,SCAMP3,PCMDB
Os05g0506000,LOC_Os05g43040,"leaf epidermis,leaf mesophyll,mestome sheath",Leaf,Os05g0506000,PCMDB
Os05g0506200,LOC_Os05g43060,leaf mesophyll,Leaf,Os05g0506200,PCMDB
Os05g0506300,LOC_Os05g43060,leaf mesophyll,Leaf,Os05g0506300,PCMDB
Os05g0507400,LOC_Os05g43174,"leaf epidermis,leaf mesophyll",Leaf,Os05g0507400,PCMDB
Os05g0508300,LOC_Os05g43230,mestome sheath,Leaf,Os05g0508300,PCMDB
Os05g0508500,LOC_Os05g43252,"leaf epidermis,leaf mesophyll,mestome sheath,leaf procambium",Leaf,OsTRXh2,PCMDB
Os05g0508900,LOC_Os05g43310,leaf mesophyll,Leaf,Os05g0508900,PCMDB
Os05g0509200,LOC_Os05g43360,"leaf epidermis,leaf mesophyll,mestome sheath,leaf procambium",Leaf,Os05g0509200,PCMDB
Os05g0509400,LOC_Os05g43380,leaf procambium,Leaf,OsCPP5,PCMDB
Os05g0510100,LOC_Os05g43460,leaf mesophyll,Leaf,Os05g0510100,PCMDB
Os05g0512100,LOC_Os05g43640,leaf mesophyll,Leaf,Os05g0512100,PCMDB
Os05g0512200,LOC_Os05g43650,leaf mesophyll,Leaf,Os05g0512200,PCMDB
Os05g0512400,LOC_Os05g43670,leaf mesophyll,Leaf,Os05g0512400,PCMDB
Os05g0513400,LOC_Os05g43790,"leaf epidermis,leaf mesophyll",Leaf,Os05g0513400,PCMDB
Os05g0513800,LOC_Os05g43820,"leaf epidermis,leaf mesophyll",Leaf,OsRAC2,PCMDB
Os05g0514200,LOC_Os05g43840,leaf mesophyll,Leaf,OsCIPK19,PCMDB
Os05g0514300,LOC_Os05g43850,"leaf mesophyll,leaf procambium",Leaf,OsTLP10,PCMDB
Os05g0514500,LOC_Os05g43870,leaf epidermis,Leaf,Os05g0514500,PCMDB
Os05g0515200,LOC_Os05g43910,vascular leaf,Leaf,Os05g0515200,PCMDB
Os05g0516600,LOC_Os05g44050,"leaf epidermis,leaf mesophyll,mestome sheath,leaf procambium",Leaf,OsRab7B3,PCMDB
Os05g0516700,LOC_Os05g44060,leaf mesophyll,Leaf,Os05g0516700,PCMDB
Os05g0516800,LOC_Os05g44070,"leaf epidermis,leaf mesophyll",Leaf,OsRab11D3,PCMDB
Os05g0516900,LOC_Os05g44080,leaf mesophyll,Leaf,Os05g0516900,PCMDB
Os05g0517200,LOC_Os05g44100,"leaf epidermis,leaf procambium",Leaf,OsTPS6,PCMDB
Os05g0517500,LOC_Os05g44130,"leaf epidermis,mestome sheath,leaf procambium",Leaf,Os05g0517500,PCMDB
Os05g0517900,LOC_Os05g44170,leaf epidermis,Leaf,Os05g0517900,PCMDB
Os05g0518300,LOC_Os05g44200,leaf epidermis,Leaf,OsGELP73,PCMDB
Os05g0519000,LOC_Os05g44270,"leaf epidermis,leaf mesophyll,mestome sheath",Leaf,OsVQ21,PCMDB
Os05g0519300,LOC_Os05g44300,"leaf epidermis,leaf mesophyll,mestome sheath,leaf procambium",Leaf,Os05g0519300,PCMDB
Os05g0519400,LOC_Os05g44310,leaf mesophyll,Leaf,OsSec18,PCMDB
Os05g0519700,LOC_Os05g44340,"leaf epidermis,leaf mesophyll,mestome sheath",Leaf,HSP101,PCMDB
Os05g0521600,LOC_Os05g44600,"leaf epidermis,leaf mesophyll,leaf procambium",Leaf,OsPME18,PCMDB
Os05g0522600,LOC_Os05g44770,"leaf epidermis,leaf mesophyll",Leaf,Os05g0522600,PCMDB
Os05g0523300,LOC_Os05g44810,mestome sheath,Leaf,OsIAA18,PCMDB
Os05g0524400,LOC_Os05g44922,"leaf epidermis,leaf mesophyll,mestome sheath,leaf procambium",Leaf,OsPFK05,PCMDB
Os05g0525900,LOC_Os05g45020,"leaf epidermis,leaf mesophyll,mestome sheath,leaf procambium",Leaf,OsC3H37,PCMDB
Os05g0526200,LOC_Os05g45030,"leaf epidermis,leaf mesophyll,mestome sheath,leaf procambium",Leaf,Os05g0526200,PCMDB
Os05g0526400,LOC_Os05g45050,leaf epidermis,Leaf,Os05g0526400,PCMDB
Os05g0527000,LOC_Os05g45100,"leaf epidermis,leaf mesophyll,mestome sheath,leaf procambium",Leaf,OsUGT706C3,PCMDB
Os05g0528000,LOC_Os05g45210,leaf epidermis,Leaf,rbohC,PCMDB
Os05g0528200,LOC_Os05g45220,"leaf epidermis,leaf mesophyll",Leaf,Os05g0528200,PCMDB
Os05g0528900,LOC_Os05g45270,"leaf epidermis,leaf mesophyll",Leaf,Os05g0528900,PCMDB
Os05g0529200,LOC_Os05g45300,leaf mesophyll,Leaf,Os05g0529200,PCMDB
Os05g0529400,LOC_Os05g45320,leaf epidermis,Leaf,Os05g0529400,PCMDB
Os05g0529700,LOC_Os05g45350,leaf procambium,Leaf,OsDjC50,PCMDB
Os05g0530400,LOC_Os05g45410,"leaf epidermis,leaf mesophyll,mestome sheath,leaf procambium",Leaf,HSFA4D,PCMDB
Os05g0530500,LOC_Os05g45420,mestome sheath,Leaf,SNRK1A,PCMDB
Os05g0530701,LOC_Os05g45430,"leaf mesophyll,leaf procambium",Leaf,Os05g0530701,PCMDB
Os05g0531000,LOC_Os05g45440,"leaf epidermis,mestome sheath",Leaf,OsS40-14,PCMDB
Os05g0531100,LOC_Os05g45450,"mestome sheath,leaf procambium",Leaf,Dfu584,PCMDB
Os05g0531500,LOC_Os05g45490,"mestome sheath,leaf procambium",Leaf,Os05g0531500,PCMDB
Os05g0533700,LOC_Os05g45730,"leaf mesophyll,leaf procambium",Leaf,Os05g0533700,PCMDB
Os05g0534600,LOC_Os05g45830,leaf mesophyll,Leaf,OSJNBa0053E05.23,PCMDB
Os05g0534800,LOC_Os05g45840,"leaf epidermis,leaf mesophyll,mestome sheath,leaf procambium",Leaf,Os05g0534800,PCMDB
Os05g0536200,LOC_Os05g45950,"leaf epidermis,mestome sheath",Leaf,OSVDAC2,PCMDB
Os05g0537100,LOC_Os05g46020,"leaf mesophyll,mestome sheath,leaf procambium",Leaf,OsWRKY7,PCMDB
Os05g0539400,LOC_Os05g46200,"leaf epidermis,leaf mesophyll,mestome sheath,leaf procambium",Leaf,OsBgal9,PCMDB
Os05g0539500,LOC_Os05g46210,mestome sheath,Leaf,OsPOP10,PCMDB
Os05g0539700,LOC_Os05g46230,mestome sheath,Leaf,Orysa,PCMDB
Os05g0539800,LOC_Os05g46240,leaf mesophyll,Leaf,OsRTH2,PCMDB
Os05g0539900,LOC_Os05g46250,leaf mesophyll,Leaf,Os05g0539900,PCMDB
Os05g0540000,LOC_Os05g46260,leaf mesophyll,Leaf,GINT1,PCMDB
Os05g0540200,LOC_Os05g46280,"leaf epidermis,leaf mesophyll",Leaf,Os05g0540200,PCMDB
Os05g0540900,LOC_Os05g46340,mestome sheath,Leaf,Os05g0540900,PCMDB
Os05g0541200,LOC_Os05g46360,leaf epidermis,Leaf,LOGL7,PCMDB
Os05g0541900,LOC_Os05g46430,"leaf epidermis,leaf mesophyll,leaf procambium",Leaf,Os05g0541900,PCMDB
Os05g0542100,LOC_Os05g46450,"leaf epidermis,leaf mesophyll,mestome sheath,leaf procambium",Leaf,Os05g0542100,PCMDB
Os05g0542200,LOC_Os05g46460,"leaf epidermis,leaf mesophyll,mestome sheath,leaf procambium",Leaf,Os05g0542200,PCMDB
Os05g0542500,LOC_Os05g46480,"leaf epidermis,leaf mesophyll",Leaf,OsLEA3-1,PCMDB
Os05g0542600,LOC_Os05g46490,"leaf mesophyll,mestome sheath",Leaf,Os05g0542600,PCMDB
Os05g0542732,LOC_Os05g46500,"leaf epidermis,leaf mesophyll",Leaf,Os05g0542732,PCMDB
Os05g0542800,LOC_Os05g46510,"leaf epidermis,leaf mesophyll,leaf procambium",Leaf,OsPGL9,PCMDB
Os05g0543200,LOC_Os05g46560,leaf mesophyll,Leaf,Os05g0543200,PCMDB
Os05g0543400,LOC_Os05g46580,leaf epidermis,Leaf,OsFPPS2,PCMDB
Os05g0543700,LOC_Os05g46620,"leaf epidermis,leaf mesophyll",Leaf,OsDjC51,PCMDB
Os05g0545000,LOC_Os05g46720,"leaf epidermis,leaf mesophyll,mestome sheath,leaf procambium",Leaf,OsSNDP6,PCMDB
Os05g0545300,LOC_Os05g46750,"leaf epidermis,leaf mesophyll,mestome sheath",Leaf,Os05g0545300,PCMDB
Os05g0545400,LOC_Os05g46760,leaf procambium,Leaf,Os05g0545400,PCMDB
Os05g0546300,LOC_Os05g46830,"leaf mesophyll,mestome sheath,leaf procambium",Leaf,Os05g0546300,PCMDB
Os05g0546400,LOC_Os05g46840,"leaf mesophyll,mestome sheath,leaf procambium,Mesophyll precursor",Leaf,Os05g0546400,PCMDB
Os05g0546800,LOC_Os05g46890,"leaf mesophyll,mestome sheath",Leaf,Os05g0546800,PCMDB
Os05g0547600,LOC_Os05g46950,leaf mesophyll,Leaf,Os05g0547600,PCMDB
Os05g0547800,LOC_Os05g47442,leaf mesophyll,Leaf,Os05g0547800,PCMDB
Os05g0548200,LOC_Os05g47480,leaf mesophyll,Leaf,Os05g0548200,PCMDB
Os05g0548800,LOC_Os05g47530,mestome sheath,Leaf,Os05g0548800,PCMDB
Os05g0549000,LOC_Os05g47550,leaf mesophyll,Leaf,Os05g0549000,PCMDB
Os05g0549100,LOC_Os05g47560,leaf mesophyll,Leaf,OsSTN7,PCMDB
Os05g0549300,LOC_Os05g47580,mestome sheath,Leaf,Os05g0549300,PCMDB
Os05g0549800,LOC_Os05g47650,"leaf epidermis,leaf mesophyll,leaf procambium",Leaf,AP2/EREBP#096,PCMDB
Os05g0550000,LOC_Os05g47670,"leaf mesophyll,mestome sheath",Leaf,OsRFPH2-20,PCMDB
Os05g0550600,LOC_Os05g47730,"leaf epidermis,leaf mesophyll,mestome sheath,leaf procambium",Leaf,OsLTP2.5,PCMDB
Os05g0550800,LOC_Os05g47770,leaf mesophyll,Leaf,Os05g0550800,PCMDB
Os05g0551600,LOC_Os05g47830,leaf mesophyll,Leaf,Os05g0551600,PCMDB
Os05g0552100,LOC_Os05g47870,leaf epidermis,Leaf,Os05g0552100,PCMDB
Os05g0552300,LOC_Os05g47890,"leaf epidermis,leaf mesophyll",Leaf,OsWD40-122,PCMDB
Os05g0552800,LOC_Os05g47960,"leaf mesophyll,mestome sheath,leaf procambium",Leaf,Os05g0552800,PCMDB
Os05g0553000,LOC_Os05g47980,"leaf epidermis,leaf mesophyll,leaf procambium",Leaf,RMtATPb,PCMDB
Os05g0553400,LOC_Os05g48010,"leaf epidermis,leaf mesophyll,leaf procambium,Leaf preprocambium",Leaf,OsMYB55,PCMDB
Os05g0553700,LOC_Os05g48020,leaf epidermis,Leaf,Os05g0553700,PCMDB
Os05g0553800,LOC_Os05g48030,"leaf epidermis,leaf mesophyll,leaf procambium",Leaf,Os05g0553800,PCMDB
Os05g0554000,LOC_Os05g48040,leaf mesophyll,Leaf,OsMATE2,PCMDB
Os05g0555300,LOC_Os05g48160,"leaf mesophyll,mestome sheath,leaf procambium",Leaf,Os05g0555300,PCMDB
Os05g0555800,LOC_Os05g48220,leaf mesophyll,Leaf,Os05g0555800,PCMDB
Os05g0555900,LOC_Os05g48220,leaf mesophyll,Leaf,Os05g0555900,PCMDB
Os05g0556000,LOC_Os05g48230,leaf mesophyll,Leaf,Os05g0556000,PCMDB
Os05g0556100,LOC_Os05g48240,leaf procambium,Leaf,OsDRP1A,PCMDB
Os05g0556300,LOC_Os05g48260,leaf procambium,Leaf,Os05g0556300,PCMDB
Os05g0556400,LOC_Os05g48270,"leaf mesophyll,Xylem",Leaf,Os05g0556400,PCMDB
Os05g0556700,LOC_Os05g48290,leaf mesophyll,Leaf,Os05g0556700,PCMDB
Os05g0556900,LOC_Os05g48310,"leaf epidermis,leaf mesophyll",Leaf,OsRPL35a.3,PCMDB
Os05g0557000,LOC_Os05g48320,"leaf epidermis,leaf mesophyll",Leaf,Os05g0557000,PCMDB
Os05g0557100,LOC_Os05g48330,"leaf mesophyll,mestome sheath",Leaf,Os05g0557100,PCMDB
Os05g0557200,LOC_Os05g48340,leaf epidermis,Leaf,Os05g0557200,PCMDB
Os05g0557700,LOC_Os05g48390,leaf procambium,Leaf,LTN1,PCMDB
Os05g0557800,LOC_Os05g48410,leaf epidermis,Leaf,Os05g0557800,PCMDB
Os05g0558000,LOC_Os05g48422,leaf mesophyll,Leaf,Os05g0558000,PCMDB
Os05g0558800,LOC_Os05g48500,leaf epidermis,Leaf,OsNINJA1,PCMDB
Os05g0559400,LOC_Os05g48590,"mestome sheath,leaf procambium",Leaf,OsIAA19,PCMDB
Os05g0559900,LOC_Os05g48620,leaf procambium,Leaf,SIP25,PCMDB
Os05g0560000,LOC_Os05g48630,"leaf epidermis,leaf mesophyll,mestome sheath,leaf procambium,Mesophyll precursor",Leaf,PSAH,PCMDB
Os05g0560200,LOC_Os05g48650,leaf mesophyll,Leaf,OsDOG1L-3,PCMDB
Os05g0560300,LOC_Os05g48660,leaf procambium,Leaf,MRH1,PCMDB
Os05g0560500,LOC_Os05g48680,leaf mesophyll,Leaf,Os05g0560500,PCMDB
Os05g0560600,LOC_Os05g48690,"leaf epidermis,leaf mesophyll,mestome sheath,leaf procambium",Leaf,Os05g0560600,PCMDB
Os05g0561500,LOC_Os05g48750,"leaf epidermis,leaf mesophyll",Leaf,Os05g0561500,PCMDB
Os05g0561600,LOC_Os05g48760,"leaf mesophyll,leaf procambium",Leaf,Os05g0561600,PCMDB
Os05g0562200,LOC_Os05g48800,"leaf mesophyll,mestome sheath",Leaf,OsDi19-1,PCMDB
Os05g0562300,LOC_Os05g48810,mestome sheath,Leaf,OsDjB7,PCMDB
Os05g0562400,LOC_Os05g48820,"leaf epidermis,leaf mesophyll,leaf procambium",Leaf,Os05g0562400,PCMDB
Os05g0563000,LOC_Os05g48850,leaf epidermis,Leaf,OsSND2,PCMDB
Os05g0563050,LOC_Os05g48855,leaf mesophyll,Leaf,Os05g0563050,PCMDB
Os05g0563550,LOC_Os05g48890,"leaf epidermis,leaf mesophyll,leaf procambium",Leaf,OsFLA18,PCMDB
Os05g0563600,LOC_Os05g48900,"leaf epidermis,leaf mesophyll,mestome sheath,leaf procambium,Xylem",Leaf,OsFLA6,PCMDB
Os05g0563900,LOC_Os05g48930,"leaf mesophyll,leaf procambium",Leaf,OsGRX17,PCMDB
Os05g0564200,LOC_Os05g48960,"leaf epidermis,leaf mesophyll",Leaf,OsC3H38,PCMDB
Os05g0564400,LOC_Os05g48980,leaf mesophyll,Leaf,OsRab11C3,PCMDB
Os05g0564800,LOC_Os05g49020,"leaf epidermis,leaf mesophyll,leaf procambium",Leaf,Os05g0564800,PCMDB
Os05g0565000,LOC_Os05g49030,"leaf epidermis,leaf mesophyll",Leaf,Os05g0565000,PCMDB
Os05g0565200,LOC_Os05g49050,"leaf mesophyll,mestome sheath",Leaf,UREG,PCMDB
Os05g0565400,LOC_Os05g49060,leaf mesophyll,Leaf,Os05g0565400,PCMDB
Os05g0565701,LOC_Os05g49080,"leaf mesophyll,mestome sheath",Leaf,Os05g0565701,PCMDB
Os05g0565900,LOC_Os05g49100,leaf mesophyll,Leaf,OsWRKY49,PCMDB
Os05g0566400,LOC_Os05g49140,"leaf epidermis,mestome sheath,leaf procambium,Leaf preprocambium",Leaf,OsMPK7,PCMDB
Os05g0566500,LOC_Os05g49150,leaf mesophyll,Leaf,eIF-3d,PCMDB
Os05g0566600,LOC_Os05g49160,"leaf epidermis,leaf mesophyll",Leaf,Os05g0566600,PCMDB
Os05g0566800,LOC_Os05g49170,"leaf epidermis,leaf mesophyll,leaf procambium,Mesophyll precursor",Leaf,COR413-TM1,PCMDB
Os05g0566900,LOC_Os05g49180,"leaf epidermis,leaf mesophyll,leaf procambium",Leaf,Os05g0566900,PCMDB
Os05g0567100,LOC_Os05g49200,leaf epidermis,Leaf,Oryzasin,PCMDB
Os05g0567400,LOC_Os05g49230,leaf mesophyll,Leaf,Os05g0567400,PCMDB
Os05g0567800,LOC_Os05g49270,"leaf epidermis,leaf mesophyll,mestome sheath",Leaf,Os05g0567800,PCMDB
Os05g0568000,LOC_Os05g49290,"mestome sheath,leaf procambium",Leaf,KCS1,PCMDB
Os05g0568300,LOC_Os05g49320,"leaf mesophyll,mestome sheath,leaf procambium",Leaf,rpl12-1,PCMDB
Os05g0568600,LOC_Os05g49350,"mestome sheath,Xylem",Leaf,Os05g0568600,PCMDB
Os05g0568800,LOC_Os05g49370,"leaf epidermis,leaf procambium",Leaf,Os05g0568800,PCMDB
Os05g0568900,LOC_Os05g49380,leaf mesophyll,Leaf,OsDegp9,PCMDB
Os05g0569200,LOC_Os05g49410,"leaf epidermis,leaf mesophyll,mestome sheath,leaf procambium,Mesophyll precursor",Leaf,Os05g0569200,PCMDB
Os05g0569300,LOC_Os05g49420,"leaf epidermis,leaf mesophyll,mestome sheath,leaf procambium",Leaf,OsbZIP45,PCMDB
Os05g0569400,LOC_Os05g49430,mestome sheath,Leaf,Os05g0569400,PCMDB
Os05g0571200,LOC_Os05g49620,"leaf mesophyll,Mesophyll precursor",Leaf,OsWRKY19,PCMDB
Os05g0571600,LOC_Os05g49670,"leaf procambium,leaf initial cell",Leaf,Os05g0571600,PCMDB
Os05g0571700,LOC_Os05g49680,"leaf mesophyll,mestome sheath",Leaf,OsFbox282,PCMDB
Os05g0573300,LOC_Os05g49770,"leaf epidermis,leaf mesophyll",Leaf,Os05g0573300,PCMDB
Os05g0573500,LOC_Os05g49780,"leaf epidermis,leaf mesophyll",Leaf,HAP3C,PCMDB
Os05g0573700,LOC_Os05g49800,leaf mesophyll,Leaf,Os05g0573700,PCMDB
Os05g0573800,LOC_Os05g49810,leaf procambium,Leaf,Os05g0573800,PCMDB
Os05g0574300,LOC_Os05g49860,"leaf mesophyll,leaf initial cell",Leaf,H2B.9,PCMDB
Os05g0574500,LOC_Os05g49890,leaf procambium,Leaf,OsRAN2,PCMDB
Os05g0575000,LOC_Os05g49940,leaf mesophyll,Leaf,OsCV,PCMDB
Os05g0576600,LOC_Os05g50100,"leaf epidermis,leaf mesophyll",Leaf,Os05g0576600,PCMDB
Os05g0577500,LOC_Os05g50180,"leaf epidermis,leaf mesophyll,mestome sheath",Leaf,OsCML14,PCMDB
Os05g0577700,LOC_Os05g50190,"leaf epidermis,leaf mesophyll,mestome sheath,leaf procambium",Leaf,Os05g0577700,PCMDB
Os05g0578000,LOC_Os05g50220,leaf mesophyll,Leaf,Os05g0578000,PCMDB
Os05g0578500,LOC_Os05g50250,leaf mesophyll,Leaf,OsCCR23,PCMDB
Os05g0579900,LOC_Os05g50370,leaf mesophyll,Leaf,OsDjC52,PCMDB
Os05g0581800,LOC_Os05g50480,"leaf epidermis,leaf mesophyll",Leaf,Os05g0581800,PCMDB
Os05g0582100,LOC_Os05g50510,"mestome sheath,Xylem",Leaf,OJ1651_G11.8,PCMDB
Os05g0582400,LOC_Os05g50560,"leaf mesophyll,mestome sheath,leaf procambium",Leaf,Os05g0582400,PCMDB
Os05g0582500,LOC_Os05g50570,"leaf epidermis,leaf mesophyll,mestome sheath,leaf procambium",Leaf,OsSCP29,PCMDB
Os05g0582800,LOC_Os05g50600,leaf mesophyll,Leaf,OsSCP31,PCMDB
Os05g0583000,LOC_Os05g50610,leaf mesophyll,Leaf,OsWRKY8,PCMDB
Os05g0583100,LOC_Os05g50624,"leaf mesophyll,Mesophyll precursor",Leaf,Os05g0583100,PCMDB
Os05g0584200,LOC_Os05g50710,"leaf mesophyll,mestome sheath",Leaf,LEA8,PCMDB
Os05g0584300,LOC_Os05g50720,leaf epidermis,Leaf,Os05g0584300,PCMDB
Os05g0585500,LOC_Os05g50810,leaf epidermis,Leaf,OsCDPK15,PCMDB
Os05g0586200,LOC_Os05g50890,leaf mesophyll,Leaf,JAR1,PCMDB
Os05g0586400,LOC_Os05g50910,"leaf mesophyll,mestome sheath",Leaf,Os05g0586400,PCMDB
Os05g0586600,LOC_Os05g50930,leaf mesophyll,Leaf,OsSIG5,PCMDB
Os05g0587400,LOC_Os05g51000,"leaf mesophyll,leaf procambium",Leaf,Os05g0587400,PCMDB
Os05g0588900,LOC_Os05g51130,"leaf mesophyll,mestome sheath,Leaf preprocambium",Leaf,Os05g0588900,PCMDB
Os05g0589000,LOC_Os05g51140,leaf epidermis,Leaf,Os05g0589000,PCMDB
Os05g0589200,LOC_Os05g51150,mestome sheath,Leaf,OsSIG3,PCMDB
Os05g0589400,LOC_Os05g51160,"leaf mesophyll,mestome sheath,leaf procambium",Leaf,R2R3-MYB,PCMDB
Os05g0589600,LOC_Os05g51180,leaf mesophyll,Leaf,Os05g0589600,PCMDB
Os05g0590300,LOC_Os05g51240,leaf epidermis,Leaf,Os05g0590300,PCMDB
Os05g0591900,LOC_Os05g51420,"leaf mesophyll,mestome sheath",Leaf,HIRL1,PCMDB
Os05g0592100,LOC_Os05g51450,leaf mesophyll,Leaf,OsClp8,PCMDB
Os05g0592300,LOC_Os05g51470,mestome sheath,Leaf,Os05g0592300,PCMDB
Os05g0592400,LOC_Os05g51480,"leaf epidermis,leaf mesophyll",Leaf,UV-DDB1,PCMDB
Os05g0593000,LOC_Os05g51520,leaf mesophyll,Leaf,Os05g0593000,PCMDB
Os05g0593200,LOC_Os05g51540,"leaf epidermis,leaf mesophyll,mestome sheath",Leaf,Os05g0593200,PCMDB
Os05g0594100,LOC_Os05g51590,"leaf mesophyll,leaf procambium",Leaf,Os05g0594100,PCMDB
Os05g0594700,LOC_Os05g51630,"leaf epidermis,leaf mesophyll,leaf procambium,Phloem",Leaf,OsOSCA1.2,PCMDB
Os05g0595100,LOC_Os05g51670,"leaf mesophyll,mestome sheath,leaf procambium",Leaf,OsUGE1,PCMDB
Os05g0595400,LOC_Os05g51700,"leaf epidermis,leaf procambium,Phloem",Leaf,OsNDPK3,PCMDB
Os05g0596200,LOC_Os05g51754,"leaf epidermis,leaf mesophyll,mestome sheath,leaf procambium",Leaf,Os05g0596200,PCMDB
Os05g0597100,LOC_Os05g51830,"leaf epidermis,leaf mesophyll,leaf procambium",Leaf,HDT1,PCMDB
Os06g0101600,LOC_Os06g01210,"leaf epidermis,leaf mesophyll,mestome sheath,leaf procambium",Leaf,OsPC,PCMDB
Os06g0103200,LOC_Os06g01350,"leaf mesophyll,mestome sheath",Leaf,Os06g0103200,PCMDB
Os06g0103300,LOC_Os06g01360,"leaf epidermis,leaf mesophyll,leaf procambium",Leaf,HGO,PCMDB
Os06g0103400,LOC_Os06g01370,"leaf epidermis,leaf mesophyll,leaf procambium",Leaf,Os06g0103400,PCMDB
Os06g0103500,LOC_Os06g01390,"leaf epidermis,leaf mesophyll",Leaf,ACX1,PCMDB
Os06g0104400,LOC_Os06g01500,"leaf epidermis,leaf mesophyll,leaf procambium",Leaf,P0644B06.3-1,PCMDB
Os06g0105400,LOC_Os06g01630,"leaf epidermis,leaf mesophyll,mestome sheath,leaf procambium",Leaf,P0644B06.24-1,PCMDB
Os06g0105800,LOC_Os06g01670,"leaf epidermis,leaf mesophyll",Leaf,Os06g0105800,PCMDB
Os06g0105900,LOC_Os06g01680,"leaf mesophyll,mestome sheath,leaf procambium",Leaf,Os06g0105900,PCMDB
Os06g0106000,LOC_Os06g01690,leaf mesophyll,Leaf,Os06g0106000,PCMDB
Os06g0106100,LOC_Os06g01700,"leaf epidermis,leaf mesophyll,mestome sheath",Leaf,Os06g0106100,PCMDB
Os06g0106900,LOC_Os06g01770,"leaf epidermis,leaf mesophyll",Leaf,Os06g0106900,PCMDB
Os06g0107700,LOC_Os06g01850,"leaf mesophyll,leaf procambium",Leaf,OsLFNR2,PCMDB
Os06g0109500,LOC_Os06g01990,"leaf mesophyll,mestome sheath",Leaf,Os06g0109500,PCMDB
Os06g0111400,LOC_Os06g02130,"leaf mesophyll,mestome sheath",Leaf,Os06g0111400,PCMDB
Os06g0111500,LOC_Os06g02144,"leaf mesophyll,mestome sheath,leaf procambium,leaf initial cell",Leaf,Os6PGDH1,PCMDB
Os06g0111800,LOC_Os06g02180,leaf mesophyll,Leaf,OsCSLD2,PCMDB
Os06g0112200,LOC_Os06g02220,"leaf epidermis,leaf mesophyll,leaf procambium",Leaf,OsMTN,PCMDB
Os06g0112800,LOC_Os06g02260,leaf mesophyll,Leaf,OsGSL1,PCMDB
Os06g0113900,LOC_Os06g02370,"leaf epidermis,leaf mesophyll,mestome sheath",Leaf,P0541H01.18-1,PCMDB
Os06g0114000,LOC_Os06g02380,"leaf epidermis,leaf mesophyll,Mesophyll precursor",Leaf,OsCPn60beta1,PCMDB
Os06g0114500,LOC_Os06g02420,"leaf epidermis,leaf mesophyll,mestome sheath,leaf procambium",Leaf,Os06g0114500,PCMDB
Os06g0114651,LOC_Os06g02440,"leaf epidermis,mestome sheath",Leaf,Os06g0114651,PCMDB
Os06g0114700,LOC_Os06g02440,"leaf epidermis,mestome sheath",Leaf,Os06g0114700,PCMDB
Os06g0115500,LOC_Os06g02510,"leaf epidermis,leaf mesophyll",Leaf,Os06g0115500,PCMDB
Os06g0115800,LOC_Os06g02540,"leaf mesophyll,leaf procambium",Leaf,Os06g0115800,PCMDB
Os06g0116600,LOC_Os06g02600,leaf procambium,Leaf,Os06g0116600,PCMDB
Os06g0116800,LOC_Os06g02620,leaf mesophyll,Leaf,OsDjA9,PCMDB
Os06g0125132,LOC_Os06g03514,"leaf epidermis,leaf mesophyll,mestome sheath,leaf procambium",Leaf,SDH8B,PCMDB
Os06g0125200,LOC_Os06g03520,"leaf epidermis,leaf mesophyll,mestome sheath,leaf procambium",Leaf,Os06g0125200,PCMDB
Os06g0125800,LOC_Os06g03580,"leaf epidermis,leaf mesophyll,mestome sheath,leaf procambium",Leaf,OsBBI1,PCMDB
Os06g0126000,LOC_Os06g03600,mestome sheath,Leaf,OsSEU3,PCMDB
Os06g0126500,LOC_Os06g03640,"leaf epidermis,leaf mesophyll,mestome sheath,leaf procambium",Leaf,OsBAG3,PCMDB
Os06g0127000,LOC_Os06g03660,"leaf epidermis,leaf mesophyll,mestome sheath,leaf procambium",Leaf,GLL,PCMDB
Os06g0127500,LOC_Os06g03690,"leaf epidermis,leaf mesophyll,mestome sheath,leaf procambium",Leaf,Os06g0127500,PCMDB
Os06g0127900,LOC_Os06g03720,"leaf mesophyll,leaf initial cell",Leaf,RNRS2,PCMDB
Os06g0128200,LOC_Os06g03760,"mestome sheath,Xylem",Leaf,Os06g0128200,PCMDB
Os06g0128300,LOC_Os06g03770,leaf procambium,Leaf,ABCB23,PCMDB
Os06g0128600,LOC_Os06g03800,leaf epidermis,Leaf,Os06g0128600,PCMDB
Os06g0128700,LOC_Os06g03800,leaf epidermis,Leaf,XBOS36,PCMDB
Os06g0128800,LOC_Os06g03810,"leaf mesophyll,mestome sheath",Leaf,Os06g0128800,PCMDB
Os06g0129300,LOC_Os06g03850,leaf mesophyll,Leaf,OsISI1,PCMDB
Os06g0129400,LOC_Os06g03860,leaf epidermis,Leaf,OsSPX-MFS3,PCMDB
Os06g0129700,LOC_Os06g03910,leaf mesophyll,Leaf,P0538C01.23,PCMDB
Os06g0129800,LOC_Os06g03920,leaf mesophyll,Leaf,Os06g0129800,PCMDB
Os06g0129900,LOC_Os06g03930,"leaf mesophyll,Mesophyll precursor",Leaf,Os06g0129900,PCMDB
Os06g0130000,LOC_Os06g03940,"leaf epidermis,leaf mesophyll,mestome sheath",Leaf,LMR,PCMDB
Os06g0130800,LOC_Os06g04020,"leaf epidermis,leaf mesophyll,mestome sheath,leaf procambium,leaf initial cell",Leaf,Os06g0130800,PCMDB
Os06g0130900,LOC_Os06g04030,"leaf epidermis,leaf mesophyll,mestome sheath,leaf procambium,leaf initial cell",Leaf,Os06g0130900,PCMDB
Os06g0132400,LOC_Os06g04150,leaf mesophyll,Leaf,ChlM,PCMDB
Os06g0132500,LOC_Os06g04169,leaf epidermis,Leaf,OsBDG,PCMDB
Os06g0133200,LOC_Os06g04210,"leaf mesophyll,mestome sheath",Leaf,Os06g0133200,PCMDB
Os06g0133300,LOC_Os06g04220,"leaf epidermis,leaf mesophyll,mestome sheath,leaf procambium",Leaf,Os06g0133300,PCMDB
Os06g0133400,LOC_Os06g04230,"leaf epidermis,leaf mesophyll",Leaf,Os06g0133400,PCMDB
Os06g0133500,LOC_Os06g04240,"leaf mesophyll,leaf procambium",Leaf,134P10.9b,PCMDB
Os06g0133800,LOC_Os06g04270,"leaf mesophyll,mestome sheath",Leaf,OsTK,PCMDB
Os06g0133900,LOC_Os06g04280,leaf mesophyll,Leaf,EPSPS,PCMDB
Os06g0134800,LOC_Os06g04380,leaf mesophyll,Leaf,Os06g0134800,PCMDB
Os06g0134900,LOC_Os06g04390,"leaf epidermis,leaf mesophyll,mestome sheath,leaf procambium",Leaf,Os06g0134900,PCMDB
Os06g0135000,LOC_Os06g04399,leaf procambium,Leaf,Os06g0135000,PCMDB
Os06g0136000,LOC_Os06g04460,"leaf epidermis,leaf mesophyll,mestome sheath,leaf procambium",Leaf,Os06g0136000,PCMDB
Os06g0136100,LOC_Os06g04470,"leaf epidermis,leaf mesophyll,mestome sheath",Leaf,Os06g0136100,PCMDB
Os06g0136500,LOC_Os06g04500,"leaf epidermis,leaf mesophyll,mestome sheath,leaf procambium",Leaf,OsCNIH1,PCMDB
Os06g0136600,LOC_Os06g04510,leaf procambium,Leaf,OsEno5,PCMDB
Os06g0136800,LOC_Os06g04530,"leaf mesophyll,leaf procambium,Mesophyll precursor",Leaf,OsClp9,PCMDB
Os06g0136900,LOC_Os06g04540,mestome sheath,Leaf,DP1,PCMDB
Os06g0137300,LOC_Os06g04580,leaf epidermis,Leaf,Os06g0137300,PCMDB
Os06g0137700,LOC_Os06g04620,"leaf mesophyll,leaf procambium",Leaf,P0548D03.38-1,PCMDB
Os06g0138100,LOC_Os06g04650,"leaf epidermis,leaf mesophyll,mestome sheath,leaf procambium",Leaf,OsMSRA5,PCMDB
Os06g0138900,LOC_Os06g04699,leaf mesophyll,Leaf,Os06g0138900,PCMDB
Os06g0139800,LOC_Os06g04790,"leaf mesophyll,leaf procambium",Leaf,Os06g0139800,PCMDB
Os06g0139900,LOC_Os06g04800,"leaf epidermis,leaf mesophyll,mestome sheath,leaf procambium",Leaf,Os06g0139900,PCMDB
Os06g0140700,LOC_Os06g04870,leaf mesophyll,Leaf,Oshox2,PCMDB
Os06g0140800,LOC_Os06g04880,"leaf mesophyll,mestome sheath",Leaf,OsPUB51,PCMDB
Os06g0140900,LOC_Os06g04889,"leaf epidermis,leaf mesophyll,mestome sheath,leaf procambium,Xylem",Leaf,Os06g0140900,PCMDB
Os06g0141100,LOC_Os06g04900,"leaf mesophyll,leaf procambium",Leaf,Os06g0141100,PCMDB
Os06g0141600,LOC_Os06g04940,mestome sheath,Leaf,OsENOD93,PCMDB
Os06g0142200,LOC_Os06g04990,"leaf mesophyll,mestome sheath,leaf procambium",Leaf,P0535G04.15-1,PCMDB
Os06g0142300,LOC_Os06g05000,"leaf epidermis,leaf mesophyll,mestome sheath,leaf procambium",Leaf,OsENOD93,PCMDB
Os06g0142350,LOC_Os06g05010,"leaf mesophyll,leaf epidermis,mestome sheath,leaf procambium",Leaf,UDP-GT,PCMDB
Os06g0142400,LOC_Os06g05020,"leaf epidermis,leaf mesophyll,mestome sheath,leaf procambium",Leaf,OsENOD93,PCMDB
Os06g0142600,LOC_Os06g05060,"leaf epidermis,leaf mesophyll,mestome sheath",Leaf,HD3B,PCMDB
Os06g0142700,LOC_Os06g05080,"leaf epidermis,leaf mesophyll,mestome sheath,leaf procambium",Leaf,Os06g0142700,PCMDB
Os06g0142900,LOC_Os06g05100,mestome sheath,Leaf,OsDXS2,PCMDB
Os06g0143100,LOC_Os06g05120,"leaf epidermis,mestome sheath,Phloem",Leaf,OsCDT2,PCMDB
Os06g0143400,LOC_Os06g05130,"leaf epidermis,leaf mesophyll,mestome sheath",Leaf,FATB1,PCMDB
Os06g0143900,LOC_Os06g05180,"leaf epidermis,leaf mesophyll",Leaf,OsWD40-125,PCMDB
Os06g0145200,LOC_Os06g05284,leaf procambium,Leaf,Os06g0145200,PCMDB
Os06g0145800,LOC_Os06g05350,leaf mesophyll,Leaf,Os06g0145800,PCMDB
Os06g0146250,LOC_Os06g05380,"leaf mesophyll,leaf procambium",Leaf,OsWRKY73,PCMDB
Os06g0146300,LOC_Os06g05390,leaf mesophyll,Leaf,Os06g0146300,PCMDB
Os06g0146400,LOC_Os06g05400,"leaf epidermis,leaf mesophyll,mestome sheath,leaf procambium",Leaf,OsISC7,PCMDB
Os06g0146800,LOC_Os06g05420,"leaf mesophyll,leaf procambium",Leaf,Os06g0146800,PCMDB
Os06g0147000,LOC_Os06g05430,"leaf mesophyll,mestome sheath,leaf procambium",Leaf,Os06g0147000,PCMDB
Os06g0147100,LOC_Os06g05440,"leaf epidermis,leaf mesophyll,mestome sheath,leaf procambium,Mesophyll precursor",Leaf,Os06g0147100,PCMDB
Os06g0147200,LOC_Os06g05450,vascular leaf,Leaf,Os06g0147200,PCMDB
Os06g0147250,LOC_Os06g05450,vascular leaf,Leaf,Os06g0147250,PCMDB
Os06g0147300,LOC_Os06g05470,mestome sheath,Leaf,Os06g0147300,PCMDB
Os06g0147400,LOC_Os06g05480,"leaf mesophyll,mestome sheath",Leaf,Os06g0147400,PCMDB
Os06g0147600,LOC_Os06g05510,"leaf epidermis,leaf mesophyll,mestome sheath,leaf procambium",Leaf,Os06g0147600,PCMDB
Os06g0147800,LOC_Os06g05520,"leaf epidermis,leaf mesophyll,mestome sheath,leaf procambium",Leaf,OsMKK1,PCMDB
Os06g0148200,LOC_Os06g05550,"leaf mesophyll,leaf epidermis",Leaf,OsGELP74,PCMDB
Os06g0149300,LOC_Os06g05650,"leaf epidermis,leaf mesophyll,leaf procambium",Leaf,Os06g0149300,PCMDB
Os06g0149400,LOC_Os06g05660,leaf mesophyll,Leaf,Orysa,PCMDB
Os06g0149500,LOC_Os06g05670,mestome sheath,Leaf,Os06g0149500,PCMDB
Os06g0150300,LOC_Os06g05730,mestome sheath,Leaf,Os06g0150300,PCMDB
Os06g0150400,LOC_Os06g05740,leaf epidermis,Leaf,Os06g0150400,PCMDB
Os06g0151900,LOC_Os06g05860,leaf epidermis,Leaf,OsPFK06,PCMDB
Os06g0152100,LOC_Os06g05880,"leaf epidermis,leaf mesophyll,mestome sheath",Leaf,OsPRF2,PCMDB
Os06g0152200,LOC_Os06g05890,leaf procambium,Leaf,OsBBX16,PCMDB
Os06g0152600,LOC_Os06g05930,"leaf epidermis,leaf mesophyll,mestome sheath,leaf procambium",Leaf,Os06g0152600,PCMDB
Os06g0153800,LOC_Os06g06030,"leaf epidermis,leaf mesophyll",Leaf,OsPBE1,PCMDB
Os06g0154500,LOC_Os06g06090,mestome sheath,Leaf,MAPK6,PCMDB
Os06g0154800,LOC_Os06g06115,"leaf epidermis,mestome sheath",Leaf,Os06g0154800,PCMDB
Os06g0155300,LOC_Os06g06160,"leaf epidermis,leaf mesophyll,mestome sheath,leaf procambium",Leaf,Os06g0155300,PCMDB
Os06g0156400,LOC_Os06g06230,leaf mesophyll,Leaf,OsGELP76,PCMDB
Os06g0156600,LOC_Os06g06250,"leaf epidermis,leaf mesophyll,mestome sheath,leaf procambium",Leaf,OsGELP77,PCMDB
Os06g0157000,LOC_Os06g06290,leaf mesophyll,Leaf,OsGELP79,PCMDB
Os06g0157900,LOC_Os06g06340,leaf mesophyll,Leaf,OsLTP1.5,PCMDB
Os06g0158000,LOC_Os06g06350,leaf procambium,Leaf,KMK0024M20.27,PCMDB
Os06g0158100,LOC_Os06g06360,"leaf epidermis,leaf mesophyll,leaf procambium",Leaf,OsWRKY113,PCMDB
Os06g0158600,LOC_Os06g06410,leaf procambium,Leaf,KMK0024M20.35,PCMDB
Os06g0159450,LOC_Os06g06460,"leaf mesophyll,leaf procambium",Leaf,Os06g0159450,PCMDB
Os06g0159600,LOC_Os06g06470,"leaf epidermis,leaf mesophyll,mestome sheath,leaf procambium",Leaf,OsPUB64,PCMDB
Os06g0160100,LOC_Os06g06510,leaf mesophyll,Leaf,Os06g0160100,PCMDB
Os06g0163200,LOC_Os06g06770,"leaf mesophyll,leaf procambium",Leaf,OsPOP11,PCMDB
Os06g0163300,LOC_Os06g06780,"leaf epidermis,leaf mesophyll,mestome sheath,leaf procambium",Leaf,Os06g0163300,PCMDB
Os06g0163400,LOC_Os06g06790,leaf epidermis,Leaf,PDIL1,PCMDB
Os06g0163600,LOC_Os06g06820,leaf mesophyll,Leaf,Os06g0163600,PCMDB
Os06g0164400,LOC_Os06g06900,leaf mesophyll,Leaf,OsbHLH108,PCMDB
Os06g0164500,LOC_Os06g06910,"leaf mesophyll,mestome sheath",Leaf,Os06g0164500,PCMDB
Os06g0165500,LOC_Os06g06960,vascular leaf,Leaf,OsRLCK198,PCMDB
Os06g0165800,LOC_Os06g06980,"leaf mesophyll,leaf procambium",Leaf,ROMT-16,PCMDB
Os06g0166000,LOC_Os06g07000,"leaf epidermis,mestome sheath",Leaf,OsFbox298,PCMDB
Os06g0166200,LOC_Os06g07020,leaf mesophyll,Leaf,Os06g0166200,PCMDB
Os06g0166400,LOC_Os06g07030,"leaf epidermis,leaf mesophyll,mestome sheath,leaf procambium",Leaf,OsERF#007,PCMDB
Os06g0166900,LOC_Os06g07070,mestome sheath,Leaf,OsRLCK199,PCMDB
Os06g0167000,LOC_Os06g07080,"leaf epidermis,leaf mesophyll",Leaf,Os06g0167000,PCMDB
Os06g0167200,LOC_Os06g07100,mestome sheath,Leaf,Os06g0167200,PCMDB
Os06g0167500,LOC_Os06g07130,leaf epidermis,Leaf,P0680A03.27-1,PCMDB
Os06g0167600,LOC_Os06g07140,"leaf epidermis,leaf mesophyll,mestome sheath",Leaf,Os06g0167600,PCMDB
Os06g0168500,LOC_Os06g07200,"mestome sheath,leaf procambium",Leaf,Os06g0168500,PCMDB
Os06g0168600,LOC_Os06g07210,"leaf mesophyll,mestome sheath,Leaf preprocambium",Leaf,V3,PCMDB
Os06g0168800,LOC_Os06g07230,mestome sheath,Leaf,OsRLCK200,PCMDB
Os06g0168901,LOC_Os06g07240,mestome sheath,Leaf,OSJNBa0033B09.24,PCMDB
Os06g0171900,LOC_Os06g07540,"leaf epidermis,leaf mesophyll",Leaf,SRWD3,PCMDB
Os06g0172200,LOC_Os06g07560,"leaf epidermis,leaf mesophyll,mestome sheath,leaf procambium,Leaf preprocambium",Leaf,OsCML30,PCMDB
Os06g0172600,LOC_Os06g07580,"leaf epidermis,leaf mesophyll,mestome sheath",Leaf,Os06g0172600,PCMDB
Os06g0172800,LOC_Os06g07600,"leaf epidermis,leaf mesophyll,mestome sheath",Leaf,Os06g0172800,PCMDB
Os06g0173100,LOC_Os06g07630,"leaf epidermis,mestome sheath",Leaf,OsRpt5b,PCMDB
Os06g0174300,LOC_Os06g07760,"leaf mesophyll,leaf procambium",Leaf,OsSrx,PCMDB
Os06g0174400,LOC_Os06g07780,"leaf epidermis,leaf mesophyll,mestome sheath",Leaf,OsVAMP7111,PCMDB
Os06g0175400,LOC_Os06g07820,"leaf epidermis,mestome sheath",Leaf,Os06g0175400,PCMDB
Os06g0175500,LOC_Os06g07830,"leaf epidermis,leaf mesophyll,mestome sheath,leaf procambium",Leaf,Os06g0175500,PCMDB
Os06g0176500,LOC_Os06g07923,leaf mesophyll,Leaf,Os06g0176500,PCMDB
Os06g0176600,LOC_Os06g07923,leaf mesophyll,Leaf,Os06g0176600,PCMDB
Os06g0176650,LOC_Os06g07923,leaf mesophyll,Leaf,Os06g0176650,PCMDB
Os06g0177000,LOC_Os06g07969,"leaf epidermis,leaf mesophyll",Leaf,Os06g0177000,PCMDB
Os06g0178900,LOC_Os06g08080,"leaf epidermis,leaf mesophyll,mestome sheath,Xylem",Leaf,OVP2,PCMDB
Os06g0179000,LOC_Os06g08090,mestome sheath,Leaf,Os06g0179000,PCMDB
Os06g0179700,LOC_Os06g08140,"leaf epidermis,mestome sheath,leaf procambium",Leaf,OsPP2C54,PCMDB
Os06g0179900,LOC_Os06g08170,"leaf epidermis,leaf mesophyll",Leaf,Os06g0179900,PCMDB
Os06g0181100,LOC_Os06g08280,"leaf epidermis,leaf mesophyll,leaf procambium",Leaf,Os06g0181100,PCMDB
Os06g0181200,LOC_Os06g08280,"leaf epidermis,leaf mesophyll,leaf procambium",Leaf,Os06g0181200,PCMDB
Os06g0182500,LOC_Os06g08400,"leaf epidermis,leaf mesophyll",Leaf,Os06g0182500,PCMDB
Os06g0183800,LOC_Os06g08480,"leaf mesophyll,mestome sheath,leaf procambium",Leaf,CHR702,PCMDB
Os06g0184300,LOC_Os06g08530,"leaf epidermis,leaf mesophyll",Leaf,BIP110,PCMDB
Os06g0184400,LOC_Os06g08540,"leaf mesophyll,mestome sheath",Leaf,Os06g0184400,PCMDB
Os06g0184800,LOC_Os06g08564,leaf mesophyll,Leaf,OsRCI2-8,PCMDB
Os06g0185500,LOC_Os06g08640,mestome sheath,Leaf,OsHCT4,PCMDB
Os06g0185900,LOC_Os06g08670,"leaf epidermis,leaf mesophyll,mestome sheath,leaf procambium",Leaf,OsGpx4,PCMDB
Os06g0186400,LOC_Os06g08720,leaf epidermis,Leaf,OsSCP32,PCMDB
Os06g0191300,LOC_Os06g09180,leaf mesophyll,Leaf,OsMKK5,PCMDB
Os06g0192100,LOC_Os06g09240,"leaf epidermis,leaf mesophyll,leaf procambium",Leaf,UGT,PCMDB
Os06g0192400,LOC_Os06g09270,"leaf mesophyll,mestome sheath,leaf procambium",Leaf,Os06g0192400,PCMDB
Os06g0194900,LOC_Os06g09450,"leaf mesophyll,mestome sheath",Leaf,SUS2,PCMDB
Os06g0195150,LOC_Os06g09450,"leaf mesophyll,mestome sheath",Leaf,Os06g0195150,PCMDB
Os06g0195600,LOC_Os06g09540,mestome sheath,Leaf,Os06g0195600,PCMDB
Os06g0195800,LOC_Os06g09560,"leaf mesophyll,leaf procambium",Leaf,OsDjC53,PCMDB
Os06g0195900,LOC_Os06g09570,"leaf mesophyll,mestome sheath",Leaf,Os06g0195900,PCMDB
Os06g0196200,LOC_Os06g09600,"leaf epidermis,leaf mesophyll",Leaf,Os06g0196200,PCMDB
Os06g0196300,LOC_Os06g09610,"leaf mesophyll,leaf procambium",Leaf,OsPrx,PCMDB
Os06g0196900,LOC_Os06g09679,"leaf epidermis,leaf mesophyll,mestome sheath,leaf procambium,Mesophyll precursor",Leaf,P0528E04.36-1,PCMDB
Os06g0197600,LOC_Os06g09717,leaf mesophyll,Leaf,Os06g0197600,PCMDB
Os06g0198500,LOC_Os06g09820,"leaf epidermis,leaf mesophyll",Leaf,Os06g0198500,PCMDB
Os06g0198600,LOC_Os06g09830,"leaf epidermis,leaf mesophyll",Leaf,Os06g0198600,PCMDB
Os06g0198700,LOC_Os06g09840,leaf mesophyll,Leaf,Os06g0198700,PCMDB
Os06g0199300,LOC_Os06g09900,leaf mesophyll,Leaf,Os06g0199300,PCMDB
Os06g0199402,LOC_Os06g09900,leaf mesophyll,Leaf,Os06g0199402,PCMDB
Os06g0199500,LOC_Os06g09910,"leaf epidermis,leaf mesophyll,mestome sheath,leaf procambium",Leaf,OsHAL3,PCMDB
Os06g0199800,LOC_Os06g09930,leaf mesophyll,Leaf,OsGPCR,PCMDB
Os06g0201200,LOC_Os06g10020,"leaf epidermis,leaf mesophyll,mestome sheath,leaf procambium",Leaf,Os06g0201200,PCMDB
Os06g0201500,LOC_Os06g10050,"leaf epidermis,leaf mesophyll,mestome sheath,leaf procambium",Leaf,Os06g0201500,PCMDB
Os06g0202100,LOC_Os06g10100,"leaf mesophyll,leaf procambium",Leaf,Os06g0202100,PCMDB
Os06g0202700,LOC_Os06g10130,leaf mesophyll,Leaf,Os06g0202700,PCMDB
Os06g0202900,LOC_Os06g10160,"leaf epidermis,leaf mesophyll,mestome sheath,Leaf preprocambium",Leaf,OsRLCK203,PCMDB
Os06g0203200,LOC_Os06g10170,leaf epidermis,Leaf,OSJNBa0016O19.28-1,PCMDB
Os06g0203600,LOC_Os06g10210,leaf mesophyll,Leaf,CHI2,PCMDB
Os06g0205250,LOC_Os06g10355,leaf mesophyll,Leaf,Os06g0205250,PCMDB
Os06g0206100,LOC_Os06g10430,"leaf mesophyll,leaf procambium",Leaf,Os06g0206100,PCMDB
Os06g0207000,LOC_Os06g10520,"leaf epidermis,leaf mesophyll,mestome sheath,leaf procambium",Leaf,Os06g0207000,PCMDB
Os06g0207966,LOC_Os06g10600,bulliform cell,Leaf,Os06g0207966,PCMDB
Os06g0208100,LOC_Os06g10600,bulliform cell,Leaf,Roc8(t),PCMDB
Os06g0208300,LOC_Os06g10620,"leaf mesophyll,mestome sheath",Leaf,Os06g0208300,PCMDB
Os06g0208700,LOC_Os06g10650,mestome sheath,Leaf,OsPFA-DSP3,PCMDB
Os06g0209100,LOC_Os06g10670,"leaf epidermis,leaf mesophyll",Leaf,Os06g0209100,PCMDB
Os06g0209300,LOC_Os06g10690,leaf epidermis,Leaf,Os06g0209300,PCMDB
Os06g0210100,LOC_Os06g10760,leaf mesophyll,Leaf,Os06g0210100,PCMDB
Os06g0210500,LOC_Os06g10810,"leaf epidermis,leaf mesophyll",Leaf,OsPT18,PCMDB
Os06g0211200,LOC_Os06g10880,"leaf epidermis,leaf mesophyll",Leaf,BZIP46,PCMDB
Os06g0211300,LOC_Os06g10890,"leaf epidermis,leaf mesophyll,mestome sheath,leaf procambium",Leaf,P0701E03.3-1,PCMDB
Os06g0214300,LOC_Os06g11090,leaf epidermis,Leaf,Os06g0214300,PCMDB
Os06g0214800,LOC_Os06g11130,"leaf epidermis,leaf mesophyll,mestome sheath,leaf procambium,Xylem",Leaf,GID1L2,PCMDB
Os06g0215100,LOC_Os06g11150,leaf mesophyll,Leaf,Os06g0215100,PCMDB
Os06g0215200,LOC_Os06g11170,"leaf epidermis,leaf mesophyll,mestome sheath,leaf procambium",Leaf,P0537F07.21-1,PCMDB
Os06g0215900,LOC_Os06g11240,leaf mesophyll,Leaf,OsOPR4,PCMDB
Os06g0216000,LOC_Os06g11260,"leaf epidermis,leaf mesophyll,mestome sheath,leaf procambium",Leaf,OsOPR3,PCMDB
Os06g0216300,LOC_Os06g11290,"leaf epidermis,leaf mesophyll,mestome sheath,leaf procambium",Leaf,OsOPR1,PCMDB
Os06g0218300,LOC_Os06g11450,leaf procambium,Leaf,P0644A02.19,PCMDB
Os06g0218600,LOC_Os06g11490,"leaf epidermis,leaf mesophyll,mestome sheath,leaf procambium,Xylem",Leaf,OsUCL16,PCMDB
Os06g0218800,LOC_Os06g11510,mestome sheath,Leaf,Os06g0218800,PCMDB
Os06g0218900,LOC_Os06g11520,mestome sheath,Leaf,Os06g0218900,PCMDB
Os06g0219500,LOC_Os06g11610,"leaf epidermis,mestome sheath",Leaf,Os06g0219500,PCMDB
Os06g0219700,LOC_Os06g11630,leaf epidermis,Leaf,OsFbox304,PCMDB
Os06g0220800,LOC_Os06g11740,leaf procambium,Leaf,OsAPRL2,PCMDB
Os06g0221200,LOC_Os06g11800,leaf epidermis,Leaf,OsANN5,PCMDB
Os06g0222400,LOC_Os06g11860,leaf mesophyll,Leaf,OsERF#120,PCMDB
Os06g0223100,LOC_Os06g11940,"leaf mesophyll,leaf procambium",Leaf,Os06g0223100,PCMDB
Os06g0223700,LOC_Os06g11980,mestome sheath,Leaf,Os06g0223700,PCMDB
Os06g0224200,LOC_Os06g12030,"leaf mesophyll,leaf procambium",Leaf,OsGRL12,PCMDB
Os06g0224400,LOC_Os06g12040,leaf mesophyll,Leaf,Os06g0224400,PCMDB
Os06g0225800,LOC_Os06g12150,leaf epidermis,Leaf,OsSK2,PCMDB
Os06g0226000,LOC_Os06g12170,"mestome sheath,leaf procambium",Leaf,P0690H04.13-1,PCMDB
Os06g0226600,LOC_Os06g12220,"leaf epidermis,leaf mesophyll,mestome sheath,leaf procambium",Leaf,Os06g0226600,PCMDB
Os06g0226700,LOC_Os06g12230,"leaf mesophyll,mestome sheath,leaf procambium",Leaf,OsTCP19,PCMDB
Os06g0226950,LOC_Os06g12250,leaf mesophyll,Leaf,DSH1,PCMDB
Os06g0229200,LOC_Os06g12390,leaf mesophyll,Leaf,Os06g0229200,PCMDB
Os06g0229400,LOC_Os06g12410,mestome sheath,Leaf,OsGELP81,PCMDB
Os06g0230000,LOC_Os06g12455,leaf,Leaf,Os06g0230000,PCMDB
Os06g0231300,LOC_Os06g12530,leaf epidermis,Leaf,ROX3,PCMDB
Os06g0231600,LOC_Os06g12560,"leaf epidermis,leaf mesophyll,mestome sheath,leaf procambium",Leaf,OsRFPH2-7,PCMDB
Os06g0232000,LOC_Os06g12580,"leaf epidermis,leaf mesophyll,leaf procambium",Leaf,P0479H10.4-1,PCMDB
Os06g0232200,LOC_Os06g12600,leaf mesophyll,Leaf,Os06g0232200,PCMDB
Os06g0232600,LOC_Os06g12630,"leaf mesophyll,leaf procambium",Leaf,OsDHAR2,PCMDB
Os06g0233400,LOC_Os06g12690,"leaf epidermis,mestome sheath",Leaf,Os06g0233400,PCMDB
Os06g0234200,LOC_Os06g12790,"leaf epidermis,leaf mesophyll,mestome sheath,leaf procambium",Leaf,OsRAC4,PCMDB
Os06g0237300,LOC_Os06g13030,"leaf epidermis,leaf procambium",Leaf,Os06g0237300,PCMDB
Os06g0238000,LOC_Os06g13080,"leaf mesophyll,mestome sheath",Leaf,OsPUB20,PCMDB
Os06g0238300,LOC_Os06g13100,"leaf epidermis,leaf mesophyll,mestome sheath,leaf procambium",Leaf,Os06g0238300,PCMDB
Os06g0239100,LOC_Os06g13180,"leaf epidermis,leaf mesophyll,mestome sheath,leaf procambium",Leaf,Os06g0239100,PCMDB
Os06g0239700,LOC_Os06g13220,mestome sheath,Leaf,Os06g0239700,PCMDB
Os06g0246000,LOC_Os06g13680,"leaf epidermis,leaf mesophyll,mestome sheath,leaf procambium",Leaf,Os06g0246000,PCMDB
Os06g0247500,LOC_Os06g13810,mestome sheath,Leaf,OsPFPB,PCMDB
Os06g0247800,LOC_Os06g13820,"leaf mesophyll,mestome sheath,leaf procambium",Leaf,OsDRP2A,PCMDB
Os06g0247900,LOC_Os06g13830,"leaf epidermis,leaf mesophyll,leaf procambium,Leaf preprocambium",Leaf,OsGH9B9,PCMDB
Os06g0248500,LOC_Os06g13870,"leaf epidermis,leaf mesophyll,mestome sheath,leaf procambium",Leaf,OsPUB39,PCMDB
Os06g0248600,LOC_Os06g13880,"leaf epidermis,leaf mesophyll,mestome sheath,leaf initial cell",Leaf,Os06g0248600,PCMDB
Os06g0249350,LOC_Os06g13940,"leaf epidermis,leaf mesophyll,mestome sheath,leaf procambium,leaf initial cell",Leaf,Os06g0249350,PCMDB
Os06g0249350,LOC_Os06g13940,"leaf epidermis,leaf mesophyll,mestome sheath,leaf procambium,leaf initial cell",Leaf,Os06g0249350,PCMDB
Os06g0249350,LOC_Os06g13940,"leaf epidermis,leaf mesophyll,mestome sheath,leaf procambium,Leaf preprocambium",Leaf,Os06g0249350,PCMDB
Os06g0249350,LOC_Os06g13940,"leaf epidermis,leaf mesophyll,mestome sheath,leaf procambium,Leaf preprocambium",Leaf,Os06g0249350,PCMDB
Os06g0252100,LOC_Os06g14180,leaf mesophyll,Leaf,Os06g0252100,PCMDB
Os06g0252300,LOC_Os06g14190,"leaf epidermis,leaf mesophyll",Leaf,Os06g0252300,PCMDB
Os06g0253100,LOC_Os06g14240,"leaf epidermis,leaf mesophyll",Leaf,HSP16.0,PCMDB
Os06g0254300,LOC_Os06g14324,leaf mesophyll,Leaf,P0046H10.37-1,PCMDB
Os06g0254700,LOC_Os06g14370,"leaf epidermis,leaf mesophyll,mestome sheath,leaf procambium",Leaf,Os06g0254700,PCMDB
Os06g0255100,LOC_Os06g14400,leaf mesophyll,Leaf,Os06g0255100,PCMDB
Os06g0255200,LOC_Os06g14406,mestome sheath,Leaf,P0592E11.17-2,PCMDB
Os06g0255400,LOC_Os06g14420,leaf mesophyll,Leaf,Os06g0255400,PCMDB
Os06g0256200,LOC_Os06g14470,leaf mesophyll,Leaf,P0624H09.7-1,PCMDB
Os06g0256300,LOC_Os06g14490,"leaf mesophyll,leaf procambium",Leaf,Os06g0256300,PCMDB
Os06g0256500,LOC_Os06g14510,"leaf epidermis,leaf mesophyll,mestome sheath,leaf procambium",Leaf,Pgi2(Pgib),PCMDB
Os06g0256800,LOC_Os06g14530,leaf mesophyll,Leaf,Os06g0256800,PCMDB
Os06g0257450,LOC_Os06g14620,"leaf epidermis,leaf mesophyll",Leaf,ST1,PCMDB
Os06g0258900,LOC_Os06g14740,leaf mesophyll,Leaf,P0603C10.39-1,PCMDB
Os06g0259000,LOC_Os06g14750,mestome sheath,Leaf,Os06g0259000,PCMDB
Os06g0259901,LOC_Os06g14780,"leaf mesophyll,mestome sheath",Leaf,Os06g0259901,PCMDB
Os06g0260000,LOC_Os06g14780,"leaf mesophyll,mestome sheath,Leaf preprocambium",Leaf,Os06g0260000,PCMDB
Os06g0264300,LOC_Os06g15360,"leaf epidermis,leaf mesophyll,mestome sheath",Leaf,Os06g0264300,PCMDB
Os06g0264500,LOC_Os06g15370,"leaf mesophyll,mestome sheath",Leaf,Os06g0264500,PCMDB
Os06g0264700,LOC_Os06g15390,"leaf mesophyll,leaf procambium",Leaf,Os06g0264700,PCMDB
Os06g0264800,LOC_Os06g15400,"leaf epidermis,leaf mesophyll,mestome sheath,leaf procambium",Leaf,Os06g0264800,PCMDB
Os06g0265000,LOC_Os06g15420,"leaf mesophyll,Mesophyll precursor",Leaf,ASN,PCMDB
Os06g0266800,LOC_Os06g15620,"leaf epidermis,leaf mesophyll",Leaf,OsGSR1,PCMDB
Os06g0267900,LOC_Os06g15730,"vascular leaf,leaf",Leaf,Os06g0267900,PCMDB
Os06g0268700,LOC_Os06g15760,"leaf epidermis,leaf mesophyll,mestome sheath,leaf procambium",Leaf,Os06g0268700,PCMDB
Os06g0273700,LOC_Os06g16250,leaf procambium,Leaf,Lip,PCMDB
Os06g0273800,LOC_Os06g16260,leaf epidermis,Leaf,OsSigP5,PCMDB
Os06g0274000,LOC_Os06g16270,leaf mesophyll,Leaf,OsHSBP2,PCMDB
Os06g0274200,LOC_Os06g16290,"leaf epidermis,leaf mesophyll",Leaf,Nhp2,PCMDB
Os06g0274300,LOC_Os06g16300,leaf mesophyll,Leaf,SEPK1,PCMDB
Os06g0274800,LOC_Os06g16350,mestome sheath,Leaf,prx77,PCMDB
Os06g0275500,LOC_Os06g16390,"leaf epidermis,leaf mesophyll",Leaf,CLF,PCMDB
Os06g0275700,LOC_Os06g16410,leaf mesophyll,Leaf,OsPUB22,PCMDB
Os06g0275800,LOC_Os06g16420,"leaf mesophyll,mestome sheath",Leaf,NAA,PCMDB
Os06g0280900,LOC_Os06g16919,"leaf epidermis,leaf mesophyll,mestome sheath,leaf procambium",Leaf,Os06g0280900,PCMDB
Os06g0282000,LOC_Os06g17020,"leaf mesophyll,mestome sheath",Leaf,Os06g0282000,PCMDB
Os06g0284200,LOC_Os06g17390,"leaf epidermis,leaf mesophyll,mestome sheath,leaf procambium",Leaf,Os06g0284200,PCMDB
Os06g0284800,LOC_Os06g17440,"leaf epidermis,leaf mesophyll",Leaf,Os06g0284800,PCMDB
Os06g0286375,LOC_Os06g17870,"leaf mesophyll,leaf procambium",Leaf,Os06g0286375,PCMDB
Os06g0286400,LOC_Os06g17870,"leaf mesophyll,leaf procambium",Leaf,Os06g0286400,PCMDB
Os06g0288100,LOC_Os06g18000,"leaf mesophyll,mestome sheath,leaf procambium",Leaf,PK,PCMDB
Os06g0289200,LOC_Os06g18140,mestome sheath,Leaf,UGT,PCMDB
Os06g0291500,LOC_Os06g18820,"leaf epidermis,leaf mesophyll",Leaf,Os06g0291500,PCMDB
Os06g0294600,LOC_Os06g19070,"leaf epidermis,leaf mesophyll,leaf procambium",Leaf,Os06g0294600,PCMDB
Os06g0294950,LOC_Os06g19095,leaf,Leaf,Os06g0294950,PCMDB
Os06g0295000,LOC_Os06g19110,leaf,Leaf,Os06g0295000,PCMDB
Os06g0297400,LOC_Os06g19370,leaf procambium,Leaf,Os06g0297400,PCMDB
Os06g0298200,LOC_Os06g19444,"leaf epidermis,mestome sheath",Leaf,OsBBX19,PCMDB
Os06g0301000,LOC_Os06g19680,mestome sheath,Leaf,OsHrd1,PCMDB
Os06g0301100,LOC_Os06g19690,"leaf epidermis,leaf mesophyll,mestome sheath,leaf procambium",Leaf,Os06g0301100,PCMDB
Os06g0301300,LOC_Os06g19730,"leaf epidermis,leaf mesophyll,mestome sheath,leaf procambium",Leaf,Os06g0301300,PCMDB
Os06g0301500,LOC_Os06g19750,"leaf epidermis,leaf mesophyll,mestome sheath,leaf procambium",Leaf,Os06g0301500,PCMDB
Os06g0303800,LOC_Os06g19990,leaf procambium,Leaf,Os06g0303800,PCMDB
Os06g0306600,LOC_Os06g20200,"leaf mesophyll,Mesophyll precursor",Leaf,Os06g0306600,PCMDB
Os06g0308000,LOC_Os06g20320,leaf mesophyll,Leaf,OsTIG,PCMDB
Os06g0308100,LOC_Os06g20340,mestome sheath,Leaf,OsIBR5,PCMDB
Os06g0308900,LOC_Os06g20400,mestome sheath,Leaf,Os06g0308900,PCMDB
Os06g0311600,LOC_Os06g20620,"leaf mesophyll,leaf procambium",Leaf,MAN6,PCMDB
Os06g0315000,LOC_Os06g20960,"leaf mesophyll,mestome sheath,leaf procambium",Leaf,Os06g0315000,PCMDB
Os06g0316000,LOC_Os06g21110,vascular leaf,Leaf,Os2H16,PCMDB
Os06g0317600,LOC_Os06g21270,"leaf epidermis,leaf sheath",Leaf,Os06g0317600,PCMDB
Os06g0318200,LOC_Os06g21330,"leaf epidermis,leaf mesophyll,leaf procambium",Leaf,Os06g0318200,PCMDB
Os06g0318300,LOC_Os06g21340,leaf epidermis,Leaf,P0468A12.27-2,PCMDB
Os06g0319600,LOC_Os06g21470,"leaf mesophyll,leaf procambium",Leaf,Os06g0319600,PCMDB
Os06g0320000,LOC_Os06g21550,leaf mesophyll,Leaf,Os06g0320000,PCMDB
Os06g0320500,LOC_Os06g21590,"leaf epidermis,leaf mesophyll,mestome sheath,leaf procambium,Mesophyll precursor",Leaf,Os06g0320500,PCMDB
Os06g0326000,LOC_Os06g22030,"leaf epidermis,leaf mesophyll",Leaf,Os06g0326000,PCMDB
Os06g0326500,LOC_Os06g22070,leaf mesophyll,Leaf,Os06g0326500,PCMDB
Os06g0326700,LOC_Os06g22080,leaf mesophyll,Leaf,Os06g0326700,PCMDB
Os06g0329200,LOC_Os06g22380,"leaf epidermis,mestome sheath",Leaf,Os06g0329200,PCMDB
Os06g0329350,LOC_Os06g22394,"leaf mesophyll,mestome sheath,leaf procambium",Leaf,Os06g0329350,PCMDB
Os06g0332400,LOC_Os06g22650,mestome sheath,Leaf,Os06g0332400,PCMDB
Os06g0332500,LOC_Os06g22654,"leaf epidermis,leaf mesophyll,leaf procambium",Leaf,Os06g0332500,PCMDB
Os06g0332600,LOC_Os06g22660,leaf mesophyll,Leaf,Os06g0332600,PCMDB
Os06g0332800,LOC_Os06g22690,"leaf epidermis,leaf mesophyll,mestome sheath,leaf procambium,Mesophyll precursor",Leaf,Os06g0332800,PCMDB
Os06g0334400,LOC_Os06g22820,leaf epidermis,Leaf,CDKF,PCMDB
Os06g0335500,LOC_Os06g22870,"leaf epidermis,leaf mesophyll,mestome sheath,leaf procambium,Mesophyll precursor",Leaf,OsIAA21,PCMDB
Os06g0336200,LOC_Os06g22960,"leaf mesophyll,leaf epidermis,leaf procambium",Leaf,OsTIP2,PCMDB
Os06g0340200,LOC_Os06g23274,leaf epidermis,Leaf,P0428A03.13-1,PCMDB
Os06g0342100,LOC_Os06g23430,"leaf epidermis,leaf mesophyll",Leaf,SRP19,PCMDB
Os06g0342200,LOC_Os06g23440,"leaf epidermis,leaf mesophyll,mestome sheath,leaf procambium",Leaf,OseIF1A-2,PCMDB
Os06g0345200,LOC_Os06g23684,leaf mesophyll,Leaf,OsNAAT4,PCMDB
Os06g0347100,LOC_Os06g23870,leaf mesophyll,Leaf,Os06g0347100,PCMDB
Os06g0354600,LOC_Os06g24711,"leaf epidermis,leaf mesophyll",Leaf,Os06g0354600,PCMDB
Os06g0356800,LOC_Os06g25010,"leaf mesophyll,leaf procambium",Leaf,Os06g0356800,PCMDB
Os06g0361750,LOC_Os06g25605,leaf mesophyll,Leaf,Os06g0361750,PCMDB
Os06g0470000,LOC_Os06g27560,"leaf epidermis,leaf mesophyll,leaf procambium",Leaf,Os06g0470000,PCMDB
Os06g0472000,LOC_Os06g27760,leaf mesophyll,Leaf,OsMSRB1,PCMDB
Os06g0472200,LOC_Os06g27770,"leaf epidermis,leaf mesophyll,leaf procambium",Leaf,Os06g0472200,PCMDB
Os06g0472700,LOC_Os06g27830,leaf epidermis,Leaf,Os06g0472700,PCMDB
Os06g0476200,LOC_Os06g28194,vascular leaf,Leaf,Os06g0476200,PCMDB
Os06g0479200,LOC_Os06g28524,"leaf epidermis,leaf mesophyll,leaf procambium",Leaf,Os06g0479200,PCMDB
Os06g0484500,LOC_Os06g28950,"leaf epidermis,leaf mesophyll",Leaf,Os06g0484500,PCMDB
Os06g0486800,LOC_Os06g29180,leaf mesophyll,Leaf,OsFDH,PCMDB
Os06g0486900,LOC_Os06g29220,mestome sheath,Leaf,FDH2,PCMDB
Os06g0494000,LOC_Os06g29804,"leaf epidermis,leaf mesophyll,leaf procambium",Leaf,B1423D04.24-1,PCMDB
Os06g0494100,LOC_Os06g29810,"leaf mesophyll,mestome sheath",Leaf,Pi-d2,PCMDB
Os06g0498800,LOC_Os06g30370,"leaf epidermis,leaf mesophyll,mestome sheath,leaf procambium",Leaf,OsMFT1,PCMDB
Os06g0499900,LOC_Os06g30460,leaf procambium,Leaf,Os06g0499900,PCMDB
Os06g0501900,LOC_Os06g30640,leaf mesophyll,Leaf,CYP76M9,PCMDB
Os06g0502900,LOC_Os06g30710,"leaf mesophyll,leaf procambium",Leaf,Os06g0502900,PCMDB
Os06g0503600,LOC_Os06g30820,leaf mesophyll,Leaf,Os06g0503600,PCMDB
Os06g0505400,LOC_Os06g30910,leaf mesophyll,Leaf,Os06g0505400,PCMDB
Os06g0506000,LOC_Os06g30930,leaf mesophyll,Leaf,Os06g0506000,PCMDB
Os06g0506200,LOC_Os06g30950,"leaf epidermis,leaf mesophyll,mestome sheath,leaf procambium,Xylem",Leaf,Os06g0506200,PCMDB
Os06g0507300,LOC_Os06g31090,"leaf epidermis,leaf mesophyll,leaf procambium",Leaf,Os06g0507300,PCMDB
Os06g0507400,LOC_Os06g31100,leaf mesophyll,Leaf,Os06g0507400,PCMDB
Os06g0521400,LOC_Os06g32980,"leaf epidermis,leaf mesophyll,mestome sheath,leaf procambium",Leaf,prx84,PCMDB
Os06g0521500,LOC_Os06g32990,"leaf mesophyll,mestome sheath,leaf procambium",Leaf,prx83,PCMDB
Os06g0529800,LOC_Os06g33810,leaf epidermis,Leaf,Os06g0529800,PCMDB
Os06g0529900,LOC_Os06g33880,"leaf epidermis,leaf mesophyll,leaf procambium",Leaf,Os06g0529900,PCMDB
Os06g0530300,LOC_Os06g33930,leaf procambium,Leaf,Os06g0530300,PCMDB
Os06g0531200,LOC_Os06g34040,leaf mesophyll,Leaf,OsDJ-1E,PCMDB
Os06g0531600,LOC_Os06g34070,leaf mesophyll,Leaf,OsGELP84,PCMDB
Os06g0531900,LOC_Os06g34120,"leaf epidermis,leaf mesophyll,leaf procambium",Leaf,OsGELP85,PCMDB
Os06g0535400,LOC_Os06g34450,"leaf mesophyll,mestome sheath,leaf procambium",Leaf,Os06g0535400,PCMDB
Os06g0537600,LOC_Os06g34650,leaf procambium,Leaf,Os06g0537600,PCMDB
Os06g0538000,LOC_Os06g34690,leaf mesophyll,Leaf,Os06g0538000,PCMDB
Os06g0538900,LOC_Os06g34790,"leaf epidermis,leaf mesophyll,mestome sheath",Leaf,Os06g0538900,PCMDB
Os06g0539400,LOC_Os06g34830,"leaf mesophyll,leaf procambium",Leaf,OsCAT6,PCMDB
Os06g0539500,LOC_Os06g34840,mestome sheath,Leaf,OsLTP1.6,PCMDB
Os06g0542100,LOC_Os06g35030,"leaf mesophyll,leaf procambium",Leaf,Os06g0542100,PCMDB
Os06g0543400,LOC_Os06g35160,"leaf epidermis,leaf mesophyll,leaf procambium",Leaf,OsCIPK25,PCMDB
Os06g0545900,LOC_Os06g35410,"leaf epidermis,leaf mesophyll,mestome sheath",Leaf,Os06g0545900,PCMDB
Os06g0546500,LOC_Os06g35480,"leaf mesophyll,leaf procambium,Mesophyll precursor",Leaf,prx88,PCMDB
Os06g0547400,LOC_Os06g35520,"leaf epidermis,leaf mesophyll,leaf procambium",Leaf,prx86,PCMDB
Os06g0548000,LOC_Os06g35540,leaf mesophyll,Leaf,Os06g0548000,PCMDB
Os06g0548200,LOC_Os06g35560,"leaf mesophyll,mestome sheath,leaf procambium",Leaf,Os06g0548200,PCMDB
Os06g0549600,LOC_Os06g35650,"mestome sheath,leaf procambium",Leaf,Os06g0549600,PCMDB
Os06g0550000,LOC_Os06g35730,"leaf epidermis,leaf mesophyll",Leaf,Os06g0550000,PCMDB
Os06g0550800,LOC_Os06g35770,"leaf mesophyll,leaf procambium",Leaf,Os06g0550800,PCMDB
Os06g0551400,LOC_Os06g35814,mestome sheath,Leaf,OsRab11,PCMDB
Os06g0552400,LOC_Os06g35910,leaf epidermis,Leaf,P0427B07.10-1,PCMDB
Os06g0553200,LOC_Os06g35970,"leaf epidermis,leaf mesophyll,mestome sheath,leaf procambium",Leaf,PFL,PCMDB
Os06g0554200,LOC_Os06g36040,leaf,Leaf,Os06g0554200,PCMDB
Os06g0554600,LOC_Os06g36070,mestome sheath,Leaf,Os06g0554600,PCMDB
Os06g0554800,LOC_Os06g36090,"leaf mesophyll,leaf procambium",Leaf,OsABCG42,PCMDB
Os06g0555400,LOC_Os06g36160,"leaf epidermis,leaf mesophyll,leaf procambium",Leaf,Os06g0555400,PCMDB
Os06g0556000,LOC_Os06g36180,leaf mesophyll,Leaf,OsAAP12A,PCMDB
Os06g0558700,LOC_Os06g36360,leaf mesophyll,Leaf,Os06g0558700,PCMDB
Os06g0558766,LOC_Os06g36360,leaf mesophyll,Leaf,Os06g0558766,PCMDB
Os06g0558900,LOC_Os06g36380,"leaf mesophyll,mestome sheath",Leaf,Os06g0558900,PCMDB
Os06g0559400,LOC_Os06g36390,"leaf mesophyll,mestome sheath",Leaf,Os06g0559400,PCMDB
Os06g0559500,LOC_Os06g36400,"leaf epidermis,leaf mesophyll,mestome sheath,leaf procambium",Leaf,Os06g0559500,PCMDB
Os06g0560400,LOC_Os06g36490,"leaf epidermis,leaf mesophyll,mestome sheath,leaf procambium",Leaf,Os06g0560400,PCMDB
Os06g0561000,LOC_Os06g36560,"leaf epidermis,leaf mesophyll,mestome sheath,leaf procambium",Leaf,OsMIOX,PCMDB
Os06g0562200,LOC_Os06g36670,mestome sheath,Leaf,OsPYL/RCAR9,PCMDB
Os06g0562600,LOC_Os06g36700,"leaf epidermis,leaf mesophyll",Leaf,Os06g0562600,PCMDB
Os06g0563000,LOC_Os06g36740,leaf epidermis,Leaf,Os06g0563000,PCMDB
Os06g0565900,LOC_Os06g36990,mestome sheath,Leaf,Os06g0565900,PCMDB
Os06g0566100,LOC_Os06g37000,leaf mesophyll,Leaf,Os06g0566100,PCMDB
Os06g0566300,LOC_Os06g37010,leaf epidermis,Leaf,OsZIP10,PCMDB
Os06g0566500,LOC_Os06g37020,leaf epidermis,Leaf,P0513E02.32-2,PCMDB
Os06g0568200,LOC_Os06g37180,"leaf epidermis,leaf mesophyll",Leaf,OsVHA-B,PCMDB
Os06g0571400,LOC_Os06g37440,leaf mesophyll,Leaf,OsEF1G2,PCMDB
Os06g0574100,LOC_Os06g37610,leaf mesophyll,Leaf,Os06g0574100,PCMDB
Os06g0574200,LOC_Os06g37620,"leaf mesophyll,mestome sheath,leaf procambium",Leaf,OsPUB47,PCMDB
Os06g0579200,LOC_Os06g38120,leaf procambium,Leaf,OsLCT1,PCMDB
Os06g0579201,LOC_Os06g38115,"leaf epidermis,leaf procambium",Leaf,Os06g0579201,PCMDB
Os06g0580100,LOC_Os06g38210,leaf mesophyll,Leaf,Os06g0580100,PCMDB
Os06g0581000,LOC_Os06g38294,mestome sheath,Leaf,OsNRT1.2,PCMDB
Os06g0581300,LOC_Os06g38320,"leaf mesophyll,leaf procambium",Leaf,P0566A10.33-2,PCMDB
Os06g0581500,LOC_Os06g38340,flag leaf,Leaf,Os06g0581500,PCMDB
Os06g0581701,LOC_Os06g38350,leaf,Leaf,Os06g0581701,PCMDB
Os06g0582400,LOC_Os06g38430,"leaf mesophyll,leaf procambium",Leaf,Os06g0582400,PCMDB
Os06g0582600,LOC_Os06g38450,vascular leaf,Leaf,Os06g0582600,PCMDB
Os06g0583400,LOC_Os06g38470,"leaf epidermis,leaf mesophyll",Leaf,HDAC1,PCMDB
Os06g0586000,LOC_Os06g38660,"leaf mesophyll,mestome sheath",Leaf,OSJNBb0035K09.20,PCMDB
Os06g0588900,LOC_Os06g38940,"leaf epidermis,mestome sheath",Leaf,Os06g0588900,PCMDB
Os06g0589500,LOC_Os06g38960,"leaf epidermis,leaf mesophyll,mestome sheath,leaf procambium,Xylem",Leaf,Os06g0589500,PCMDB
Os06g0590301,LOC_Os06g39040,leaf mesophyll,Leaf,Os06g0590301,PCMDB
Os06g0591600,LOC_Os06g39140,"leaf mesophyll,leaf procambium",Leaf,Os06g0591600,PCMDB
Os06g0592500,LOC_Os06g39240,"leaf epidermis,leaf mesophyll,mestome sheath",Leaf,Os06g0592500,PCMDB
Os06g0593100,LOC_Os06g39260,"leaf epidermis,leaf procambium",Leaf,Os06g0593100,PCMDB
Os06g0593200,LOC_Os06g39270,leaf mesophyll,Leaf,Os06g0593200,PCMDB
Os06g0594100,LOC_Os06g39344,"leaf epidermis,leaf mesophyll,leaf procambium",Leaf,OsCRO,PCMDB
Os06g0594400,LOC_Os06g39370,mestome sheath,Leaf,OsKMD2,PCMDB
Os06g0594600,LOC_Os06g39390,"mestome sheath,leaf procambium",Leaf,OsAT10,PCMDB
Os06g0595800,LOC_Os06g39470,"leaf epidermis,mestome sheath",Leaf,OsAT8,PCMDB
Os06g0596300,LOC_Os06g39520,leaf mesophyll,Leaf,Os06g0596300,PCMDB
Os06g0597000,LOC_Os06g39590,"leaf epidermis,leaf mesophyll",Leaf,OsIAA23,PCMDB
Os06g0597250,LOC_Os06g39624,"leaf epidermis,leaf mesophyll,leaf procambium",Leaf,Os06g0597250,PCMDB
Os06g0597600,LOC_Os06g39660,leaf mesophyll,Leaf,Os06g0597600,PCMDB
Os06g0598800,LOC_Os06g39750,"leaf epidermis,leaf mesophyll",Leaf,WSL1,PCMDB
Os06g0598900,LOC_Os06g39760,leaf mesophyll,Leaf,OsWD40-130,PCMDB
Os06g0600301,LOC_Os06g39875,"leaf mesophyll,leaf procambium,Leaf preprocambium",Leaf,RAN3,PCMDB
Os06g0600400,LOC_Os06g39880,"leaf mesophyll,mestome sheath,leaf procambium",Leaf,OsCYP734A4,PCMDB
Os06g0601000,LOC_Os06g39906,"leaf mesophyll,Mesophyll precursor",Leaf,Os06g0601000,PCMDB
Os06g0601100,LOC_Os06g39912,"leaf epidermis,leaf mesophyll,mestome sheath,leaf procambium",Leaf,Os06g0601100,PCMDB
Os06g0602700,LOC_Os06g40050,mestome sheath,Leaf,BT1-3,PCMDB
Os06g0602800,LOC_Os06g40060,"leaf epidermis,leaf mesophyll",Leaf,Os06g0602800,PCMDB
Os06g0603000,LOC_Os06g40080,"leaf epidermis,leaf mesophyll",Leaf,SE5,PCMDB
Os06g0603300,LOC_Os06g40090,"leaf epidermis,leaf mesophyll",Leaf,OsVQ23,PCMDB
Os06g0603600,LOC_Os06g40120,"leaf epidermis,leaf mesophyll,mestome sheath,leaf procambium",Leaf,OsSPX1,PCMDB
Os06g0604000,LOC_Os06g40150,leaf epidermis,Leaf,Os06ERF,PCMDB
Os06g0604200,LOC_Os06g40170,mestome sheath,Leaf,OsPLDalpha4,PCMDB
Os06g0605900,LOC_Os06g40360,leaf procambium,Leaf,OsFbox316,PCMDB
Os06g0606100,LOC_Os06g40415,"leaf mesophyll,mestome sheath",Leaf,Os06g0606100,PCMDB
Os06g0606800,LOC_Os06g40450,leaf mesophyll,Leaf,P0029C06.13-3,PCMDB
Os06g0607000,LOC_Os06g40490,"leaf mesophyll,leaf procambium",Leaf,Os06g0607000,PCMDB
Os06g0608600,LOC_Os06g40630,mestome sheath,Leaf,Os06g0608600,PCMDB
Os06g0608700,LOC_Os06g40640,leaf mesophyll,Leaf,OsAld-Y,PCMDB
Os06g0608800,LOC_Os06g40650,"leaf epidermis,leaf mesophyll,mestome sheath,leaf procambium",Leaf,P0556B08.19-2,PCMDB
Os06g0609450,LOC_Os06g40704,"leaf epidermis,leaf mesophyll,leaf procambium",Leaf,Os06g0609450,PCMDB
Os06g0609600,LOC_Os06g40720,"leaf epidermis,leaf mesophyll,mestome sheath,leaf procambium",Leaf,Os06g0609600,PCMDB
Os06g0609800,LOC_Os06g40740,leaf epidermis,Leaf,Os06g0609800,PCMDB
Os06g0610000,LOC_Os06g40760,leaf procambium,Leaf,Os06g0610000,PCMDB
Os06g0611900,LOC_Os06g40940,"leaf mesophyll,Mesophyll precursor",Leaf,Os06g0611900,PCMDB
Os06g0612800,LOC_Os06g41010,leaf mesophyll,Leaf,Osi-SAP8,PCMDB
Os06g0614400,LOC_Os06g41120,"leaf epidermis,leaf mesophyll,mestome sheath,leaf procambium",Leaf,Os06g0614400,PCMDB
Os06g0616400,LOC_Os06g41240,"leaf epidermis,leaf mesophyll",Leaf,Os06g0616400,PCMDB
Os06g0617800,LOC_Os06g41360,"leaf epidermis,leaf mesophyll",Leaf,Os06g0617800,PCMDB
Os06g0620600,LOC_Os06g41590,leaf epidermis,Leaf,Os06g0620600,PCMDB
Os06g0620700,LOC_Os06g41600,"leaf procambium,Leaf preprocambium",Leaf,Os06g0620700,PCMDB
Os06g0622700,LOC_Os06g41770,"leaf mesophyll,mestome sheath,leaf procambium",Leaf,BZIP50,PCMDB
Os06g0623600,LOC_Os06g41840,"leaf mesophyll,leaf procambium",Leaf,OsCCR7,PCMDB
Os06g0625500,LOC_Os06g42000,"leaf epidermis,leaf mesophyll,leaf procambium",Leaf,OsPrxII,PCMDB
Os06g0626200,LOC_Os06g42060,"leaf epidermis,leaf mesophyll",Leaf,Os06g0626200,PCMDB
Os06g0630300,LOC_Os06g42430,mestome sheath,Leaf,Os06g0630300,PCMDB
Os06g0631300,LOC_Os06g42490,"leaf epidermis,leaf mesophyll",Leaf,Os06g0631300,PCMDB
Os06g0633500,LOC_Os06g42700,leaf mesophyll,Leaf,Os06g0633500,PCMDB
Os06g0633800,LOC_Os06g42720,"leaf mesophyll,leaf procambium",Leaf,OsATL5,PCMDB
Os06g0634300,LOC_Os06g42790,"leaf epidermis,leaf mesophyll,leaf procambium",Leaf,Os06g0634300,PCMDB
Os06g0636600,LOC_Os06g43030,mestome sheath,Leaf,HT1,PCMDB
Os06g0637500,LOC_Os06g43090,leaf mesophyll,Leaf,R2R3-MYB,PCMDB
Os06g0638100,LOC_Os06g43130,leaf mesophyll,Leaf,Os06g0638100,PCMDB
Os06g0638200,LOC_Os06g43140,"leaf mesophyll,mestome sheath,leaf procambium",Leaf,Os06g0638200,PCMDB
Os06g0638500,LOC_Os06g43170,leaf procambium,Leaf,P0523F01.24,PCMDB
Os06g0638900,LOC_Os06g43190,"leaf mesophyll,leaf procambium",Leaf,Os06g0638900,PCMDB
Os06g0639800,LOC_Os06g43304,leaf sheath,Leaf,OsCYP71Y7,PCMDB
Os06g0641800,LOC_Os06g43430,"leaf mesophyll,leaf procambium",Leaf,OsCYP71K9,PCMDB
Os06g0643100,LOC_Os06g43570,"leaf epidermis,leaf mesophyll",Leaf,OsPBC1,PCMDB
Os06g0643500,LOC_Os06g43600,"leaf mesophyll,leaf procambium,Mesophyll precursor",Leaf,Os06g0643500,PCMDB
Os06g0643700,LOC_Os06g43620,"leaf epidermis,mestome sheath",Leaf,ADIPOR1,PCMDB
Os06g0643800,LOC_Os06g43630,leaf mesophyll,Leaf,OsSPS6,PCMDB
Os06g0644100,LOC_Os06g43650,leaf epidermis,Leaf,Os06g0644100,PCMDB
Os06g0644200,LOC_Os06g43660,leaf epidermis,Leaf,OVP1,PCMDB
Os06g0644500,LOC_Os06g43680,leaf epidermis,Leaf,Os06g0644500,PCMDB
Os06g0644700,LOC_Os06g43700,"leaf mesophyll,leaf procambium",Leaf,OsATL1,PCMDB
Os06g0644800,LOC_Os06g43710,"leaf epidermis,leaf mesophyll,leaf procambium",Leaf,OsOS-9,PCMDB
Os06g0646100,LOC_Os06g43810,leaf procambium,Leaf,Os06g0646100,PCMDB
Os06g0646400,LOC_Os06g43840,leaf mesophyll,Leaf,Os06g0646400,PCMDB
Os06g0646500,LOC_Os06g43850,"leaf epidermis,leaf mesophyll,mestome sheath,leaf procambium",Leaf,Os06g0646500,PCMDB
Os06g0646600,LOC_Os06g43860,"leaf epidermis,leaf mesophyll,mestome sheath,leaf procambium",Leaf,HOS59,PCMDB
Os06g0647100,LOC_Os06g43900,"leaf epidermis,leaf mesophyll,mestome sheath,leaf procambium,Mesophyll precursor",Leaf,Os06g0647100,PCMDB
Os06g0647400,LOC_Os06g43930,"leaf mesophyll,mestome sheath,leaf procambium",Leaf,OsProCP2,PCMDB
Os06g0649000,LOC_Os06g44010,"leaf mesophyll,mestome sheath",Leaf,WRKY28,PCMDB
Os06g0649600,LOC_Os06g44034,"leaf epidermis,leaf mesophyll,mestome sheath,leaf procambium",Leaf,Os06g0649600,PCMDB
Os06g0649900,LOC_Os06g44060,"leaf mesophyll,mestome sheath,leaf procambium",Leaf,OsPLDvarphi,PCMDB
Os06g0650100,LOC_Os06g44080,leaf mesophyll,Leaf,RUB2,PCMDB
Os06g0650600,LOC_Os06g44140,"mestome sheath,leaf procambium",Leaf,Os06g0650600,PCMDB
Os06g0650900,LOC_Os06g44160,leaf procambium,Leaf,OsDjC56,PCMDB
Os06g0651000,LOC_Os06g44170,"leaf epidermis,leaf mesophyll,mestome sheath,leaf procambium",Leaf,DHFR,PCMDB
Os06g0651600,LOC_Os06g44210,"leaf epidermis,leaf mesophyll,mestome sheath,leaf procambium",Leaf,OsPP2C58,PCMDB
Os06g0651900,LOC_Os06g44220,vascular leaf,Leaf,OsRCI2-9,PCMDB
Os06g0652200,LOC_Os06g44250,"leaf epidermis,leaf mesophyll,mestome sheath,leaf procambium",Leaf,Os06g0652200,PCMDB
Os06g0653100,LOC_Os06g44310,mestome sheath,Leaf,OsTET10,PCMDB
Os06g0653800,LOC_Os06g44370,"leaf mesophyll,leaf procambium",Leaf,OsWD40-133,PCMDB
Os06g0654900,LOC_Os06g44450,leaf mesophyll,Leaf,OsBBX20,PCMDB
Os06g0655500,LOC_Os06g44500,mestome sheath,Leaf,OsFbox319,PCMDB
Os06g0656300,LOC_Os06g44610,leaf epidermis,Leaf,Os06g0656300,PCMDB
Os06g0656500,LOC_Os06g44620,"leaf mesophyll,mestome sheath,leaf procambium",Leaf,4CL4,PCMDB
Os06g0659200,LOC_Os06g44870,leaf mesophyll,Leaf,Os06g0659200,PCMDB
Os06g0659300,LOC_Os06g44890,mestome sheath,Leaf,VLN3,PCMDB
Os06g0659500,LOC_Os06g44910,"leaf epidermis,leaf mesophyll",Leaf,OsGRX18,PCMDB
Os06g0661500,LOC_Os06g45060,"leaf epidermis,leaf mesophyll,mestome sheath",Leaf,Os06g0661500,PCMDB
Os06g0661766,LOC_Os06g45090,"leaf epidermis,leaf mesophyll,mestome sheath,leaf procambium",Leaf,Os06g0661766,PCMDB
Os06g0662000,LOC_Os06g45120,leaf mesophyll,Leaf,PLS1,PCMDB
Os06g0662200,LOC_Os06g45140,"leaf epidermis,leaf mesophyll,mestome sheath,leaf procambium",Leaf,OsbZIP52,PCMDB
Os06g0662550,LOC_Os06g45184,"leaf epidermis,leaf mesophyll,mestome sheath,leaf procambium",Leaf,Os06g0662550,PCMDB
Os06g0663200,LOC_Os06g45280,leaf mesophyll,Leaf,OsRLCK211,PCMDB
Os06g0663400,LOC_Os06g45300,"leaf epidermis,leaf mesophyll,leaf procambium",Leaf,OsDPK3,PCMDB
Os06g0663800,LOC_Os06g45340,leaf mesophyll,Leaf,OsFKBP13,PCMDB
Os06g0663900,LOC_Os06g45350,leaf epidermis,Leaf,OsRLCK212,PCMDB
Os06g0664300,LOC_Os06g45380,leaf epidermis,Leaf,Os06g0664300,PCMDB
Os06g0665100,LOC_Os06g45440,leaf mesophyll,Leaf,Os06g0665100,PCMDB
Os06g0665500,LOC_Os06g45480,leaf mesophyll,Leaf,OsAAH,PCMDB
Os06g0665800,LOC_Os06g45500,"leaf epidermis,leaf mesophyll,leaf procambium",Leaf,HMA9,PCMDB
Os06g0665900,LOC_Os06g45510,"leaf epidermis,leaf mesophyll,mestome sheath,leaf procambium",Leaf,Os06g0665900,PCMDB
Os06g0666400,LOC_Os06g45570,leaf mesophyll,Leaf,OsVQ25,PCMDB
Os06g0667100,LOC_Os06g45640,leaf epidermis,Leaf,OsHAP5B,PCMDB
Os06g0667500,LOC_Os06g45660,"leaf epidermis,leaf mesophyll,mestome sheath,leaf procambium",Leaf,Os06g0667500,PCMDB
Os06g0667600,LOC_Os06g45670,leaf epidermis,Leaf,P0637D03.44-1,PCMDB
Os06g0669400,LOC_Os06g45820,"leaf mesophyll,Mesophyll precursor",Leaf,OsFtsH2,PCMDB
Os06g0670000,LOC_Os06g45860,"leaf epidermis,leaf mesophyll",Leaf,MCSU3,PCMDB
Os06g0670300,LOC_Os06g45890,"leaf epidermis,leaf mesophyll,mestome sheath,leaf procambium",Leaf,OsMPH1,PCMDB
Os06g0671150,LOC_Os06g45950,leaf procambium,Leaf,OsSAUR25,PCMDB
Os06g0671900,LOC_Os06g46000,"leaf epidermis,leaf mesophyll",Leaf,OsTUB3,PCMDB
Os06g0672700,LOC_Os06g46060,mestome sheath,Leaf,Os06g0672700,PCMDB
Os06g0672801,LOC_Os06g46065,leaf procambium,Leaf,Os06g0672801,PCMDB
Os06g0676600,LOC_Os06g46330,leaf procambium,Leaf,OsRLCK213,PCMDB
Os06g0676700,LOC_Os06g46340,"leaf mesophyll,Mesophyll precursor",Leaf,B1153E06.13-2,PCMDB
Os06g0677300,LOC_Os06g46366,leaf procambium,Leaf,OsRFPV-5,PCMDB
Os06g0677400,LOC_Os06g46372,"leaf epidermis,mestome sheath",Leaf,P0710B08.14-1,PCMDB
Os06g0677800,LOC_Os06g46410,"leaf mesophyll,mestome sheath,Leaf preprocambium",Leaf,OsARF17,PCMDB
Os06g0678200,LOC_Os06g46450,"leaf epidermis,leaf mesophyll,leaf procambium",Leaf,OsSPS1,PCMDB
Os06g0678500,LOC_Os06g46460,vascular leaf,Leaf,Os06g0678500,PCMDB
Os06g0678800,LOC_Os06g46500,leaf mesophyll,Leaf,Os06g0678800,PCMDB
Os06g0679500,LOC_Os06g46570,leaf epidermis,Leaf,P0003H08.14-2,PCMDB
Os06g0680700,LOC_Os06g46680,"leaf epidermis,leaf mesophyll",Leaf,Os06g0680700,PCMDB
Os06g0681200,LOC_Os06g46740,"leaf mesophyll,leaf procambium",Leaf,OsENODL18,PCMDB
Os06g0681600,LOC_Os06g46799,"leaf epidermis,leaf mesophyll,leaf procambium",Leaf,prx89,PCMDB
Os06g0681700,LOC_Os06g46820,mestome sheath,Leaf,Os06g0681700,PCMDB
Os06g0682900,LOC_Os06g46900,"leaf epidermis,leaf mesophyll,mestome sheath,leaf procambium",Leaf,HSA32,PCMDB
Os06g0683100,LOC_Os06g46920,leaf mesophyll,Leaf,Os06g0683100,PCMDB
Os06g0683200,LOC_Os06g46930,"leaf mesophyll,leaf epidermis,mestome sheath,leaf procambium,Mesophyll precursor",Leaf,Os06g0683200,PCMDB
Os06g0683400,LOC_Os06g46950,"leaf epidermis,leaf mesophyll,mestome sheath,leaf procambium",Leaf,OsCCD1,PCMDB
Os06g0683700,LOC_Os06g46970,leaf epidermis,Leaf,Os06g0683700,PCMDB
Os06g0683800,LOC_Os06g46980,"leaf epidermis,leaf mesophyll",Leaf,Os06g0683800,PCMDB
Os06g0685200,LOC_Os06g47120,leaf mesophyll,Leaf,Os_F0663,PCMDB
Os06g0685300,LOC_Os06g47130,leaf mesophyll,Leaf,OsNTMC2T1.5,PCMDB
Os06g0686400,LOC_Os06g47200,"leaf epidermis,leaf mesophyll,mestome sheath,leaf procambium",Leaf,OsLTPG13,PCMDB
Os06g0686600,LOC_Os06g47220,"leaf mesophyll,leaf procambium",Leaf,Os06g0686600,PCMDB
Os06g0686700,LOC_Os06g47230,"leaf epidermis,leaf mesophyll,mestome sheath,leaf procambium",Leaf,Os06g0686700,PCMDB
Os06g0687200,LOC_Os06g47270,"leaf epidermis,leaf mesophyll",Leaf,Os06g0687200,PCMDB
Os06g0687450,LOC_Os06g47294,mestome sheath,Leaf,Os06g0687450,PCMDB
Os06g0687500,LOC_Os06g47300,mestome sheath,Leaf,Os06g0687500,PCMDB
Os06g0687700,LOC_Os06g47320,leaf procambium,Leaf,Os06g0687700,PCMDB
Os06g0687800,LOC_Os06g47330,leaf procambium,Leaf,Os06g0687800,PCMDB
Os06g0688100,LOC_Os06g47350,"leaf epidermis,leaf mesophyll,mestome sheath,leaf procambium",Leaf,P0661G04.7-1,PCMDB
Os06g0689600,LOC_Os06g47470,leaf epidermis,Leaf,OsRLCK214,PCMDB
Os06g0690200,LOC_Os06g47530,"leaf mesophyll,leaf procambium",Leaf,OsRLCK215,PCMDB
Os06g0690600,LOC_Os06g47544,"leaf epidermis,leaf mesophyll,mestome sheath,leaf procambium",Leaf,Os06g0690600,PCMDB
Os06g0691100,LOC_Os06g47590,leaf mesophyll,Leaf,OsERF#121,PCMDB
Os06g0691200,LOC_Os06g47600,leaf mesophyll,Leaf,Os06g0691200,PCMDB
Os06g0691400,LOC_Os06g47620,"mestome sheath,leaf procambium",Leaf,ILL6,PCMDB
Os06g0691600,LOC_Os06g47640,"leaf mesophyll,mestome sheath,leaf procambium,Phloem",Leaf,OsCML29,PCMDB
Os06g0691800,LOC_Os06g47650,"leaf mesophyll,mestome sheath,Leaf preprocambium",Leaf,OsLRR-RLK1,PCMDB
Os06g0692800,LOC_Os06g47770,mestome sheath,Leaf,Os06g0692800,PCMDB
Os06g0693100,LOC_Os06g47800,mestome sheath,Leaf,Os06g0693100,PCMDB
Os06g0693600,LOC_Os06g47850,mestome sheath,Leaf,Os06g0693600,PCMDB
Os06g0693700,LOC_Os06g47860,"leaf epidermis,leaf mesophyll",Leaf,OsSIDP366,PCMDB
Os06g0694500,LOC_Os06g47940,leaf mesophyll,Leaf,OsISC13,PCMDB
Os06g0694800,LOC_Os06g47970,"leaf epidermis,leaf mesophyll,mestome sheath,leaf procambium,Mesophyll precursor",Leaf,Os06g0694800,PCMDB
Os06g0695500,LOC_Os06g48030,"leaf mesophyll,mestome sheath,Mesophyll precursor",Leaf,prx90,PCMDB
Os06g0695600,LOC_Os06g48040,"leaf epidermis,leaf mesophyll,mestome sheath,leaf procambium",Leaf,OsMAR1,PCMDB
Os06g0695800,LOC_Os06g48060,leaf mesophyll,Leaf,STAR1,PCMDB
Os06g0696400,LOC_Os06g48160,"leaf epidermis,leaf mesophyll,mestome sheath,leaf procambium",Leaf,OsXTH11,PCMDB
Os06g0696600,LOC_Os06g48180,"leaf epidermis,mestome sheath",Leaf,OsXTH12,PCMDB
Os06g0697000,LOC_Os06g48200,"leaf mesophyll,mestome sheath",Leaf,OsXTH10,PCMDB
Os06g0697500,LOC_Os06g48240,leaf mesophyll,Leaf,Os06g0697500,PCMDB
Os06g0698300,LOC_Os06g48300,leaf mesophyll,Leaf,OsPP2C59,PCMDB
Os06g0698500,LOC_Os06g48320,"leaf mesophyll,mestome sheath",Leaf,Os06g0698500,PCMDB
Os06g0698600,LOC_Os06g48330,"leaf mesophyll,leaf procambium",Leaf,OsEXO70G2,PCMDB
Os06g0698674,LOC_Os06g48350,"mestome sheath,leaf procambium",Leaf,Os06g0698674,PCMDB
Os06g0698859,LOC_Os06g48530,leaf mesophyll,Leaf,Os06g0698859,PCMDB
Os06g0699200,LOC_Os06g48570,"leaf epidermis,leaf procambium",Leaf,Os06g0699200,PCMDB
Os06g0699301,LOC_Os06g48570,"leaf epidermis,leaf procambium",Leaf,Os06g0699301,PCMDB
Os06g0699400,LOC_Os06g48590,"leaf epidermis,leaf mesophyll,mestome sheath,leaf procambium",Leaf,OsMAPK4,PCMDB
Os06g0699500,LOC_Os06g48600,"leaf epidermis,leaf mesophyll,mestome sheath,leaf procambium",Leaf,Os06g0699500,PCMDB
Os06g0700300,LOC_Os06g48680,"leaf epidermis,leaf mesophyll",Leaf,Os06g0700300,PCMDB
Os06g0700700,LOC_Os06g48720,"leaf epidermis,mestome sheath,leaf procambium",Leaf,HMA2,PCMDB
Os06g0701100,LOC_Os06g48750,"leaf epidermis,leaf mesophyll,mestome sheath,leaf procambium",Leaf,eIF-4a,PCMDB
Os06g0701300,LOC_Os06g48770,"leaf mesophyll,leaf procambium",Leaf,OsSBeL1,PCMDB
Os06g0701400,LOC_Os06g48780,"leaf epidermis,leaf mesophyll",Leaf,Os06g0701400,PCMDB
Os06g0701700,LOC_Os06g48810,bundle sheath,Leaf,HKT2;1,PCMDB
Os06g0702000,LOC_Os06g48860,leaf procambium,Leaf,OsSAUR28,PCMDB
Os06g0702700,LOC_Os06g48960,"leaf epidermis,leaf mesophyll",Leaf,Os06g0702700,PCMDB
Os06g0703800,LOC_Os06g49030,"leaf epidermis,mestome sheath",Leaf,Os06g0703800,PCMDB
Os06g0704600,LOC_Os06g49110,leaf mesophyll,Leaf,ALAD,PCMDB
Os06g0705100,LOC_Os06g49160,"leaf mesophyll,leaf procambium",Leaf,Os06g0705100,PCMDB
Os06g0707200,LOC_Os06g49320,"leaf epidermis,mestome sheath,leaf procambium,Xylem",Leaf,Os06g0707200,PCMDB
Os06g0707300,LOC_Os06g49340,"mestome sheath,leaf procambium",Leaf,OsFbox326,PCMDB
Os06g0708000,LOC_Os06g49430,"leaf epidermis,leaf mesophyll,leaf procambium",Leaf,BWMK1,PCMDB
Os06g0708500,LOC_Os06g49480,leaf epidermis,Leaf,OsCYP20-1,PCMDB
Os06g0708700,LOC_Os06g49500,leaf mesophyll,Leaf,P0655A07.7-1,PCMDB
Os06g0709100,LOC_Os06g49530,leaf epidermis,Leaf,OsFbox327,PCMDB
Os06g0710300,LOC_Os06g49640,"leaf mesophyll,leaf epidermis,mestome sheath,leaf procambium",Leaf,Os06g0710300,PCMDB
Os06g0710700,LOC_Os06g49660,"leaf epidermis,leaf mesophyll,mestome sheath",Leaf,Os06g0710700,PCMDB
Os06g0711100,LOC_Os06g49700,mestome sheath,Leaf,Os06g0711100,PCMDB
Os06g0711800,LOC_Os06g49760,leaf procambium,Leaf,Os06g0711800,PCMDB
Os06g0711900,LOC_Os06g49770,"leaf epidermis,leaf mesophyll,mestome sheath,leaf procambium,Mesophyll precursor",Leaf,OsLTPG24,PCMDB
Os06g0712200,LOC_Os06g49780,"leaf epidermis,leaf mesophyll,mestome sheath,leaf procambium",Leaf,Os06g0712200,PCMDB
Os06g0713000,LOC_Os06g49880,leaf epidermis,Leaf,OsBBX22,PCMDB
Os06g0713100,LOC_Os06g49890,"leaf epidermis,leaf mesophyll",Leaf,Os06g0713100,PCMDB
Os06g0713900,LOC_Os06g49980,leaf epidermis,Leaf,Os06g0713900,PCMDB
Os06g0714100,LOC_Os06g50000,"leaf epidermis,leaf mesophyll,mestome sheath,leaf procambium",Leaf,Os06g0714100,PCMDB
Os06g0714200,LOC_Os06g50030,"leaf epidermis,leaf mesophyll",Leaf,CAMK,PCMDB
Os06g0714300,LOC_Os06g50040,"leaf epidermis,leaf mesophyll,mestome sheath,leaf procambium,Leaf preprocambium",Leaf,OsSAUR29,PCMDB
Os06g0714500,LOC_Os06g50050,"leaf epidermis,leaf mesophyll,mestome sheath",Leaf,Os06g0714500,PCMDB
Os06g0714700,LOC_Os06g50070,"leaf mesophyll,mestome sheath,leaf procambium",Leaf,Os06g0714700,PCMDB
Os06g0714900,LOC_Os06g50100,leaf mesophyll,Leaf,OsRLCK218,PCMDB
Os06g0715100,LOC_Os06g50120,leaf epidermis,Leaf,OsNPSN11,PCMDB
Os06g0715500,LOC_Os06g50154,leaf mesophyll,Leaf,Os06g0715500,PCMDB
Os06g0716100,LOC_Os06g50230,"leaf epidermis,leaf mesophyll,mestome sheath,leaf procambium",Leaf,Os06g0716100,PCMDB
Os06g0716700,LOC_Os06g50300,"leaf epidermis,leaf mesophyll,leaf procambium",Leaf,GRP94,PCMDB
Os06g0717100,LOC_Os06g50330,leaf epidermis,Leaf,Os06g0717100,PCMDB
Os06g0717300,LOC_Os06g50350,"leaf epidermis,leaf mesophyll,leaf procambium",Leaf,Os06g0717300,PCMDB
Os06g0717600,LOC_Os06g50370,leaf epidermis,Leaf,Os06g0717600,PCMDB
Os06g0717800,LOC_Os06g50380,"leaf mesophyll,mestome sheath",Leaf,OsPP2C60,PCMDB
Os06g0717900,LOC_Os06g50390,"leaf epidermis,leaf mesophyll,leaf procambium",Leaf,P0541C02.19-2,PCMDB
Os06g0718400,LOC_Os06g50420,"leaf epidermis,leaf mesophyll,mestome sheath,leaf procambium",Leaf,OsUCL18,PCMDB
Os06g0720900,LOC_Os06g50600,leaf epidermis,Leaf,BZIP55,PCMDB
Os06g0721800,LOC_Os06g50650,"leaf epidermis,leaf mesophyll,mestome sheath,leaf procambium",Leaf,OsUCL19,PCMDB
Os06g0722300,LOC_Os06g50679,leaf epidermis,Leaf,Os06g0722300,PCMDB
Os06g0724000,LOC_Os06g50830,leaf epidermis,Leaf,BZIP56,PCMDB
Os06g0724100,LOC_Os06g50840,"leaf epidermis,leaf mesophyll,leaf procambium",Leaf,Os06g0724100,PCMDB
Os06g0724400,LOC_Os06g50870,leaf mesophyll,Leaf,OsDNLZ1,PCMDB
Os06g0724800,LOC_Os06g50900,"leaf mesophyll,leaf procambium",Leaf,OsbHLH155,PCMDB
Os06g0724900,LOC_Os06g50920,"leaf epidermis,leaf mesophyll,mestome sheath,leaf procambium",Leaf,ILA1,PCMDB
Os06g0725000,LOC_Os06g50930,"leaf epidermis,leaf mesophyll,leaf procambium",Leaf,OsStr9,PCMDB
Os06g0725100,LOC_Os06g50940,"leaf mesophyll,mestome sheath,leaf procambium",Leaf,OsGELP89,PCMDB
Os06g0725200,LOC_Os06g50950,"leaf epidermis,leaf mesophyll,mestome sheath,leaf procambium",Leaf,OsGELP90,PCMDB
Os06g0725900,LOC_Os06g51029,"leaf mesophyll,Mesophyll precursor",Leaf,OsFtsH1,PCMDB
Os06g0726100,LOC_Os06g51050,leaf mesophyll,Leaf,Cht3*,PCMDB
Os06g0726200,LOC_Os06g51060,"leaf epidermis,leaf mesophyll,mestome sheath,leaf procambium",Leaf,Cht1*(Chi1),PCMDB
Os06g0726300,LOC_Os06g51070,"leaf mesophyll,mestome sheath",Leaf,NAC95,PCMDB
Os06g0727200,LOC_Os06g51150,"leaf epidermis,leaf mesophyll,mestome sheath,leaf procambium",Leaf,CATB,PCMDB
Os06g0728000,LOC_Os06g51220,leaf mesophyll,Leaf,HMGB1,PCMDB
Os06g0728500,LOC_Os06g51240,leaf procambium,Leaf,Os06g0728500,PCMDB
Os06g0728700,LOC_Os06g51260,"leaf epidermis,leaf mesophyll,mestome sheath,leaf procambium",Leaf,Os06g0728700,PCMDB
Os06g0728800,LOC_Os06g51270,"leaf mesophyll,leaf procambium",Leaf,OsGSL6,PCMDB
Os06g0728902,LOC_Os06g51270,"leaf mesophyll,leaf procambium",Leaf,OsGSL6,PCMDB
Os06g0729400,LOC_Os06g51320,"leaf mesophyll,Mesophyll precursor",Leaf,Os06g0729400,PCMDB
Os06g0730300,LOC_Os06g51390,"leaf epidermis,leaf mesophyll,mestome sheath",Leaf,Os06g0730300,PCMDB
Os06g0730800,LOC_Os06g51420,"leaf epidermis,leaf mesophyll,leaf procambium",Leaf,Os06g0730800,PCMDB
Os06g0731300,LOC_Os06g51470,leaf mesophyll,Leaf,Os06g0731300,PCMDB
Os06g0731400,LOC_Os06g51480,"leaf epidermis,leaf mesophyll,mestome sheath,leaf procambium",Leaf,B1206D04.21-1,PCMDB
Os06g0731800,LOC_Os06g51510,mestome sheath,Leaf,Os06g0731800,PCMDB
Os07g0100200,LOC_Os07g01020,"leaf mesophyll,Mesophyll precursor",Leaf,OsPDX1.3a,PCMDB
Os07g0100900,LOC_Os07g01100,leaf mesophyll,Leaf,Os07g0100900,PCMDB
Os07g0101500,LOC_Os07g01150,leaf mesophyll,Leaf,OsGL1-8,PCMDB
Os07g0103000,LOC_Os07g01300,"leaf epidermis,leaf mesophyll,mestome sheath",Leaf,Os07g0103000,PCMDB
Os07g0103100,LOC_Os07g01310,leaf mesophyll,Leaf,OsGLR3.6,PCMDB
Os07g0104100,LOC_Os07g01370,leaf epidermis,Leaf,prx97,PCMDB
Os07g0105600,LOC_Os07g01480,leaf mesophyll,Leaf,P0446F04.140,PCMDB
Os07g0105750,LOC_Os07g01480,leaf mesophyll,Leaf,Os07g0105750,PCMDB
Os07g0106200,LOC_Os07g01560,"leaf mesophyll,leaf procambium",Leaf,OsMST3,PCMDB
Os07g0106700,LOC_Os07g01600,"leaf mesophyll,leaf procambium",Leaf,Os07g0106700,PCMDB
Os07g0107300,LOC_Os07g01660,"leaf epidermis,leaf mesophyll,mestome sheath,leaf procambium",Leaf,P0585H11.104,PCMDB
Os07g0109500,LOC_Os07g01870,"leaf epidermis,leaf mesophyll,leaf procambium",Leaf,OsRPL13a,PCMDB
Os07g0110000,LOC_Os07g01904,"leaf epidermis,leaf mesophyll,mestome sheath,leaf procambium",Leaf,Os07g0110000,PCMDB
Os07g0110300,LOC_Os07g01930,"leaf epidermis,leaf mesophyll",Leaf,OsISC20,PCMDB
Os07g0110500,LOC_Os07g01950,"leaf epidermis,leaf mesophyll",Leaf,OJ1123_C12.102,PCMDB
Os07g0110800,LOC_Os07g01990,"leaf epidermis,leaf mesophyll,mestome sheath",Leaf,OJ1123_C12.108,PCMDB
Os07g0110900,LOC_Os07g02000,"leaf epidermis,leaf mesophyll",Leaf,OJ1123_C12.109,PCMDB
Os07g0111600,LOC_Os07g02090,"mestome sheath,leaf procambium",Leaf,OsPAP9a,PCMDB
Os07g0111700,LOC_Os07g02100,leaf procambium,Leaf,Os07g0111700,PCMDB
Os07g0112700,LOC_Os07g02200,"leaf mesophyll,Xylem",Leaf,OsENODL19,PCMDB
Os07g0112800,LOC_Os07g02210,"leaf epidermis,leaf mesophyll",Leaf,OJ1118_G09.115,PCMDB
Os07g0113700,LOC_Os07g02300,"leaf mesophyll,leaf procambium",Leaf,OJ1513_F02.124,PCMDB
Os07g0114400,LOC_Os07g02350,"leaf epidermis,mestome sheath",Leaf,OsCKA2-2,PCMDB
Os07g0115300,LOC_Os07g02440,leaf epidermis,Leaf,prx98,PCMDB
Os07g0115500,LOC_Os07g02460,"leaf epidermis,leaf mesophyll,mestome sheath,leaf procambium",Leaf,Os07g0115500,PCMDB
Os07g0117000,LOC_Os07g02590,leaf procambium,Leaf,OJ1119_A04.111,PCMDB
Os07g0118300,LOC_Os07g02710,leaf mesophyll,Leaf,Os07g0118300,PCMDB
Os07g0119400,LOC_Os07g02810,leaf epidermis,Leaf,OsAAO3,PCMDB
Os07g0119800,LOC_Os07g02850,"leaf epidermis,leaf mesophyll,mestome sheath,leaf procambium",Leaf,P0022B05.116,PCMDB
Os07g0120100,LOC_Os07g02880,"leaf epidermis,leaf mesophyll,leaf procambium",Leaf,P0022B05.122,PCMDB
Os07g0120650,LOC_Os07g02940,"leaf mesophyll,leaf epidermis,leaf procambium",Leaf,Os07g0120650,PCMDB
Os07g0121100,LOC_Os07g02990,"leaf mesophyll,leaf procambium",Leaf,P0022B05.132,PCMDB
Os07g0122400,LOC_Os07g03070,"leaf mesophyll,leaf procambium",Leaf,Os07g0122400,PCMDB
Os07g0123800,LOC_Os07g03170,"leaf mesophyll,leaf procambium,Leaf preprocambium",Leaf,P0474G09.101,PCMDB
Os07g0124500,LOC_Os07g03230,leaf mesophyll,Leaf,eIF-3c,PCMDB
Os07g0125201,LOC_Os07g03319,mestome sheath,Leaf,P0474G09.126,PCMDB
Os07g0126401,LOC_Os07g03467,mestome sheath,Leaf,P0474G09.135,PCMDB
Os07g0127500,LOC_Os07g03580,"mestome sheath,Leaf preprocambium",Leaf,OsPR1#072,PCMDB
Os07g0127700,LOC_Os07g03600,mestome sheath,Leaf,PR1b,PCMDB
Os07g0130100,LOC_Os07g03810,"leaf epidermis,leaf mesophyll,mestome sheath,leaf procambium",Leaf,P0483E09.6,PCMDB
Os07g0130200,LOC_Os07g03820,"leaf epidermis,leaf mesophyll,mestome sheath,leaf procambium",Leaf,Os07g0130200,PCMDB
Os07g0134000,LOC_Os07g04180,"mestome sheath,leaf procambium",Leaf,OsAAP6,PCMDB
Os07g0134800,LOC_Os07g04240,leaf mesophyll,Leaf,SDH1,PCMDB
Os07g0137600,LOC_Os07g04500,"leaf epidermis,leaf mesophyll",Leaf,Os07g0137600,PCMDB
Os07g0137900,LOC_Os07g04530,"leaf epidermis,leaf mesophyll,mestome sheath",Leaf,Os07g0137900,PCMDB
Os07g0138100,LOC_Os07g04550,"leaf mesophyll,leaf procambium",Leaf,OsSWAP70B,PCMDB
Os07g0139400,LOC_Os07g04690,"leaf epidermis,leaf mesophyll",Leaf,UEL-1,PCMDB
Os07g0141400,LOC_Os07g04840,"leaf mesophyll,leaf procambium,Mesophyll precursor",Leaf,PsbP,PCMDB
Os07g0142000,LOC_Os07g04910,leaf mesophyll,Leaf,OJ1351_C05.119,PCMDB
Os07g0142200,LOC_Os07g04930,mestome sheath,Leaf,gp1,PCMDB
Os07g0142500,LOC_Os07g04950,mestome sheath,Leaf,OJ1351_C05.124,PCMDB
Os07g0142600,LOC_Os07g04960,mestome sheath,Leaf,Os07g0142600,PCMDB
Os07g0147900,LOC_Os07g05400,"leaf mesophyll,leaf procambium",Leaf,Os07g0147900,PCMDB
Os07g0148800,LOC_Os07g05470,"leaf epidermis,leaf mesophyll,mestome sheath,leaf procambium",Leaf,Os07g0148800,PCMDB
Os07g0148900,LOC_Os07g05480,"leaf epidermis,leaf mesophyll,mestome sheath,leaf procambium,Mesophyll precursor",Leaf,PsaK,PCMDB
Os07g0150200,LOC_Os07g05580,"leaf epidermis,leaf mesophyll",Leaf,Os07g0150200,PCMDB
Os07g0150700,LOC_Os07g05620,"leaf epidermis,leaf mesophyll,mestome sheath,leaf procambium",Leaf,CIPK23,PCMDB
Os07g0152900,LOC_Os07g05820,leaf mesophyll,Leaf,GLO5,PCMDB
Os07g0153000,LOC_Os07g05830,"leaf epidermis,leaf mesophyll,mestome sheath,leaf procambium",Leaf,OsJAZ,PCMDB
Os07g0153300,LOC_Os07g05870,"leaf mesophyll,leaf procambium",Leaf,Os07g0153300,PCMDB
Os07g0153400,LOC_Os07g05880,"leaf epidermis,leaf mesophyll,mestome sheath,leaf procambium",Leaf,OsFbox340,PCMDB
Os07g0154100,LOC_Os07g05940,mestome sheath,Leaf,OSNCED3,PCMDB
Os07g0154300,LOC_Os07g05950,"leaf epidermis,leaf mesophyll,mestome sheath,leaf procambium,Xylem",Leaf,Os07g0154300,PCMDB
Os07g0158300,LOC_Os07g06450,leaf mesophyll,Leaf,Os07g0158300,PCMDB
Os07g0159500,LOC_Os07g06550,"leaf epidermis,mestome sheath",Leaf,Os07g0159500,PCMDB
Os07g0159800,LOC_Os07g06590,"leaf epidermis,leaf mesophyll,mestome sheath,leaf procambium",Leaf,OJ1714_H10.115,PCMDB
Os07g0159900,LOC_Os07g06600,"leaf mesophyll,leaf procambium",Leaf,OsGRL14,PCMDB
Os07g0160100,LOC_Os07g06620,"leaf mesophyll,mestome sheath",Leaf,YAB1,PCMDB
Os07g0160400,LOC_Os07g06660,leaf mesophyll,Leaf,OsGLYI9,PCMDB
Os07g0160600,LOC_Os07g06680,"leaf epidermis,Xylem",Leaf,OsFLA16,PCMDB
Os07g0161700,LOC_Os07g06750,"leaf mesophyll,leaf procambium",Leaf,OsVQ26,PCMDB
Os07g0162300,LOC_Os07g06820,leaf mesophyll,Leaf,Os07g0162300,PCMDB
Os07g0162400,LOC_Os07g06830,"leaf epidermis,leaf mesophyll,mestome sheath,leaf procambium,leaf initial cell",Leaf,OsCDAP1,PCMDB
Os07g0162500,LOC_Os07g06840,leaf mesophyll,Leaf,OJ1714_H10.152,PCMDB
Os07g0162600,LOC_Os07g06850,"leaf epidermis,leaf mesophyll,mestome sheath",Leaf,OJ1714_H10.153,PCMDB
Os07g0162900,LOC_Os07g06880,leaf mesophyll,Leaf,OsCDAP3,PCMDB
Os07g0163800,LOC_Os07g06950,"leaf epidermis,leaf mesophyll,leaf procambium",Leaf,OsM5,PCMDB
Os07g0164200,LOC_Os07g06990,"leaf epidermis,leaf mesophyll,mestome sheath,leaf procambium",Leaf,Os07g0164200,PCMDB
Os07g0164300,LOC_Os07g07000,"leaf epidermis,mestome sheath",Leaf,P0428D12.123,PCMDB
Os07g0164700,LOC_Os07g07030,leaf mesophyll,Leaf,P0039H02.108,PCMDB
Os07g0165000,LOC_Os07g07060,leaf mesophyll,Leaf,Os07g0165000,PCMDB
Os07g0167200,LOC_Os07g07270,leaf epidermis,Leaf,OsMB10,PCMDB
Os07g0167300,LOC_Os07g07280,leaf epidermis,Leaf,OJ1641_C04.127,PCMDB
Os07g0167500,LOC_Os07g07300,flag leaf,Leaf,OJ1641_C04.129,PCMDB
Os07g0168300,LOC_Os07g07320,leaf mesophyll,Leaf,OsGSTU11,PCMDB
Os07g0168600,LOC_Os07g07340,"leaf epidermis,leaf mesophyll,mestome sheath,leaf procambium,Leaf preprocambium",Leaf,Os07g0168600,PCMDB
Os07g0168800,LOC_Os07g07350,leaf epidermis,Leaf,OsSAP9,PCMDB
Os07g0169600,LOC_Os07g07410,leaf mesophyll,Leaf,Os07g0169600,PCMDB
Os07g0170000,LOC_Os07g07440,"leaf epidermis,leaf mesophyll,mestome sheath,leaf procambium",Leaf,Os07g0170000,PCMDB
Os07g0170100,LOC_Os07g07470,"leaf epidermis,leaf mesophyll,mestome sheath,leaf procambium",Leaf,Os07g0170100,PCMDB
Os07g0171100,LOC_Os07g07540,leaf mesophyll,Leaf,P0496D04.12-1,PCMDB
Os07g0171200,LOC_Os07g07550,"leaf epidermis,leaf mesophyll,mestome sheath",Leaf,GalT,PCMDB
Os07g0172200,LOC_Os07g07580,leaf epidermis,Leaf,P0496D04.23-1,PCMDB
Os07g0172500,LOC_Os07g07610,leaf epidermis,Leaf,Os07g0172500,PCMDB
Os07g0173200,LOC_Os07g07680,leaf epidermis,Leaf,P0496D04.37-1,PCMDB
Os07g0173501,LOC_Os07g07709,leaf mesophyll,Leaf,OSJNBb0060J21.1,PCMDB
Os07g0174400,LOC_Os07g07790,mestome sheath,Leaf,OsLLA6,PCMDB
Os07g0174900,LOC_Os07g07860,mestome sheath,Leaf,OsLTPG16,PCMDB
Os07g0175500,LOC_Os07g07920,mestome sheath,Leaf,OsLTPG17,PCMDB
Os07g0175600,LOC_Os07g07930,"leaf epidermis,leaf mesophyll,mestome sheath",Leaf,OsLTPG18,PCMDB
Os07g0176200,LOC_Os07g07974,"leaf epidermis,leaf mesophyll",Leaf,Os07g0176200,PCMDB
Os07g0176500,LOC_Os07g07990,"leaf epidermis,leaf mesophyll",Leaf,Os07g0176500,PCMDB
Os07g0176600,LOC_Os07g08000,"leaf epidermis,leaf mesophyll,leaf procambium",Leaf,OsNek3,PCMDB
Os07g0176900,LOC_Os07g08030,"leaf epidermis,leaf mesophyll,mestome sheath,leaf procambium",Leaf,P0534H07.29-1,PCMDB
Os07g0177300,LOC_Os07g08070,leaf epidermis,Leaf,OJ1361_E02.102,PCMDB
Os07g0179200,LOC_Os07g08190,leaf procambium,Leaf,OsCYP63,PCMDB
Os07g0180900,LOC_Os07g08330,leaf mesophyll,Leaf,Os07g0180900,PCMDB
Os07g0181000,LOC_Os07g08340,"leaf epidermis,leaf mesophyll,mestome sheath,leaf procambium",Leaf,OsPKpa1,PCMDB
Os07g0181800,LOC_Os07g08410,"leaf epidermis,leaf mesophyll,mestome sheath,leaf procambium",Leaf,Os07g0181800,PCMDB
Os07g0182400,LOC_Os07g08460,"leaf epidermis,leaf mesophyll,mestome sheath,leaf procambium",Leaf,OsIAA24,PCMDB
Os07g0184300,LOC_Os07g08660,"leaf mesophyll,leaf procambium",Leaf,rig,PCMDB
Os07g0184800,LOC_Os07g08710,"leaf mesophyll,mestome sheath,leaf procambium,leaf initial cell",Leaf,OJ1046_F10.127,PCMDB
Os07g0185000,LOC_Os07g08750,leaf mesophyll,Leaf,OsWNK3,PCMDB
Os07g0185200,LOC_Os07g08760,"leaf epidermis,leaf mesophyll,mestome sheath,leaf procambium",Leaf,Os07g0185200,PCMDB
Os07g0185300,LOC_Os07g08770,"leaf epidermis,leaf mesophyll,leaf procambium,Mesophyll precursor",Leaf,Os07g0185300,PCMDB
Os07g0185432,LOC_Os07g08790,"leaf epidermis,mestome sheath",Leaf,OsBIP116b,PCMDB
Os07g0185500,LOC_Os07g08790,"leaf epidermis,mestome sheath",Leaf,Os07g0185500,PCMDB
Os07g0186400,LOC_Os07g08880,leaf epidermis,Leaf,Os07g0186400,PCMDB
Os07g0186500,LOC_Os07g08890,"leaf mesophyll,mestome sheath,leaf procambium",Leaf,Os07g0186500,PCMDB
Os07g0187001,LOC_Os07g08934,mestome sheath,Leaf,Os07g0187001,PCMDB
Os07g0187300,LOC_Os07g08960,"leaf epidermis,mestome sheath",Leaf,OsRZ2,PCMDB
Os07g0187400,LOC_Os07g08970,"leaf epidermis,leaf mesophyll,leaf procambium",Leaf,Os07g0187400,PCMDB
Os07g0187700,LOC_Os07g09000,"leaf epidermis,leaf mesophyll",Leaf,PHF1,PCMDB
Os07g0187900,LOC_Os07g09010,"leaf mesophyll,leaf procambium",Leaf,Os07g0187900,PCMDB
Os07g0188800,LOC_Os07g09060,"leaf epidermis,leaf mesophyll,mestome sheath,leaf procambium",Leaf,OsALDH6B2,PCMDB
Os07g0189700,LOC_Os07g09140,"leaf epidermis,leaf mesophyll,mestome sheath,leaf procambium",Leaf,Os07g0189700,PCMDB
Os07g0189800,LOC_Os07g09150,"leaf epidermis,leaf mesophyll,leaf procambium",Leaf,Os07g0189800,PCMDB
Os07g0191000,LOC_Os07g09330,"leaf mesophyll,leaf procambium",Leaf,Os07g0191000,PCMDB
Os07g0192300,LOC_Os07g09450,leaf epidermis,Leaf,OsDjC58,PCMDB
Os07g0193600,LOC_Os07g09580,"leaf mesophyll,leaf procambium",Leaf,Os07g0193600,PCMDB
Os07g0194000,LOC_Os07g09600,"leaf epidermis,leaf mesophyll,mestome sheath",Leaf,spb1,PCMDB
Os07g0194500,LOC_Os07g09630,"leaf mesophyll,leaf procambium",Leaf,Os07g0194500,PCMDB
Os07g0194800,LOC_Os07g09670,"leaf epidermis,leaf mesophyll,mestome sheath,leaf procambium",Leaf,OJ1715_A07.11-1,PCMDB
Os07g0196200,LOC_Os07g09800,"leaf mesophyll,mestome sheath",Leaf,Os07g0196200,PCMDB
Os07g0196900,LOC_Os07g09870,leaf mesophyll,Leaf,OsFbox349,PCMDB
Os07g0198300,LOC_Os07g09970,"leaf epidermis,leaf mesophyll,leaf procambium,Mesophyll precursor",Leaf,OsLTPG19,PCMDB
Os07g0201100,LOC_Os07g10150,mestome sheath,Leaf,Os07g0201100,PCMDB
Os07g0202100,LOC_Os07g10250,leaf mesophyll,Leaf,OsRH52B,PCMDB
Os07g0202300,LOC_Os07g10256,"leaf epidermis,leaf mesophyll,mestome sheath,leaf procambium",Leaf,DIM1,PCMDB
Os07g0204400,LOC_Os07g10440,"leaf mesophyll,Xylem",Leaf,Os07g0204400,PCMDB
Os07g0204500,LOC_Os07g10460,"leaf mesophyll,mestome sheath",Leaf,Os07g0204500,PCMDB
Os07g0204900,LOC_Os07g10490,leaf mesophyll,Leaf,Os07g0204900,PCMDB
Os07g0206800,LOC_Os07g10610,"leaf epidermis,leaf mesophyll,mestome sheath,leaf procambium",Leaf,Os07g0206800,PCMDB
Os07g0208000,LOC_Os07g10720,"leaf epidermis,leaf mesophyll,leaf procambium",Leaf,OJ1559_F09.109,PCMDB
Os07g0208500,LOC_Os07g10770,"leaf epidermis,leaf mesophyll,leaf procambium",Leaf,OsCesA8,PCMDB
Os07g0209100,LOC_Os07g10840,leaf mesophyll,Leaf,Os07g0209100,PCMDB
Os07g0211000,LOC_Os07g10970,"leaf epidermis,leaf procambium",Leaf,OsEXO70X3,PCMDB
Os07g0211800,LOC_Os07g11060,"leaf epidermis,leaf mesophyll",Leaf,OJ1664_D08.103-1,PCMDB
Os07g0211900,LOC_Os07g11070,leaf procambium,Leaf,OJ1664_D08.104,PCMDB
Os07g0212200,LOC_Os07g11110,"leaf mesophyll,leaf procambium",Leaf,OJ1664_D08.107,PCMDB
Os07g0213400,LOC_Os07g11290,leaf epidermis,Leaf,OJ1116_C08.104,PCMDB
Os07g0213500,LOC_Os07g11300,mestome sheath,Leaf,Os07g0213500,PCMDB
Os07g0215200,LOC_Os07g11490,"leaf epidermis,leaf mesophyll",Leaf,Os07g0215200,PCMDB
Os07g0217600,LOC_Os07g11739,flag leaf,Leaf,CYP71Z2,PCMDB
Os07g0222300,LOC_Os07g12110,leaf mesophyll,Leaf,EIF3E,PCMDB
Os07g0222800,LOC_Os07g12150,leaf epidermis,Leaf,P0592C06.130,PCMDB
Os07g0223400,LOC_Os07g12200,"leaf epidermis,leaf mesophyll",Leaf,OsARFA1d,PCMDB
Os07g0224000,LOC_Os07g12250,leaf mesophyll,Leaf,Os07g0224000,PCMDB
Os07g0225300,LOC_Os07g12340,"leaf epidermis,leaf mesophyll,mestome sheath,leaf procambium",Leaf,OsNAC3,PCMDB
Os07g0226200,LOC_Os07g12390,"leaf epidermis,leaf mesophyll,mestome sheath,leaf procambium",Leaf,Os07g0226200,PCMDB
Os07g0227600,LOC_Os07g12510,"leaf epidermis,leaf mesophyll,mestome sheath,leaf procambium",Leaf,OsERF#057,PCMDB
Os07g0229700,LOC_Os07g12630,"leaf epidermis,leaf mesophyll",Leaf,OsTFIIS,PCMDB
Os07g0229900,LOC_Os07g12650,leaf mesophyll,Leaf,OSJNBa0016A21.128-1,PCMDB
Os07g0230700,LOC_Os07g12730,"leaf epidermis,leaf mesophyll,mestome sheath,leaf procambium",Leaf,Os07g0230700,PCMDB
Os07g0231500,LOC_Os07g12780,leaf mesophyll,Leaf,Os07g0231500,PCMDB
Os07g0232200,LOC_Os07g12830,"leaf epidermis,leaf mesophyll",Leaf,Os07g0232200,PCMDB
Os07g0232800,LOC_Os07g12890,"leaf epidermis,leaf mesophyll,mestome sheath,leaf procambium",Leaf,OsZIP8,PCMDB
Os07g0233300,LOC_Os07g12910,"leaf epidermis,leaf mesophyll",Leaf,OSJNBa0061L20.107-2,PCMDB
Os07g0236800,LOC_Os07g13270,"leaf epidermis,leaf mesophyll,mestome sheath,leaf procambium",Leaf,P0407H12.144,PCMDB
Os07g0240300,LOC_Os07g13590,"leaf mesophyll,leaf procambium",Leaf,P0523A04.122,PCMDB
Os07g0240400,LOC_Os07g13600,leaf mesophyll,Leaf,P0523A04.123,PCMDB
Os07g0241500,LOC_Os07g13770,"leaf mesophyll,leaf procambium",Leaf,OsUGT710C2,PCMDB
Os07g0241800,LOC_Os07g13810,"leaf epidermis,leaf mesophyll,mestome sheath,leaf procambium",Leaf,P0418E08.117,PCMDB
Os07g0242050,LOC_Os07g13834,"leaf epidermis,leaf mesophyll,mestome sheath,leaf procambium",Leaf,Os07g0242050,PCMDB
Os07g0243150,LOC_Os07g13969,"leaf mesophyll,mestome sheath,leaf procambium",Leaf,Os07g0243150,PCMDB
Os07g0244300,LOC_Os07g14090,"leaf mesophyll,leaf procambium",Leaf,OJ1341_A08.136,PCMDB
Os07g0245100,LOC_Os07g14150,"leaf epidermis,leaf mesophyll,mestome sheath,leaf procambium",Leaf,Os07g0245100,PCMDB
Os07g0246200,LOC_Os07g14270,"leaf epidermis,leaf mesophyll",Leaf,CRO1,PCMDB
Os07g0246300,LOC_Os07g14280,leaf epidermis,Leaf,OsWD40-139,PCMDB
Os07g0250300,LOC_Os07g14650,"leaf mesophyll,mestome sheath",Leaf,P0021G06.122-1,PCMDB
Os07g0252400,LOC_Os07g14850,"leaf epidermis,leaf mesophyll",Leaf,OsCesA6,PCMDB
Os07g0258400,LOC_Os07g15460,leaf,Leaf,OsNRAMP1,PCMDB
Os07g0258700,LOC_Os07g15490,"leaf epidermis,leaf mesophyll",Leaf,OJ1370_E02.103,PCMDB
Os07g0262200,LOC_Os07g15880,"leaf epidermis,mestome sheath",Leaf,P0046D03.138,PCMDB
Os07g0264100,LOC_Os07g16040,"leaf epidermis,leaf mesophyll,leaf procambium",Leaf,Os07g0264100,PCMDB
Os07g0267300,LOC_Os07g16364,"leaf epidermis,leaf mesophyll,mestome sheath,leaf procambium",Leaf,Os07g0267300,PCMDB
Os07g0271000,LOC_Os07g16970,mestome sheath,Leaf,OJ1001_C01.113,PCMDB
Os07g0287400,LOC_Os07g18750,"leaf mesophyll,mestome sheath,leaf procambium,Mesophyll precursor",Leaf,OsLTPd3,PCMDB
Os07g0289400,LOC_Os07g18930,"leaf mesophyll,leaf procambium",Leaf,Os07g0289400,PCMDB
Os07g0290200,LOC_Os07g18990,leaf procambium,Leaf,OsLTPd4,PCMDB
Os07g0291100,LOC_Os07g19060,"leaf epidermis,mestome sheath",Leaf,P0656C04.104-1,PCMDB
Os07g0292800,LOC_Os07g19190,leaf mesophyll,Leaf,P0656C04.124,PCMDB
Os07g0293000,LOC_Os07g19210,mestome sheath,Leaf,Os07g0293000,PCMDB
Os07g0294800,LOC_Os07g19444,"leaf mesophyll,leaf procambium",Leaf,B1120F06.130,PCMDB
Os07g0295800,LOC_Os07g19530,leaf mesophyll,Leaf,Os07g0295800,PCMDB
Os07g0299600,LOC_Os07g20410,"leaf epidermis,leaf mesophyll",Leaf,Os07g0299600,PCMDB
Os07g0406300,LOC_Os07g22350,mestome sheath,Leaf,OsG6PDH3,PCMDB
Os07g0407700,LOC_Os07g22494,"leaf mesophyll,leaf procambium,Mesophyll precursor",Leaf,Os07g0407700,PCMDB
Os07g0407900,LOC_Os07g22510,"leaf mesophyll,leaf procambium",Leaf,OJ1723_B06.129,PCMDB
Os07g0409500,LOC_Os07g22680,"leaf epidermis,leaf mesophyll,leaf procambium",Leaf,OSK21,PCMDB
Os07g0409900,LOC_Os07g22710,mestome sheath,Leaf,CDPK18,PCMDB
Os07g0410300,LOC_Os07g22730,"leaf epidermis,leaf procambium",Leaf,OsERF#136,PCMDB
Os07g0412100,LOC_Os07g22930,leaf mesophyll,Leaf,GBSSII,PCMDB
Os07g0412400,LOC_Os07g22950,"leaf epidermis,leaf mesophyll,leaf procambium",Leaf,P0710F09.137,PCMDB
Os07g0418200,LOC_Os07g23550,mestome sheath,Leaf,Os07g0418200,PCMDB
Os07g0418500,LOC_Os07g23570,"leaf epidermis,leaf mesophyll,mestome sheath,leaf procambium",Leaf,OsCYP709C9,PCMDB
Os07g0418600,LOC_Os07g23640,"leaf mesophyll,mestome sheath,leaf procambium",Leaf,OsRePRP2.2,PCMDB
Os07g0418700,LOC_Os07g23660,"leaf mesophyll,mestome sheath",Leaf,OsRePRP2.1,PCMDB
Os07g0421800,LOC_Os07g23970,leaf epidermis,Leaf,Os07g0421800,PCMDB
Os07g0424400,LOC_Os07g24190,"leaf epidermis,leaf mesophyll,leaf procambium",Leaf,OsCesA3,PCMDB
Os07g0435100,LOC_Os07g25420,"leaf epidermis,leaf mesophyll,mestome sheath",Leaf,OsRPN12,PCMDB
Os07g0435300,LOC_Os07g25430,"leaf epidermis,leaf mesophyll,mestome sheath,leaf procambium",Leaf,PsaE,PCMDB
Os07g0442000,LOC_Os07g26000,"leaf epidermis,leaf mesophyll,mestome sheath,leaf procambium",Leaf,OsFbox371,PCMDB
Os07g0442900,LOC_Os07g26110,"leaf epidermis,leaf mesophyll,mestome sheath",Leaf,Os07g0442900,PCMDB
Os07g0445600,LOC_Os07g26440,"leaf epidermis,leaf mesophyll,mestome sheath,leaf procambium",Leaf,P0030H06.103-1,PCMDB
Os07g0446100,LOC_Os07g26490,"leaf mesophyll,mestome sheath,leaf procambium",Leaf,XBOS34,PCMDB
Os07g0446900,LOC_Os07g26550,"leaf mesophyll,mestome sheath,leaf procambium",Leaf,Os07g0446900,PCMDB
Os07g0448800,LOC_Os07g26690,"leaf epidermis,leaf mesophyll,mestome sheath,leaf procambium",Leaf,OsPIP2a,PCMDB
Os07g0449100,LOC_Os07g26700,"leaf epidermis,leaf mesophyll,mestome sheath,leaf procambium",Leaf,OJ1047_A06.120,PCMDB
Os07g0452500,LOC_Os07g26940,"leaf epidermis,leaf mesophyll,leaf procambium",Leaf,OSJNBb0062P14.116-1,PCMDB
Os07g0456700,LOC_Os07g27320,mestome sheath,Leaf,Os07g0456700,PCMDB
Os07g0459400,LOC_Os07g27490,leaf epidermis,Leaf,Os07g0459400,PCMDB
Os07g0462000,LOC_Os07g27790,"leaf epidermis,leaf mesophyll",Leaf,GSH1-2,PCMDB
Os07g0462200,LOC_Os07g27810,"leaf epidermis,leaf mesophyll,mestome sheath,leaf procambium",Leaf,Os07g0462200,PCMDB
Os07g0462700,LOC_Os07g27870,"leaf epidermis,leaf mesophyll,leaf procambium",Leaf,OJ1634_H04.108,PCMDB
Os07g0463100,LOC_Os07g27930,leaf epidermis,Leaf,OJ1634_H04.114,PCMDB
Os07g0463500,LOC_Os07g27960,leaf epidermis,Leaf,Os07g0463500,PCMDB
Os07g0466300,LOC_Os07g28280,"leaf epidermis,mestome sheath",Leaf,slg,PCMDB
Os07g0467200,LOC_Os07g28400,"leaf epidermis,leaf mesophyll,mestome sheath,leaf procambium",Leaf,OsCDGSH,PCMDB
Os07g0467600,LOC_Os07g28440,"leaf mesophyll,leaf procambium",Leaf,P0003B09.20,PCMDB
Os07g0469100,LOC_Os07g28610,"leaf mesophyll,mestome sheath,leaf procambium",Leaf,Os07g0469100,PCMDB
Os07g0469600,LOC_Os07g28644,"leaf epidermis,leaf mesophyll,mestome sheath,leaf procambium",Leaf,Os07g0469600,PCMDB
Os07g0471000,LOC_Os07g28820,"leaf mesophyll,leaf procambium",Leaf,IRE1,PCMDB
Os07g0471300,LOC_Os07g28850,"leaf epidermis,leaf mesophyll,mestome sheath,leaf procambium",Leaf,OsAGO18,PCMDB
Os07g0474600,LOC_Os07g29220,leaf mesophyll,Leaf,Os07g0474600,PCMDB
Os07g0475800,LOC_Os07g29320,leaf epidermis,Leaf,P0571D04.124,PCMDB
Os07g0476200,LOC_Os07g29360,"leaf epidermis,leaf mesophyll,leaf procambium",Leaf,Os07g0476200,PCMDB
Os07g0476900,LOC_Os07g29410,leaf mesophyll,Leaf,CDSP32,PCMDB
Os07g0477000,LOC_Os07g29420,leaf mesophyll,Leaf,P0640E12.113,PCMDB
Os07g0477500,LOC_Os07g29450,mestome sheath,Leaf,Os07g0477500,PCMDB
Os07g0479100,LOC_Os07g29600,leaf epidermis,Leaf,OsRFPH2-17,PCMDB
Os07g0479300,LOC_Os07g29620,leaf epidermis,Leaf,R-CPD3L,PCMDB
Os07g0479600,LOC_Os07g29640,"leaf epidermis,leaf mesophyll,leaf procambium",Leaf,Os07g0479600,PCMDB
Os07g0480800,LOC_Os07g29750,"leaf mesophyll,mestome sheath,leaf procambium",Leaf,OsXTH21,PCMDB
Os07g0481200,LOC_Os07g29794,"leaf epidermis,leaf mesophyll,mestome sheath,leaf procambium",Leaf,Os07g0481200,PCMDB
Os07g0483500,LOC_Os07g30020,"leaf epidermis,leaf mesophyll,mestome sheath",Leaf,OJ1136_F08.109,PCMDB
Os07g0484700,LOC_Os07g30130,leaf mesophyll,Leaf,Os07g0484700,PCMDB
Os07g0485600,LOC_Os07g30220,"leaf epidermis,leaf mesophyll",Leaf,Os07g0485600,PCMDB
Os07g0489300,LOC_Os07g30620,vascular leaf,Leaf,Os07g0489300,PCMDB
Os07g0490100,LOC_Os07g30760,leaf procambium,Leaf,UGT709A4,PCMDB
Os07g0490300,LOC_Os07g30790,leaf mesophyll,Leaf,Os07g0490300,PCMDB
Os07g0490400,LOC_Os07g30800,leaf mesophyll,Leaf,OsFKBP20-2,PCMDB
Os07g0490600,LOC_Os07g30820,leaf procambium,Leaf,Os07g0490600,PCMDB
Os07g0492000,LOC_Os07g30970,"leaf epidermis,leaf mesophyll,mestome sheath,leaf procambium",Leaf,OsNDPK1,PCMDB
Os07g0493200,LOC_Os07g31130,"leaf epidermis,leaf mesophyll,mestome sheath,leaf procambium",Leaf,OsWAK72,PCMDB
Os07g0493800,LOC_Os07g31190,"leaf mesophyll,leaf procambium",Leaf,OsWAK71,PCMDB
Os07g0495000,LOC_Os07g31270,leaf mesophyll,Leaf,OsUGlyAH,PCMDB
Os07g0495200,LOC_Os07g31300,"leaf epidermis,leaf mesophyll,leaf procambium",Leaf,RMtATPd1,PCMDB
Os07g0495900,LOC_Os07g31340,"leaf epidermis,leaf mesophyll",Leaf,Os07g0495900,PCMDB
Os07g0496000,LOC_Os07g31370,"leaf epidermis,leaf mesophyll",Leaf,OsRab6A1,PCMDB
Os07g0496200,LOC_Os07g31380,leaf epidermis,Leaf,OJ1457_D07.117,PCMDB
Os07g0496250,LOC_Os07g31390,"mestome sheath,leaf procambium",Leaf,EXLB1,PCMDB
Os07g0497400,LOC_Os07g31460,"leaf mesophyll,mestome sheath",Leaf,PNG1,PCMDB
Os07g0498300,LOC_Os07g31490,"leaf epidermis,leaf mesophyll,mestome sheath,leaf procambium",Leaf,OJ1197_D06.113,PCMDB
Os07g0498800,LOC_Os07g31540,"leaf mesophyll,leaf procambium",Leaf,CRTintP,PCMDB
Os07g0500300,LOC_Os07g31720,"leaf epidermis,leaf mesophyll",Leaf,Os07g0500300,PCMDB
Os07g0502200,LOC_Os07g31884,"leaf mesophyll,leaf procambium",Leaf,Os07g0502200,PCMDB
Os07g0503300,LOC_Os07g32010,"leaf mesophyll,mestome sheath,leaf procambium",Leaf,OsUGT707A5,PCMDB
Os07g0506000,LOC_Os07g32230,"leaf mesophyll,leaf procambium",Leaf,Os07g0506000,PCMDB
Os07g0506600,LOC_Os07g32340,mestome sheath,Leaf,Os07g0506600,PCMDB
Os07g0507000,LOC_Os07g32380,"leaf epidermis,leaf mesophyll,mestome sheath,leaf procambium",Leaf,OsPP2C62,PCMDB
Os07g0507200,LOC_Os07g32390,leaf procambium,Leaf,OSJNBb0062D12.128,PCMDB
Os07g0507700,LOC_Os07g32420,"leaf epidermis,leaf mesophyll",Leaf,Os07g0507700,PCMDB
Os07g0508200,LOC_Os07g32450,leaf epidermis,Leaf,SIP30,PCMDB
Os07g0508300,LOC_Os07g32460,leaf mesophyll,Leaf,OJ1163_G04.105,PCMDB
Os07g0509800,LOC_Os07g32570,"leaf epidermis,leaf procambium",Leaf,OsAPRL1,PCMDB
Os07g0510800,LOC_Os07g32650,"leaf mesophyll,leaf procambium",Leaf,P0409B11.30,PCMDB
Os07g0510833,LOC_Os07g32660,leaf mesophyll,Leaf,Os07g0510833,PCMDB
Os07g0510900,LOC_Os07g32660,leaf mesophyll,Leaf,Os07g0510900,PCMDB
Os07g0511100,LOC_Os07g32680,"leaf epidermis,leaf mesophyll,mestome sheath",Leaf,Os07g0511100,PCMDB
Os07g0511400,LOC_Os07g32710,leaf epidermis,Leaf,Os07g0511400,PCMDB
Os07g0511500,LOC_Os07g32730,leaf epidermis,Leaf,Os07g0511500,PCMDB
Os07g0512200,LOC_Os07g32800,"leaf epidermis,leaf mesophyll,mestome sheath,leaf procambium",Leaf,Atg8,PCMDB
Os07g0513000,LOC_Os07g32880,"leaf mesophyll,leaf procambium",Leaf,P0580A11.134,PCMDB
Os07g0515100,LOC_Os07g33110,mestome sheath,Leaf,OsCDPK19,PCMDB
Os07g0516200,LOC_Os07g33240,"leaf mesophyll,mestome sheath,leaf procambium,Mesophyll precursor",Leaf,P0048D08.132,PCMDB
Os07g0516300,LOC_Os07g33270,mestome sheath,Leaf,OsS40-15,PCMDB
Os07g0516400,LOC_Os07g33280,"leaf epidermis,leaf mesophyll,mestome sheath",Leaf,Os07g0516400,PCMDB
Os07g0516500,LOC_Os07g33300,"leaf mesophyll,mestome sheath",Leaf,Os07g0516500,PCMDB
Os07g0517100,LOC_Os07g33350,"leaf mesophyll,leaf procambium",Leaf,HSP18.8,PCMDB
Os07g0520600,LOC_Os07g33650,"leaf epidermis,leaf mesophyll,leaf procambium",Leaf,Os07g0520600,PCMDB
Os07g0520800,LOC_Os07g33660,"leaf epidermis,leaf mesophyll,mestome sheath,leaf procambium,Mesophyll precursor",Leaf,Os07g0520800,PCMDB
Os07g0520900,LOC_Os07g33670,mestome sheath,Leaf,OspPLAI,PCMDB
Os07g0521000,LOC_Os07g33680,"leaf epidermis,leaf procambium",Leaf,sdh3,PCMDB
Os07g0522500,LOC_Os07g33780,"leaf epidermis,leaf mesophyll,mestome sheath,leaf procambium",Leaf,ABCG43,PCMDB
Os07g0523300,LOC_Os07g33898,"leaf epidermis,leaf mesophyll",Leaf,OsRPL44,PCMDB
Os07g0526400,LOC_Os07g34260,"leaf epidermis,leaf mesophyll",Leaf,OsPKS15,PCMDB
Os07g0526600,LOC_Os07g34280,"leaf mesophyll,leaf procambium",Leaf,Os07g0526600,PCMDB
Os07g0529800,LOC_Os07g34589,"leaf mesophyll,mestome sheath",Leaf,GOS2,PCMDB
Os07g0530400,LOC_Os07g34620,"leaf epidermis,leaf mesophyll,mestome sheath,leaf procambium",Leaf,Os_F0782,PCMDB
Os07g0530700,LOC_Os07g34650,"leaf epidermis,leaf mesophyll,leaf procambium",Leaf,P0681F05.121-1,PCMDB
Os07g0531600,LOC_Os07g34730,"leaf epidermis,mestome sheath",Leaf,P0681F05.133,PCMDB
Os07g0533800,LOC_Os07g34940,"leaf mesophyll,mestome sheath",Leaf,Os07g0533800,PCMDB
Os07g0535800,LOC_Os07g35140,"leaf epidermis,leaf mesophyll,leaf procambium",Leaf,OJ1058_A12.113,PCMDB
Os07g0537200,LOC_Os07g35280,leaf mesophyll,Leaf,OsRLCK234,PCMDB
Os07g0537300,LOC_Os07g35290,"leaf epidermis,leaf mesophyll,leaf procambium",Leaf,Os07g0537300,PCMDB
Os07g0537400,LOC_Os07g35300,"leaf mesophyll,leaf procambium",Leaf,Os07g0537400,PCMDB
Os07g0537500,LOC_Os07g35310,"leaf mesophyll,mestome sheath,leaf procambium",Leaf,Os07g0537500,PCMDB
Os07g0537600,LOC_Os07g35330,leaf mesophyll,Leaf,Os07g0537600,PCMDB
Os07g0537900,LOC_Os07g35340,leaf procambium,Leaf,OJ1058_A12.141-1,PCMDB
Os07g0538000,LOC_Os07g35350,leaf procambium,Leaf,OJ1058_A12.142,PCMDB
Os07g0538300,LOC_Os07g35380,"leaf epidermis,leaf mesophyll",Leaf,Os07g0538300,PCMDB
Os07g0538400,LOC_Os07g35390,leaf procambium,Leaf,OsRLCK235,PCMDB
Os07g0538700,LOC_Os07g35410,"mestome sheath,leaf procambium",Leaf,Os07g0538700,PCMDB
Os07g0539700,LOC_Os07g35540,"leaf mesophyll,leaf procambium,Phloem",Leaf,Os07g0539700,PCMDB
Os07g0541400,LOC_Os07g35690,leaf mesophyll,Leaf,CRK6,PCMDB
Os07g0541800,LOC_Os07g35740,"mestome sheath,Leaf preprocambium",Leaf,OJ1008_E09.122,PCMDB
Os07g0542400,LOC_Os07g35790,leaf procambium,Leaf,Os07g0542400,PCMDB
Os07g0543000,LOC_Os07g35870,leaf mesophyll,Leaf,OsbHLH057,PCMDB
Os07g0544800,LOC_Os07g36080,"leaf epidermis,leaf mesophyll,mestome sheath,leaf procambium",Leaf,Os07g0544800,PCMDB
Os07g0544900,LOC_Os07g36090,leaf epidermis,Leaf,OsRPL28,PCMDB
Os07g0545300,LOC_Os07g36130,"leaf epidermis,leaf mesophyll,leaf procambium,leaf initial cell",Leaf,Os07g0545300,PCMDB
Os07g0545800,LOC_Os07g36170,"leaf epidermis,leaf mesophyll,mestome sheath,leaf procambium",Leaf,CIGR1,PCMDB
Os07g0546000,LOC_Os07g36190,"leaf epidermis,leaf mesophyll,leaf procambium",Leaf,IPI,PCMDB
Os07g0546200,LOC_Os07g36210,"leaf epidermis,leaf mesophyll,mestome sheath,leaf procambium",Leaf,Os07g0546200,PCMDB
Os07g0548800,LOC_Os07g36410,"leaf epidermis,leaf mesophyll,mestome sheath,leaf procambium",Leaf,Os07g0548800,PCMDB
Os07g0549800,LOC_Os07g36490,"leaf epidermis,leaf mesophyll,mestome sheath,leaf procambium",Leaf,P0534A03.127,PCMDB
Os07g0549900,LOC_Os07g36500,"leaf mesophyll,leaf initial cell",Leaf,OSJNBb0064P21.1,PCMDB
Os07g0550500,LOC_Os07g36544,"leaf mesophyll,leaf procambium",Leaf,Os07g0550500,PCMDB
Os07g0550600,LOC_Os07g36560,"leaf procambium,Leaf preprocambium",Leaf,OSJNBb0041B22.105,PCMDB
Os07g0550900,LOC_Os07g36570,"leaf mesophyll,mestome sheath,leaf procambium",Leaf,P0534A03.140,PCMDB
Os07g0551300,LOC_Os07g36590,"leaf mesophyll,mestome sheath",Leaf,OSJNBb0041B22.109,PCMDB
Os07g0551400,LOC_Os07g36600,"leaf epidermis,leaf mesophyll,mestome sheath,leaf procambium",Leaf,OSJNBb0041B22.112-2,PCMDB
Os07g0553700,LOC_Os07g36800,mestome sheath,Leaf,Os07g0553700,PCMDB
Os07g0555200,LOC_Os07g36940,leaf mesophyll,Leaf,eIF4Gtsv1,PCMDB
Os07g0556200,LOC_Os07g37030,"leaf epidermis,leaf mesophyll,mestome sheath,leaf procambium,Mesophyll precursor",Leaf,petC,PCMDB
Os07g0557200,LOC_Os07g37110,"leaf mesophyll,mestome sheath,leaf procambium",Leaf,Os07g0557200,PCMDB
Os07g0558200,LOC_Os07g37220,"leaf mesophyll,mestome sheath,leaf procambium",Leaf,Os07g0558200,PCMDB
Os07g0558400,LOC_Os07g37240,"leaf epidermis,leaf mesophyll,mestome sheath,leaf procambium",Leaf,CP29,PCMDB
Os07g0558500,LOC_Os07g37250,"leaf epidermis,leaf mesophyll,mestome sheath,leaf procambium",Leaf,OsNYC4,PCMDB
Os07g0559400,LOC_Os07g37310,"leaf epidermis,Xylem",Leaf,Os07g0559400,PCMDB
Os07g0559700,LOC_Os07g37320,leaf mesophyll,Leaf,OsMST6,PCMDB
Os07g0560300,LOC_Os07g37350,"leaf epidermis,leaf mesophyll",Leaf,Os07g0560300,PCMDB
Os07g0561300,LOC_Os07g37400,"leaf mesophyll,leaf procambium",Leaf,OsFbox396,PCMDB
Os07g0561500,LOC_Os07g37420,"leaf epidermis,leaf mesophyll,mestome sheath",Leaf,Os07g0561500,PCMDB
Os07g0561800,LOC_Os07g37454,leaf mesophyll,Leaf,Os07g0561800,PCMDB
Os07g0562700,LOC_Os07g37550,"leaf epidermis,leaf mesophyll,mestome sheath,leaf procambium,Mesophyll precursor",Leaf,Os07g0562700,PCMDB
Os07g0563000,LOC_Os07g37580,"leaf mesophyll,leaf procambium",Leaf,Os07g0563000,PCMDB
Os07g0563300,LOC_Os07g37610,leaf epidermis,Leaf,GD1,PCMDB
Os07g0563400,LOC_Os07g37620,leaf mesophyll,Leaf,OJ1720_F04.106,PCMDB
Os07g0563800,LOC_Os07g37650,"leaf epidermis,leaf mesophyll,mestome sheath",Leaf,OJ1720_F04.113,PCMDB
Os07g0564500,LOC_Os07g37730,"leaf epidermis,leaf mesophyll,leaf procambium",Leaf,OJ1112_E08.115,PCMDB
Os07g0564600,LOC_Os07g37740,"leaf epidermis,leaf mesophyll,mestome sheath,leaf procambium,Mesophyll precursor",Leaf,SCAMP1,PCMDB
Os07g0564700,LOC_Os07g37750,"leaf epidermis,leaf mesophyll",Leaf,Os07g0564700,PCMDB
Os07g0564750,LOC_Os07g37750,"leaf epidermis,leaf mesophyll",Leaf,Os07g0564750,PCMDB
Os07g0565600,LOC_Os07g37830,leaf mesophyll,Leaf,OsCYP37,PCMDB
Os07g0565800,LOC_Os07g37850,"leaf epidermis,leaf mesophyll,mestome sheath,leaf procambium",Leaf,OJ1773_H01.114,PCMDB
Os07g0566200,LOC_Os07g37890,"leaf mesophyll,mestome sheath",Leaf,OsPP2C64,PCMDB
Os07g0567400,LOC_Os07g38000,leaf mesophyll,Leaf,Os07g0567400,PCMDB
Os07g0568300,LOC_Os07g38090,"leaf mesophyll,mestome sheath,leaf procambium",Leaf,OsC3H50,PCMDB
Os07g0568500,LOC_Os07g38110,leaf mesophyll,Leaf,OJ1092_A07.131,PCMDB
Os07g0568700,LOC_Os07g38130,leaf mesophyll,Leaf,FOR1,PCMDB
Os07g0569100,LOC_Os07g38170,"leaf epidermis,leaf mesophyll,mestome sheath,leaf procambium",Leaf,REM4.1,PCMDB
Os07g0569600,LOC_Os07g38230,"leaf epidermis,leaf mesophyll,mestome sheath",Leaf,Os07g0569600,PCMDB
Os07g0570100,LOC_Os07g38260,mestome sheath,Leaf,Os07g0570100,PCMDB
Os07g0570550,LOC_Os07g38290,leaf mesophyll,Leaf,Os07g0570550,PCMDB
Os07g0570600,LOC_Os07g38290,leaf mesophyll,Leaf,Os07g0570600,PCMDB
Os07g0570700,LOC_Os07g38300,"leaf epidermis,leaf mesophyll,mestome sheath,leaf procambium",Leaf,Os07g0570700,PCMDB
Os07g0571100,LOC_Os07g38360,"leaf mesophyll,leaf procambium",Leaf,Os07g0571100,PCMDB
Os07g0571300,LOC_Os07g38370,mestome sheath,Leaf,Os07g0571300,PCMDB
Os07g0571500,LOC_Os07g38380,mestome sheath,Leaf,Os07g0571500,PCMDB
Os07g0571900,LOC_Os07g38420,"leaf mesophyll,mestome sheath,leaf procambium",Leaf,Os07g0571900,PCMDB
Os07g0572000,LOC_Os07g38430,mestome sheath,Leaf,OsWDR5b,PCMDB
Os07g0572900,LOC_Os07g38540,"leaf epidermis,leaf procambium",Leaf,RPS13,PCMDB
Os07g0573800,LOC_Os07g38620,"leaf epidermis,mestome sheath,leaf procambium",Leaf,OJ1562_B11.101-1,PCMDB
Os07g0574800,LOC_Os07g38730,leaf epidermis,Leaf,OsTubA1,PCMDB
Os07g0575100,LOC_Os07g38760,"leaf epidermis,leaf procambium",Leaf,OJ1562_B11.122,PCMDB
Os07g0575900,LOC_Os07g38840,"leaf epidermis,leaf mesophyll,mestome sheath,leaf procambium",Leaf,OJ1562_B11.134,PCMDB
Os07g0577600,LOC_Os07g38960,"leaf mesophyll,mestome sheath,leaf procambium",Leaf,OJ1065_B06.19-1,PCMDB
Os07g0577700,LOC_Os07g38970,leaf mesophyll,Leaf,Os07g0577700,PCMDB
Os07g0578600,LOC_Os07g39070,"leaf epidermis,leaf mesophyll,leaf procambium",Leaf,Os07g0578600,PCMDB
Os07g0580300,LOC_Os07g39210,"leaf epidermis,leaf mesophyll,leaf procambium",Leaf,P0453G03.19,PCMDB
Os07g0580500,LOC_Os07g39220,"leaf epidermis,leaf mesophyll,mestome sheath,leaf procambium,Mesophyll precursor",Leaf,BZR1,PCMDB
Os07g0580800,LOC_Os07g39260,leaf mesophyll,Leaf,Os07g0580800,PCMDB
Os07g0580900,LOC_Os07g39270,"leaf epidermis,leaf mesophyll,leaf procambium",Leaf,OsGGPPS1,PCMDB
Os07g0581366,LOC_Os07g39310,"leaf mesophyll,mestome sheath",Leaf,OsIDD5,PCMDB
Os07g0581400,LOC_Os07g39310,"leaf mesophyll,mestome sheath",Leaf,OsIDD5,PCMDB
Os07g0582400,LOC_Os07g39350,"leaf epidermis,leaf mesophyll,mestome sheath,leaf procambium",Leaf,Os07g0582400,PCMDB
Os07g0583600,LOC_Os07g39470,"leaf epidermis,leaf mesophyll,mestome sheath,leaf procambium",Leaf,CIGR2,PCMDB
Os07g0584000,LOC_Os07g39510,"leaf epidermis,leaf mesophyll,mestome sheath",Leaf,OJ1127_E01.118,PCMDB
Os07g0584100,LOC_Os07g39520,leaf mesophyll,Leaf,OsWNK5,PCMDB
Os07g0584200,LOC_Os07g39530,mestome sheath,Leaf,Os07g0584200,PCMDB
Os07g0584500,LOC_Os07g39560,leaf mesophyll,Leaf,OJ1127_E01.125,PCMDB
Os07g0584900,LOC_Os07g39590,leaf epidermis,Leaf,OJ1060_D03.106,PCMDB
Os07g0585000,LOC_Os07g39620,"leaf epidermis,leaf mesophyll,leaf procambium",Leaf,OJ1060_D03.112,PCMDB
Os07g0585800,LOC_Os07g39710,"leaf epidermis,leaf mesophyll,leaf procambium",Leaf,OJ1060_D03.128,PCMDB
Os07g0585900,LOC_Os07g39720,"leaf epidermis,leaf mesophyll,mestome sheath,leaf procambium",Leaf,OJ1113_E01.102,PCMDB
Os07g0586000,LOC_Os07g39730,leaf mesophyll,Leaf,Os07g0586000,PCMDB
Os07g0586200,LOC_Os07g39750,leaf mesophyll,Leaf,OsGELP92,PCMDB
Os07g0586500,LOC_Os07g39780,leaf mesophyll,Leaf,Os07g0586500,PCMDB
Os07g0586800,LOC_Os07g39810,"leaf mesophyll,mestome sheath",Leaf,Os07g0586800,PCMDB
Os07g0587200,LOC_Os07g39850,leaf epidermis,Leaf,Os07g0587200,PCMDB
Os07g0587250,LOC_Os07g39850,leaf epidermis,Leaf,Os07g0587250,PCMDB
Os07g0587300,LOC_Os07g39860,leaf mesophyll,Leaf,Os07g0587300,PCMDB
Os07g0587400,LOC_Os07g39870,"leaf epidermis,leaf mesophyll,mestome sheath,leaf procambium",Leaf,Os07g0587400,PCMDB
Os07g0587500,LOC_Os07g39880,"leaf mesophyll,mestome sheath,leaf procambium",Leaf,Os07g0587500,PCMDB
Os07g0588800,LOC_Os07g39980,leaf mesophyll,Leaf,OSJNBb0005G07.121-1,PCMDB
Os07g0589000,LOC_Os07g40000,leaf mesophyll,Leaf,Os07g0589000,PCMDB
Os07g0589400,LOC_Os07g40030,leaf mesophyll,Leaf,OsWD40-146,PCMDB
Os07g0592000,LOC_Os07g40240,"leaf mesophyll,leaf procambium",Leaf,Os07g0592000,PCMDB
Os07g0592100,LOC_Os07g40250,"leaf epidermis,leaf mesophyll,mestome sheath,leaf procambium",Leaf,Os07g0592100,PCMDB
Os07g0592600,LOC_Os07g40290,"leaf epidermis,leaf mesophyll,mestome sheath,leaf procambium",Leaf,GH3-8,PCMDB
Os07g0593332,LOC_Os07g40320,"leaf epidermis,leaf mesophyll",Leaf,Os07g0593332,PCMDB
Os07g0593400,LOC_Os07g40320,"leaf epidermis,leaf mesophyll",Leaf,Os07g0593400,PCMDB
Os07g0595700,LOC_Os07g40450,leaf mesophyll,Leaf,P0453E05.101,PCMDB
Os07g0595800,LOC_Os07g40460,leaf mesophyll,Leaf,P0453E05.102,PCMDB
Os07g0596600,LOC_Os07g40550,"leaf mesophyll,mestome sheath",Leaf,Orysa,PCMDB
Os07g0597000,LOC_Os07g40580,"leaf epidermis,leaf mesophyll,leaf procambium",Leaf,P0453E05.118,PCMDB
Os07g0597200,LOC_Os07g40630,"leaf epidermis,leaf mesophyll,mestome sheath,leaf procambium",Leaf,Os07g0597200,PCMDB
Os07g0597400,LOC_Os07g40640,mestome sheath,Leaf,Os07g0597400,PCMDB
Os07g0598200,LOC_Os07g40710,"leaf epidermis,leaf mesophyll,leaf procambium",Leaf,Os_F0793,PCMDB
Os07g0599500,LOC_Os07g40850,mestome sheath,Leaf,OJ1634_B10.112,PCMDB
Os07g0599600,LOC_Os07g40860,mestome sheath,Leaf,OJ1634_B10.113,PCMDB
Os07g0599700,LOC_Os07g40870,mestome sheath,Leaf,OJ1634_B10.115,PCMDB
Os07g0599900,LOC_Os07g40890,mestome sheath,Leaf,OJ1634_B10.117,PCMDB
Os07g0600200,LOC_Os07g40910,mestome sheath,Leaf,OJ1634_B10.120,PCMDB
Os07g0600700,LOC_Os07g40940,"leaf epidermis,leaf mesophyll,mestome sheath,leaf procambium",Leaf,Os07g0600700,PCMDB
Os07g0601600,LOC_Os07g41050,"leaf mesophyll,leaf procambium",Leaf,OJ2013_G04.118,PCMDB
Os07g0602000,LOC_Os07g41070,"leaf epidermis,leaf mesophyll,mestome sheath,leaf procambium",Leaf,DHFR,PCMDB
Os07g0603600,LOC_Os07g41230,leaf mesophyll,Leaf,Os07g0603600,PCMDB
Os07g0604000,LOC_Os07g41280,"leaf epidermis,mestome sheath",Leaf,Os07g0604000,PCMDB
Os07g0604300,LOC_Os07g41310,leaf mesophyll,Leaf,BC1L6,PCMDB
Os07g0604600,LOC_Os07g41340,leaf epidermis,Leaf,Os07g0604600,PCMDB
Os07g0604700,LOC_Os07g41350,"leaf mesophyll,leaf procambium",Leaf,OsB12D1,PCMDB
Os07g0604800,LOC_Os07g41360,"leaf epidermis,leaf mesophyll,mestome sheath,leaf procambium,Xylem",Leaf,UAM3,PCMDB
Os07g0605200,LOC_Os07g41370,"leaf epidermis,leaf mesophyll,mestome sheath,leaf procambium,Mesophyll precursor",Leaf,MADS18,PCMDB
Os07g0605400,LOC_Os07g41410,"leaf mesophyll,Phloem",Leaf,Os07g0605400,PCMDB
Os07g0605800,LOC_Os07g41460,"leaf epidermis,leaf mesophyll,mestome sheath,leaf procambium",Leaf,Os07g0605800,PCMDB
Os07g0606800,LOC_Os07g41590,"leaf epidermis,leaf mesophyll,mestome sheath,leaf procambium",Leaf,Os07g0606800,PCMDB
Os07g0606900,LOC_Os07g41600,"leaf epidermis,leaf mesophyll,leaf procambium",Leaf,Os07g0606900,PCMDB
Os07g0607400,LOC_Os07g41650,leaf procambium,Leaf,OsPME20,PCMDB
Os07g0607700,LOC_Os07g41680,"leaf epidermis,leaf mesophyll,leaf procambium",Leaf,Os07g0607700,PCMDB
Os07g0607800,LOC_Os07g41694,"leaf mesophyll,mestome sheath,leaf procambium,leaf initial cell",Leaf,OSJNBa0072I06.32,PCMDB
Os07g0608100,LOC_Os07g41710,"leaf epidermis,leaf mesophyll,leaf procambium",Leaf,Os07g0608100,PCMDB
Os07g0608400,LOC_Os07g41740,leaf mesophyll,Leaf,Os07g0608400,PCMDB
Os07g0608500,LOC_Os07g41750,leaf mesophyll,Leaf,Os07g0608500,PCMDB
Os07g0608700,LOC_Os07g41790,"leaf epidermis,leaf mesophyll",Leaf,Os07g0608700,PCMDB
Os07g0608900,LOC_Os07g41810,leaf procambium,Leaf,Os07g0608900,PCMDB
Os07g0609000,LOC_Os07g41820,leaf mesophyll,Leaf,Os07g0609000,PCMDB
Os07g0613500,LOC_Os07g42200,"leaf epidermis,leaf mesophyll,mestome sheath,leaf procambium",Leaf,P0616D06.105,PCMDB
Os07g0614000,LOC_Os07g42250,"leaf mesophyll,leaf procambium",Leaf,OsSTRL12,PCMDB
Os07g0614100,LOC_Os07g42260,"leaf mesophyll,leaf procambium",Leaf,P0616D06.113,PCMDB
Os07g0614300,LOC_Os07g42280,leaf epidermis,Leaf,Os07g0614300,PCMDB
Os07g0614500,LOC_Os07g42300,leaf mesophyll,Leaf,eEF-1beta,PCMDB
Os07g0615200,LOC_Os07g42370,"leaf epidermis,leaf mesophyll",Leaf,OsJAZ6,PCMDB
Os07g0615400,LOC_Os07g42380,mestome sheath,Leaf,P0616D06.127-1,PCMDB
Os07g0615800,LOC_Os07g42395,"leaf epidermis,leaf mesophyll,leaf procambium",Leaf,B1056G08.105,PCMDB
Os07g0616600,LOC_Os07g42450,"leaf epidermis,leaf mesophyll",Leaf,40SRPS,PCMDB
Os07g0617000,LOC_Os07g42510,leaf mesophyll,Leaf,OsERF#065,PCMDB
Os07g0617100,LOC_Os07g42520,"leaf epidermis,leaf mesophyll,mestome sheath,leaf procambium",Leaf,B1056G08.121,PCMDB
Os07g0617700,LOC_Os07g42590,"leaf mesophyll,mestome sheath",Leaf,OsFbox397,PCMDB
Os07g0618400,LOC_Os07g42626,mestome sheath,Leaf,Os07g0618400,PCMDB
Os07g0618600,LOC_Os07g42640,"leaf epidermis,leaf mesophyll,mestome sheath,leaf procambium",Leaf,Os07g0618600,PCMDB
Os07g0618700,LOC_Os07g42650,leaf epidermis,Leaf,P0560B08.105,PCMDB
Os07g0619400,LOC_Os07g42730,vascular leaf,Leaf,P0560B08.113,PCMDB
Os07g0619500,LOC_Os07g42740,"leaf epidermis,leaf mesophyll,leaf procambium",Leaf,P0560B08.115,PCMDB
Os07g0621300,LOC_Os07g42890,"leaf mesophyll,mestome sheath,leaf procambium",Leaf,Os07g0621300,PCMDB
Os07g0622000,LOC_Os07g42940,"leaf epidermis,leaf mesophyll",Leaf,SAPK2,PCMDB
Os07g0622100,LOC_Os07g42950,"leaf epidermis,leaf mesophyll",Leaf,P0594D10.135,PCMDB
Os07g0622200,LOC_Os07g42960,mestome sheath,Leaf,OsDAHP1,PCMDB
Os07g0623000,LOC_Os07g43020,leaf mesophyll,Leaf,P0524E08.108,PCMDB
Os07g0623400,LOC_Os07g43060,leaf epidermis,Leaf,P0524E08.113,PCMDB
Os07g0623600,LOC_Os07g43070,"mestome sheath,leaf procambium",Leaf,P0524E08.116,PCMDB
Os07g0625400,LOC_Os07g43240,"leaf epidermis,leaf mesophyll",Leaf,OSK28,PCMDB
Os07g0625800,LOC_Os07g43290,"leaf epidermis,mestome sheath",Leaf,OsLLA7,PCMDB
Os07g0626100,LOC_Os07g43310,"leaf epidermis,leaf mesophyll",Leaf,OJ1339_F05.119,PCMDB
Os07g0626400,LOC_Os07g43330,leaf mesophyll,Leaf,OsDjC60,PCMDB
Os07g0626600,LOC_Os07g43360,"leaf mesophyll,leaf procambium",Leaf,OsHAM701,PCMDB
Os07g0627000,LOC_Os07g43390,leaf mesophyll,Leaf,OsDPE1,PCMDB
Os07g0627800,LOC_Os07g43470,"leaf epidermis,leaf mesophyll",Leaf,P0506F02.114,PCMDB
Os07g0628400,LOC_Os07g43510,leaf epidermis,Leaf,Os07g0628400,PCMDB
Os07g0628500,LOC_Os07g43530,"leaf epidermis,leaf mesophyll,leaf procambium",Leaf,OsbHLH1,PCMDB
Os07g0629500,LOC_Os07g43604,leaf mesophyll,Leaf,Os07g0629500,PCMDB
Os07g0631100,LOC_Os07g43730,"leaf epidermis,leaf mesophyll,leaf procambium",Leaf,Os07g0631100,PCMDB
Os07g0631200,LOC_Os07g43740,"leaf epidermis,leaf mesophyll,mestome sheath",Leaf,P0519E12.104,PCMDB
Os07g0631300,LOC_Os07g43770,"leaf mesophyll,mestome sheath,leaf procambium",Leaf,P0519E12.107,PCMDB
Os07g0631700,LOC_Os07g43800,"leaf epidermis,leaf mesophyll",Leaf,P0519E12.112,PCMDB
Os07g0631900,LOC_Os07g43810,leaf mesophyll,Leaf,P0519E12.113,PCMDB
Os07g0632600,LOC_Os07g43870,leaf procambium,Leaf,P0519E12.120,PCMDB
Os07g0632700,LOC_Os07g43890,mestome sheath,Leaf,P0519E12.121,PCMDB
Os07g0633100,LOC_Os07g43940,"leaf epidermis,leaf mesophyll,mestome sheath,leaf procambium",Leaf,Os07g0633100,PCMDB
Os07g0633200,LOC_Os07g43950,leaf mesophyll,Leaf,P0519E12.127,PCMDB
Os07g0633400,LOC_Os07g43970,"leaf epidermis,leaf mesophyll,mestome sheath",Leaf,P0455H11.102,PCMDB
Os07g0633600,LOC_Os07g43990,leaf procambium,Leaf,P0519E12.134,PCMDB
Os07g0633800,LOC_Os07g44004,"leaf epidermis,leaf mesophyll",Leaf,Os07g0633800,PCMDB
Os07g0634200,LOC_Os07g44040,"leaf mesophyll,leaf procambium",Leaf,OsRab11G1,PCMDB
Os07g0634400,LOC_Os07g44060,mestome sheath,Leaf,P0455H11.115,PCMDB
Os07g0634600,LOC_Os07g44070,"leaf epidermis,leaf mesophyll,leaf procambium",Leaf,P0455H11.118-1,PCMDB
Os07g0634900,LOC_Os07g44090,leaf epidermis,Leaf,OsMYB86,PCMDB
Os07g0635500,LOC_Os07g44140,leaf epidermis,Leaf,OsCYP709C5,PCMDB
Os07g0635900,LOC_Os07g44180,"leaf epidermis,leaf mesophyll,mestome sheath,leaf procambium",Leaf,OsLti6a,PCMDB
Os07g0636800,LOC_Os07g44280,"mestome sheath,leaf procambium",Leaf,OJ1136_D11.118,PCMDB
Os07g0637000,LOC_Os07g44290,"leaf mesophyll,mestome sheath",Leaf,OsCIPK21,PCMDB
Os07g0637100,LOC_Os07g44310,"leaf epidermis,leaf mesophyll,mestome sheath",Leaf,Os07g0637100,PCMDB
Os07g0637150,LOC_Os07g44310,"leaf epidermis,leaf mesophyll,mestome sheath",Leaf,Os07g0637150,PCMDB
Os07g0637300,LOC_Os07g44330,"leaf epidermis,leaf mesophyll,mestome sheath,leaf procambium",Leaf,OS-PYDK,PCMDB
Os07g0637400,LOC_Os07g44350,"leaf epidermis,leaf mesophyll,mestome sheath,leaf procambium,Xylem",Leaf,OsNPSN13,PCMDB
Os07g0638000,LOC_Os07g44400,leaf epidermis,Leaf,Os07g0638000,PCMDB
Os07g0638100,LOC_Os07g44410,"leaf mesophyll,leaf epidermis",Leaf,OJ1340_C08.105,PCMDB
Os07g0638400,LOC_Os07g44440,leaf mesophyll,Leaf,Os1-Cys,PCMDB
Os07g0639600,LOC_Os07g44610,"leaf epidermis,leaf mesophyll,mestome sheath,leaf procambium",Leaf,OJ1340_C08.130,PCMDB
Os07g0639800,LOC_Os07g44620,leaf epidermis,Leaf,eIF-6,PCMDB
Os07g0640100,LOC_Os07g44650,"leaf epidermis,leaf mesophyll,mestome sheath,leaf procambium",Leaf,OJ1340_C08.134,PCMDB
Os07g0640200,LOC_Os07g44660,leaf mesophyll,Leaf,OJ1340_C08.135,PCMDB
Os07g0641200,LOC_Os07g44710,"leaf epidermis,mestome sheath,leaf procambium",Leaf,OsCDPK30,PCMDB
Os07g0642300,LOC_Os07g44790,"leaf epidermis,mestome sheath",Leaf,P0524G08.123,PCMDB
Os07g0643400,LOC_Os07g44890,"leaf epidermis,leaf mesophyll,mestome sheath,Leaf preprocambium",Leaf,OJ1003_C06.126,PCMDB
Os07g0644100,LOC_Os07g44950,mestome sheath,Leaf,OsbZIP60,PCMDB
Os07g0645000,LOC_Os07g45060,"leaf epidermis,leaf mesophyll,mestome sheath,leaf procambium",Leaf,OJ1458_B07.124,PCMDB
Os07g0645100,LOC_Os07g45064,leaf epidermis,Leaf,Os07g0645100,PCMDB
Os07g0645400,LOC_Os07g45090,"leaf epidermis,leaf mesophyll,leaf procambium",Leaf,P0503D09.102,PCMDB
Os07g0646600,LOC_Os07g45194,leaf mesophyll,Leaf,P0503D09.119-1,PCMDB
Os07g0647400,LOC_Os07g45310,leaf mesophyll,Leaf,P0503D09.130,PCMDB
Os07g0647500,LOC_Os07g45320,"leaf epidermis,leaf mesophyll,mestome sheath,leaf procambium",Leaf,OJ1316_A04.115,PCMDB
Os07g0647800,LOC_Os07g45350,leaf mesophyll,Leaf,Os07g0647800,PCMDB
Os07g0648266,LOC_Os07g45400,"leaf epidermis,leaf mesophyll,leaf procambium",Leaf,OsMed12_1,PCMDB
Os07g0648300,LOC_Os07g45400,"leaf epidermis,leaf mesophyll,leaf procambium",Leaf,OsMed12_1,PCMDB
Os07g0648566,LOC_Os07g45439,"leaf mesophyll,leaf procambium",Leaf,Os07g0648566,PCMDB
Os07g0653900,LOC_Os07g46030,"leaf mesophyll,leaf procambium",Leaf,Os07g0653900,PCMDB
Os07g0655400,LOC_Os07g46170,"leaf epidermis,leaf mesophyll",Leaf,OsRhmbd13,PCMDB
Os07g0656200,LOC_Os07g46280,leaf mesophyll,Leaf,Os7bglu26,PCMDB
Os07g0656800,LOC_Os07g46340,"leaf epidermis,leaf mesophyll,mestome sheath,leaf procambium",Leaf,Os07g0656800,PCMDB
Os07g0656900,LOC_Os07g46350,"leaf epidermis,leaf procambium",Leaf,OsSCP40,PCMDB
Os07g0657200,LOC_Os07g46370,leaf mesophyll,Leaf,OsWD40-148,PCMDB
Os07g0657400,LOC_Os07g46380,"leaf epidermis,leaf mesophyll,mestome sheath,leaf procambium",Leaf,P0047B07.123,PCMDB
Os07g0657500,LOC_Os07g46390,"leaf epidermis,leaf mesophyll,mestome sheath,leaf procambium",Leaf,P0047B07.125-1,PCMDB
Os07g0658100,LOC_Os07g46430,mestome sheath,Leaf,Os07g0658100,PCMDB
Os07g0658300,LOC_Os07g46450,mestome sheath,Leaf,Spin6.2,PCMDB
Os07g0658400,LOC_Os07g46460,leaf mesophyll,Leaf,OsGLU,PCMDB
Os07g0658600,LOC_Os07g46480,"leaf mesophyll,mestome sheath,leaf procambium,Mesophyll precursor",Leaf,P0047B07.135,PCMDB
Os07g0659300,LOC_Os07g46510,"leaf epidermis,leaf mesophyll,leaf procambium",Leaf,Os07g0659300,PCMDB
Os07g0659700,LOC_Os07g46555,leaf epidermis,Leaf,Os_F0300,PCMDB
Os07g0659900,LOC_Os07g46570,"leaf mesophyll,leaf procambium",Leaf,OsGRL16,PCMDB
Os07g0660200,LOC_Os07g46590,"leaf epidermis,leaf mesophyll",Leaf,CHR705,PCMDB
Os07g0661100,LOC_Os07g46640,leaf procambium,Leaf,P0496C02.125,PCMDB
Os07g0661400,LOC_Os07g46670,leaf mesophyll,Leaf,P0496C02.128,PCMDB
Os07g0661500,LOC_Os07g46690,leaf epidermis,Leaf,Os07g0661500,PCMDB
Os07g0661550,LOC_Os07g46690,leaf epidermis,Leaf,Os07g0661550,PCMDB
Os07g0661600,LOC_Os07g46700,"leaf epidermis,leaf procambium",Leaf,OsRFPHC-4,PCMDB
Os07g0661700,LOC_Os07g46710,leaf procambium,Leaf,P0453E03.109,PCMDB
Os07g0662500,LOC_Os07g46750,"leaf epidermis,leaf mesophyll",Leaf,eEF-1beta',PCMDB
Os07g0663000,LOC_Os07g46800,"leaf mesophyll,leaf procambium",Leaf,Os07g0663000,PCMDB
Os07g0663500,LOC_Os07g46830,leaf mesophyll,Leaf,Os07g0663500,PCMDB
Os07g0663800,LOC_Os07g46852,"leaf epidermis,leaf mesophyll,mestome sheath,leaf procambium",Leaf,OsSDR110C-MI4,PCMDB
Os07g0663900,LOC_Os07g46860,leaf procambium,Leaf,OJ1343_D04.117,PCMDB
Os07g0664200,LOC_Os07g46910,"leaf mesophyll,mestome sheath,leaf procambium",Leaf,Os07g0664200,PCMDB
Os07g0664400,LOC_Os07g46930,"leaf epidermis,leaf mesophyll",Leaf,Os07g0664400,PCMDB
Os07g0665200,LOC_Os07g46990,leaf procambium,Leaf,Cu/Zn-SOD,PCMDB
Os07g0665700,LOC_Os07g47030,mestome sheath,Leaf,Os07g0665700,PCMDB
Os07g0666900,LOC_Os07g47100,"leaf mesophyll,mestome sheath,leaf procambium",Leaf,NHX1,PCMDB
Os07g0667000,LOC_Os07g47110,"leaf mesophyll,mestome sheath,leaf procambium",Leaf,OsTLP7,PCMDB
Os07g0668000,LOC_Os07g47180,leaf epidermis,Leaf,Orysa,PCMDB
Os07g0668200,LOC_Os07g47201,"leaf epidermis,leaf mesophyll",Leaf,P0450A04.139,PCMDB
Os07g0668300,LOC_Os07g47210,mestome sheath,Leaf,OsGELP94,PCMDB
Os07g0669100,LOC_Os07g47290,"leaf epidermis,leaf mesophyll,Mesophyll precursor",Leaf,OsXYLA1,PCMDB
Os07g0669600,LOC_Os07g47340,leaf epidermis,Leaf,P0625E02.128,PCMDB
Os07g0669800,LOC_Os07g47360,"leaf mesophyll,mestome sheath,leaf procambium",Leaf,OsCW-ZF7,PCMDB
Os07g0669900,LOC_Os07g47360,"leaf mesophyll,mestome sheath,leaf procambium",Leaf,Os07g0669900,PCMDB
Os07g0670100,LOC_Os07g47380,leaf mesophyll,Leaf,Os07g0670100,PCMDB
Os07g0671100,LOC_Os07g47460,"leaf epidermis,leaf mesophyll,mestome sheath,leaf procambium",Leaf,Os07g0671100,PCMDB
Os07g0671800,LOC_Os07g47510,mestome sheath,Leaf,Os07g0671800,PCMDB
Os07g0672500,LOC_Os07g47530,leaf mesophyll,Leaf,P0470D12.132,PCMDB
Os07g0673100,LOC_Os07g47580,"leaf mesophyll,mestome sheath",Leaf,OsTINP1,PCMDB
Os07g0673200,LOC_Os07g47590,"leaf mesophyll,leaf procambium",Leaf,OsNLA1,PCMDB
Os07g0673400,LOC_Os07g47620,"leaf epidermis,leaf mesophyll,mestome sheath",Leaf,OsUsp1,PCMDB
Os07g0673500,LOC_Os07g47630,"leaf epidermis,leaf mesophyll",Leaf,Os07g0673500,PCMDB
Os07g0673550,LOC_Os07g47640,"leaf mesophyll,mestome sheath,leaf procambium,Mesophyll precursor",Leaf,P0470D12.144,PCMDB
Os07g0673801,LOC_Os07g47660,"leaf epidermis,leaf mesophyll,mestome sheath,leaf procambium",Leaf,Os07g0673801,PCMDB
Os07g0673900,LOC_Os07g47670,"leaf epidermis,leaf mesophyll,mestome sheath,leaf procambium",Leaf,HIGD2,PCMDB
Os07g0674100,LOC_Os07g47700,"leaf epidermis,mestome sheath,leaf procambium",Leaf,OsUXS6,PCMDB
Os07g0674200,LOC_Os07g47710,leaf epidermis,Leaf,P0618H09.1,PCMDB
Os07g0674400,LOC_Os07g47750,leaf mesophyll,Leaf,P0618H09.12,PCMDB
Os07g0674700,LOC_Os07g47780,"leaf epidermis,leaf mesophyll",Leaf,P0618H09.15,PCMDB
Os07g0674800,LOC_Os07g47790,"leaf mesophyll,mestome sheath",Leaf,OsERF#067,PCMDB
Os07g0676900,LOC_Os07g47990,"leaf epidermis,leaf mesophyll,mestome sheath,leaf procambium",Leaf,prx109,PCMDB
Os07g0677100,LOC_Os07g48010,"leaf mesophyll,mestome sheath,leaf procambium",Leaf,POX8.1,PCMDB
Os07g0677200,LOC_Os07g48020,leaf mesophyll,Leaf,POX22.3,PCMDB
Os07g0677900,LOC_Os07g48080,leaf mesophyll,Leaf,Os07g0677900,PCMDB
Os07g0679000,LOC_Os07g48130,"mestome sheath,leaf procambium",Leaf,OsHAK9,PCMDB
Os07g0679300,LOC_Os07g48160,"leaf epidermis,leaf mesophyll",Leaf,alpha-Gal,PCMDB
Os07g0680300,LOC_Os07g48244,"leaf epidermis,leaf mesophyll,leaf procambium",Leaf,P61,PCMDB
Os07g0680600,LOC_Os07g48280,"leaf epidermis,leaf mesophyll,mestome sheath,leaf procambium",Leaf,Os07g0680600,PCMDB
Os07g0680900,LOC_Os07g48290,"leaf mesophyll,mestome sheath,leaf procambium",Leaf,Os07g0680900,PCMDB
Os07g0681100,LOC_Os07g48310,mestome sheath,Leaf,Os07g0681100,PCMDB
Os07g0682400,LOC_Os07g48410,leaf mesophyll,Leaf,OsC3H53,PCMDB
Os07g0682800,LOC_Os07g48430,"leaf epidermis,leaf mesophyll,leaf procambium",Leaf,OsAPY,PCMDB
Os07g0683600,LOC_Os07g48460,mestome sheath,Leaf,Os07g0683600,PCMDB
Os07g0683900,LOC_Os07g48490,leaf mesophyll,Leaf,R40G2,PCMDB
Os07g0684100,LOC_Os07g48510,"leaf epidermis,leaf mesophyll,mestome sheath,leaf procambium",Leaf,Os07g0684100,PCMDB
Os07g0684800,LOC_Os07g48550,leaf epidermis,Leaf,ONAC015,PCMDB
Os07g0685000,LOC_Os07g48570,"leaf epidermis,leaf mesophyll,leaf procambium",Leaf,OsCDF3,PCMDB
Os07g0685600,LOC_Os07g48620,"leaf mesophyll,mestome sheath",Leaf,Os07g0685600,PCMDB
Os07g0685700,LOC_Os07g48630,leaf mesophyll,Leaf,EIL2,PCMDB
Os07g0686600,LOC_Os07g48710,"leaf epidermis,leaf mesophyll,mestome sheath,leaf procambium",Leaf,OsVQ30,PCMDB
Os07g0687100,LOC_Os07g48770,"mestome sheath,Xylem",Leaf,OJ1200_C08.123,PCMDB
Os07g0687200,LOC_Os07g48780,"leaf mesophyll,leaf procambium",Leaf,OsCam1-2,PCMDB
Os07g0687500,LOC_Os07g48810,"leaf epidermis,leaf mesophyll",Leaf,OsStr16,PCMDB
Os07g0687700,LOC_Os07g48820,"leaf epidermis,leaf mesophyll,mestome sheath,leaf procambium",Leaf,OsbZIP63,PCMDB
Os07g0687900,LOC_Os07g48830,"leaf epidermis,leaf mesophyll,mestome sheath",Leaf,wsi76,PCMDB
Os07g0691300,LOC_Os07g49114,"leaf epidermis,leaf mesophyll,mestome sheath,leaf procambium",Leaf,P0034A04.103,PCMDB
Os07g0692200,LOC_Os07g49200,leaf mesophyll,Leaf,Os07g0692200,PCMDB
Os07g0693500,LOC_Os07g49270,"leaf epidermis,leaf mesophyll,mestome sheath,leaf procambium",Leaf,AMPD,PCMDB
Os07g0693600,LOC_Os07g49280,"leaf epidermis,leaf mesophyll",Leaf,OsTBL14,PCMDB
Os07g0694000,LOC_Os07g49330,"leaf epidermis,leaf mesophyll,mestome sheath,leaf procambium",Leaf,OsPI-PLC1,PCMDB
Os07g0694600,LOC_Os07g49390,"leaf mesophyll,leaf procambium",Leaf,Mtr1,PCMDB
Os07g0694700,LOC_Os07g49400,"leaf mesophyll,mestome sheath",Leaf,APX2,PCMDB
Os07g0695400,LOC_Os07g49480,"leaf mesophyll,mestome sheath,leaf procambium",Leaf,Os07g0695400,PCMDB
Os07g0695800,LOC_Os07g49520,"leaf epidermis,leaf mesophyll,leaf procambium",Leaf,Os07g0695800,PCMDB
Os08g0101000,LOC_Os08g01090,leaf mesophyll,Leaf,IDEF1,PCMDB
Os08g0101500,LOC_Os08g01120,leaf procambium,Leaf,OsSultr5,PCMDB
Os08g0101700,LOC_Os08g01140,vascular leaf,Leaf,Os08g0101700,PCMDB
Os08g0102700,LOC_Os08g01220,"leaf mesophyll,mestome sheath",Leaf,Os08g0102700,PCMDB
Os08g0103000,LOC_Os08g01270,leaf mesophyll,Leaf,OsACTPK5,PCMDB
Os08g0103300,LOC_Os08g01290,"leaf epidermis,leaf mesophyll,mestome sheath",Leaf,OsTLP2,PCMDB
Os08g0103500,LOC_Os08g01310,"leaf epidermis,leaf mesophyll,mestome sheath,leaf procambium",Leaf,Os08g0103500,PCMDB
Os08g0104300,LOC_Os08g01360,leaf mesophyll,Leaf,OsRMR2,PCMDB
Os08g0104400,LOC_Os08g01370,"leaf epidermis,leaf mesophyll,mestome sheath,leaf procambium",Leaf,Os08g0104400,PCMDB
Os08g0104600,LOC_Os08g01380,"leaf epidermis,leaf mesophyll,mestome sheath,leaf procambium",Leaf,Fd1,PCMDB
Os08g0104700,LOC_Os08g01390,"leaf mesophyll,leaf procambium",Leaf,Os08g0104700,PCMDB
Os08g0106501,LOC_Os08g01530,leaf epidermis,Leaf,Os08g0106501,PCMDB
Os08g0107500,LOC_Os08g01620,mestome sheath,Leaf,Os08g0107500,PCMDB
Os08g0107900,LOC_Os08g01660,leaf mesophyll,Leaf,OsMAGO1,PCMDB
Os08g0108100,LOC_Os08g01670,"leaf epidermis,leaf mesophyll,mestome sheath,leaf procambium",Leaf,PMEI28,PCMDB
Os08g0109000,LOC_Os08g01740,"leaf mesophyll,leaf procambium",Leaf,Os08g0109000,PCMDB
Os08g0109200,LOC_Os08g01760,"leaf mesophyll,leaf procambium",Leaf,Os08g0109200,PCMDB
Os08g0109300,LOC_Os08g01770,"leaf epidermis,leaf mesophyll,leaf procambium",Leaf,AK1,PCMDB
Os08g0109800,LOC_Os08g01830,"leaf mesophyll,leaf procambium",Leaf,OsCRR2,PCMDB
Os08g0110100,LOC_Os08g01859,leaf mesophyll,Leaf,Os08g0110100,PCMDB
Os08g0110300,LOC_Os08g01880,"leaf mesophyll,mestome sheath,Leaf preprocambium",Leaf,Os08g0110300,PCMDB
Os08g0110400,LOC_Os08g01890,"leaf epidermis,leaf mesophyll,leaf procambium",Leaf,Os08g0110400,PCMDB
Os08g0110500,LOC_Os08g01900,"leaf epidermis,leaf procambium",Leaf,PUB15,PCMDB
Os08g0110600,LOC_Os08g01910,"leaf mesophyll,mestome sheath,leaf procambium",Leaf,Os08g0110600,PCMDB
Os08g0110800,LOC_Os08g01930,"leaf epidermis,leaf mesophyll,leaf procambium",Leaf,Os08g0110800,PCMDB
Os08g0112300,LOC_Os08g02030,"leaf epidermis,leaf mesophyll,mestome sheath,leaf procambium",Leaf,Os08g0112300,PCMDB
Os08g0112500,LOC_Os08g02050,"leaf epidermis,leaf mesophyll,leaf procambium",Leaf,Orysa,PCMDB
Os08g0112600,LOC_Os08g02060,leaf mesophyll,Leaf,Os08g0112600,PCMDB
Os08g0112800,LOC_Os08g02080,"leaf epidermis,leaf mesophyll,leaf procambium",Leaf,SDH6,PCMDB
Os08g0113100,LOC_Os08g02120,"leaf epidermis,leaf mesophyll,mestome sheath,leaf procambium",Leaf,OsFKII,PCMDB
Os08g0113300,LOC_Os08g02140,mestome sheath,Leaf,OsPUB68,PCMDB
Os08g0113700,LOC_Os08g02180,leaf mesophyll,Leaf,Os08g0113700,PCMDB
Os08g0114250,LOC_Os08g02230,"leaf epidermis,mestome sheath",Leaf,Os08g0114250,PCMDB
Os08g0114300,LOC_Os08g02230,"leaf epidermis,mestome sheath",Leaf,Os08g0114300,PCMDB
Os08g0116500,LOC_Os08g02340,"leaf epidermis,leaf mesophyll,mestome sheath",Leaf,Os08g0116500,PCMDB
Os08g0116900,LOC_Os08g02370,"leaf epidermis,leaf mesophyll,leaf procambium",Leaf,Os08g0116900,PCMDB
Os08g0117200,LOC_Os08g02400,"leaf epidermis,leaf mesophyll,mestome sheath,leaf procambium",Leaf,RPS13,PCMDB
Os08g0117300,LOC_Os08g02410,"leaf epidermis,leaf mesophyll,leaf procambium",Leaf,Os08g0117300,PCMDB
Os08g0117400,LOC_Os08g02420,mestome sheath,Leaf,OsCML7,PCMDB
Os08g0117900,LOC_Os08g02460,leaf epidermis,Leaf,Os08g0117900,PCMDB
Os08g0118000,LOC_Os08g02490,"leaf mesophyll,leaf procambium",Leaf,OsAHL1,PCMDB
Os08g0118900,LOC_Os08g02540,"leaf mesophyll,leaf procambium",Leaf,Os08g0118900,PCMDB
Os08g0119800,LOC_Os08g02630,"leaf mesophyll,leaf procambium",Leaf,PsbY,PCMDB
Os08g0120000,LOC_Os08g02640,leaf epidermis,Leaf,OJ1005_B05.29-2,PCMDB
Os08g0120500,LOC_Os08g02690,"leaf epidermis,leaf mesophyll,mestome sheath,leaf procambium",Leaf,Os08g0120500,PCMDB
Os08g0120600,LOC_Os08g02700,"leaf mesophyll,mestome sheath,leaf procambium,leaf initial cell",Leaf,Os08g0120600,PCMDB
Os08g0121900,LOC_Os08g02850,leaf mesophyll,Leaf,Os08g0121900,PCMDB
Os08g0122000,LOC_Os08g02860,"leaf epidermis,leaf mesophyll",Leaf,OsPP2A-B'theta,PCMDB
Os08g0124000,LOC_Os08g02996,"leaf mesophyll,leaf procambium",Leaf,OSJNBa0073J19.41-1,PCMDB
Os08g0126300,LOC_Os08g03290,"leaf epidermis,leaf mesophyll,mestome sheath,leaf procambium",Leaf,OsGapC3,PCMDB
Os08g0127100,LOC_Os08g03350,"leaf mesophyll,leaf procambium",Leaf,OsHT,PCMDB
Os08g0127300,LOC_Os08g03360,leaf mesophyll,Leaf,Os08g0127300,PCMDB
Os08g0127500,LOC_Os08g03370,"leaf epidermis,leaf mesophyll,leaf procambium",Leaf,Os08g0127500,PCMDB
Os08g0127800,LOC_Os08g03400,"leaf mesophyll,leaf procambium",Leaf,Os08g0127800,PCMDB
Os08g0128000,LOC_Os08g03420,"leaf epidermis,leaf mesophyll,mestome sheath",Leaf,Os08g0128000,PCMDB
Os08g0128500,LOC_Os08g03450,"leaf mesophyll,mestome sheath",Leaf,Os08g0128500,PCMDB
Os08g0129200,LOC_Os08g03520,"leaf epidermis,leaf mesophyll,leaf procambium",Leaf,OsCSP2,PCMDB
Os08g0129800,LOC_Os08g03579,mestome sheath,Leaf,Os08g0129800,PCMDB
Os08g0130000,LOC_Os08g03600,mestome sheath,Leaf,OsSTA203,PCMDB
Os08g0130500,LOC_Os08g03640,"leaf mesophyll,mestome sheath",Leaf,YK704,PCMDB
Os08g0133000,LOC_Os08g03870,"leaf mesophyll,mestome sheath,leaf procambium",Leaf,Os08g0133000,PCMDB
Os08g0134900,LOC_Os08g04090,leaf epidermis,Leaf,Os08g0134900,PCMDB
Os08g0135100,LOC_Os08g04110,"leaf epidermis,leaf mesophyll,mestome sheath",Leaf,Os08g0135100,PCMDB
Os08g0135400,LOC_Os08g04130,"leaf mesophyll,mestome sheath,leaf procambium",Leaf,OsRFPHC-2,PCMDB
Os08g0135900,LOC_Os08g04180,mestome sheath,Leaf,TS,PCMDB
Os08g0136300,LOC_Os08g04210,"leaf mesophyll,leaf procambium",Leaf,Os08g0136300,PCMDB
Os08g0136500,LOC_Os08g04230,"leaf epidermis,leaf mesophyll,mestome sheath,leaf procambium",Leaf,Os08g0136500,PCMDB
Os08g0136700,LOC_Os08g04240,"leaf epidermis,leaf mesophyll,leaf procambium,Leaf preprocambium",Leaf,Os08g0136700,PCMDB
Os08g0136800,LOC_Os08g04250,"leaf epidermis,leaf mesophyll,leaf procambium",Leaf,Os08g0136800,PCMDB
Os08g0137100,LOC_Os08g04270,leaf procambium,Leaf,FIE2,PCMDB
Os08g0137400,LOC_Os08g04310,"leaf epidermis,leaf mesophyll,mestome sheath,leaf procambium",Leaf,OsUCL23,PCMDB
Os08g0137800,LOC_Os08g04340,"leaf epidermis,leaf mesophyll,leaf initial cell",Leaf,OsUCL24,PCMDB
Os08g0137900,LOC_Os08g04350,"leaf mesophyll,mestome sheath,leaf procambium,leaf initial cell",Leaf,OsUCL25,PCMDB
Os08g0138100,LOC_Os08g04360,"leaf mesophyll,mestome sheath,leaf procambium",Leaf,OsUCL26,PCMDB
Os08g0138200,LOC_Os08g04370,"leaf epidermis,leaf mesophyll,leaf procambium,Leaf preprocambium",Leaf,OsUCL27,PCMDB
Os08g0138500,LOC_Os08g04390,"leaf epidermis,leaf mesophyll,mestome sheath,leaf procambium",Leaf,OsPRI1,PCMDB
Os08g0138700,LOC_Os08g04420,"leaf mesophyll,mestome sheath",Leaf,OsRLCK245,PCMDB
Os08g0139100,LOC_Os08g04450,"leaf mesophyll,Mesophyll precursor",Leaf,Os08g0139100,PCMDB
Os08g0139200,LOC_Os08g04460,"leaf epidermis,leaf mesophyll,mestome sheath,leaf procambium",Leaf,Os08g0139200,PCMDB
Os08g0139400,LOC_Os08g04470,"leaf mesophyll,mestome sheath,leaf procambium",Leaf,OsPUB30,PCMDB
Os08g0139700,LOC_Os08g04500,vascular leaf,Leaf,OsTPS29,PCMDB
Os08g0141300,LOC_Os08g04620,leaf mesophyll,Leaf,Os08g0141300,PCMDB
Os08g0141400,LOC_Os08g04630,"leaf epidermis,leaf mesophyll,leaf procambium",Leaf,Os08g0141400,PCMDB
Os08g0143600,LOC_Os08g04800,"leaf epidermis,leaf mesophyll,mestome sheath,leaf procambium",Leaf,OsDAD1,PCMDB
Os08g0143700,LOC_Os08g04810,leaf mesophyll,Leaf,Os08g0143700,PCMDB
Os08g0143900,LOC_Os08g04830,mestome sheath,Leaf,Os08g0143900,PCMDB
Os08g0144000,LOC_Os08g04840,"leaf epidermis,leaf mesophyll,mestome sheath",Leaf,Os08g0144000,PCMDB
Os08g0150700,LOC_Os08g05480,"leaf epidermis,leaf mesophyll",Leaf,OsFbox407,PCMDB
Os08g0150800,LOC_Os08g05490,"leaf mesophyll,leaf procambium",Leaf,P0443G08.126,PCMDB
Os08g0151000,LOC_Os08g05510,"leaf mesophyll,leaf procambium",Leaf,Os08g0151000,PCMDB
Os08g0151500,LOC_Os08g05540,leaf mesophyll,Leaf,Os08g0151500,PCMDB
Os08g0151600,LOC_Os08g05550,mestome sheath,Leaf,OJ1349_D05.104,PCMDB
Os08g0151800,LOC_Os08g05570,mestome sheath,Leaf,OsMDAR5,PCMDB
Os08g0152800,LOC_Os08g05660,leaf epidermis,Leaf,Os08g0152800,PCMDB
Os08g0154300,LOC_Os08g05830,"leaf epidermis,leaf mesophyll",Leaf,OJ1066_B03.121-1,PCMDB
Os08g0155100,LOC_Os08g05890,"leaf epidermis,mestome sheath,leaf procambium",Leaf,Os08g0155100,PCMDB
Os08g0155400,LOC_Os08g05910,"leaf mesophyll,leaf procambium",Leaf,OsNRT1.1A,PCMDB
Os08g0155700,LOC_Os08g05940,"leaf mesophyll,leaf procambium",Leaf,Os08g0155700,PCMDB
Os08g0156600,LOC_Os08g06010,"leaf epidermis,leaf mesophyll,mestome sheath,leaf procambium",Leaf,Os08g0156600,PCMDB
Os08g0156700,LOC_Os08g06020,"leaf epidermis,leaf mesophyll",Leaf,Os08g0156700,PCMDB
Os08g0156800,LOC_Os08g06040,"leaf epidermis,leaf mesophyll",Leaf,Os08g0156800,PCMDB
Os08g0157100,LOC_Os08g06070,"leaf epidermis,leaf mesophyll,leaf procambium",Leaf,Os08g0157100,PCMDB
Os08g0157400,LOC_Os08g06090,leaf procambium,Leaf,Os08g0157400,PCMDB
Os08g0157500,LOC_Os08g06100,"leaf epidermis,leaf mesophyll,mestome sheath,leaf procambium,Xylem",Leaf,ROMT9,PCMDB
Os08g0157600,LOC_Os08g06110,leaf mesophyll,Leaf,CCA1,PCMDB
Os08g0157900,LOC_Os08g06140,"leaf epidermis,leaf mesophyll,mestome sheath,leaf procambium",Leaf,ONAC037,PCMDB
Os08g0158500,LOC_Os08g06200,leaf mesophyll,Leaf,P0498E12.110,PCMDB
Os08g0158600,LOC_Os08g06210,"leaf epidermis,leaf mesophyll,mestome sheath,leaf procambium",Leaf,P0498E12.111,PCMDB
Os08g0159500,LOC_Os08g06280,"leaf epidermis,leaf mesophyll,mestome sheath,leaf procambium",Leaf,OsLSD1,PCMDB
Os08g0159900,LOC_Os08g06344,"leaf mesophyll,leaf procambium",Leaf,PRP5,PCMDB
Os08g0160000,LOC_Os08g06360,"leaf epidermis,leaf mesophyll",Leaf,Os08g0160000,PCMDB
Os08g0160500,LOC_Os08g06380,leaf mesophyll,Leaf,P0577B11.104-2,PCMDB
Os08g0161401,LOC_Os08g06415,"leaf epidermis,leaf mesophyll",Leaf,P0577B11.116,PCMDB
Os08g0161700,LOC_Os08g06430,"leaf epidermis,leaf mesophyll,mestome sheath,leaf procambium",Leaf,P0577B11.122,PCMDB
Os08g0162100,LOC_Os08g06480,"leaf mesophyll,leaf procambium",Leaf,OsLIS-L1,PCMDB
Os08g0162500,LOC_Os08g06520,leaf epidermis,Leaf,Os08g0162500,PCMDB
Os08g0162700,LOC_Os08g06540,mestome sheath,Leaf,OJ9990_A01.105,PCMDB
Os08g0162800,LOC_Os08g06550,"leaf epidermis,leaf mesophyll,mestome sheath,leaf procambium",Leaf,OsACBP1,PCMDB
Os08g0163300,LOC_Os08g06620,leaf procambium,Leaf,OJ9990_A01.115,PCMDB
Os08g0165901,LOC_Os08g06885,"leaf epidermis,leaf mesophyll",Leaf,Os08g0165901,PCMDB
Os08g0169800,LOC_Os08g07300,"leaf epidermis,leaf mesophyll",Leaf,Os08g0169800,PCMDB
Os08g0172200,LOC_Os08g07540,leaf mesophyll,Leaf,OJ1590_E05.35-1,PCMDB
Os08g0173600,LOC_Os08g07690,leaf,Leaf,Os08g0173600,PCMDB
Os08g0175200,LOC_Os08g07830,mestome sheath,Leaf,Os08g0175200,PCMDB
Os08g0176800,LOC_Os08g07960,leaf epidermis,Leaf,OsWD40-156,PCMDB
Os08g0178300,LOC_Os08g08080,leaf mesophyll,Leaf,OJ1120_C08.24-2,PCMDB
Os08g0178500,LOC_Os08g08090,leaf mesophyll,Leaf,Os08g0178500,PCMDB
Os08g0178700,LOC_Os08g08110,"leaf epidermis,leaf mesophyll,leaf procambium",Leaf,Os08g0178700,PCMDB
Os08g0179900,LOC_Os08g08190,mestome sheath,Leaf,Os08g0179900,PCMDB
Os08g0180000,LOC_Os08g08200,leaf epidermis,Leaf,Os08g0180000,PCMDB
Os08g0180100,LOC_Os08g08210,"leaf epidermis,leaf mesophyll",Leaf,OsSET27,PCMDB
Os08g0180300,LOC_Os08g08220,"leaf mesophyll,leaf procambium",Leaf,BRHIS1,PCMDB
Os08g0182400,LOC_Os08g08360,leaf mesophyll,Leaf,Os08g0182400,PCMDB
Os08g0185300,LOC_Os08g08650,leaf mesophyll,Leaf,Os08g0185300,PCMDB
Os08g0187800,LOC_Os08g08840,"leaf mesophyll,leaf procambium",Leaf,OsGPT1,PCMDB
Os08g0189600,LOC_Os08g09010,"leaf epidermis,leaf mesophyll,mestome sheath,leaf procambium",Leaf,GLP8-7,PCMDB
Os08g0189900,LOC_Os08g09060,mestome sheath,Leaf,GLP8-10,PCMDB
Os08g0190800,LOC_Os08g09180,leaf epidermis,Leaf,Os08g0190800,PCMDB
Os08g0191100,LOC_Os08g09200,"leaf mesophyll,mestome sheath",Leaf,OsACO1,PCMDB
Os08g0191600,LOC_Os08g09240,"leaf epidermis,leaf mesophyll,mestome sheath,leaf procambium",Leaf,OsATG8c,PCMDB
Os08g0191700,LOC_Os08g09250,"leaf epidermis,leaf mesophyll,mestome sheath,leaf procambium",Leaf,GLYI-11,PCMDB
Os08g0192400,LOC_Os08g09320,"leaf epidermis,leaf mesophyll",Leaf,Os08g0192400,PCMDB
Os08g0192800,LOC_Os08g09340,"leaf mesophyll,mestome sheath,leaf procambium",Leaf,Os08g0192800,PCMDB
Os08g0192900,LOC_Os08g09350,"leaf mesophyll,Leaf preprocambium",Leaf,OS-NUC,PCMDB
Os08g0195400,LOC_Os08g09610,leaf mesophyll,Leaf,Os08g0195400,PCMDB
Os08g0196700,LOC_Os08g09690,"leaf epidermis,leaf mesophyll",Leaf,OsHAP2A,PCMDB
Os08g0199300,LOC_Os08g09940,leaf mesophyll,Leaf,OsYchF1,PCMDB
Os08g0199525,LOC_Os08g09940,leaf mesophyll,Leaf,Os08g0199525,PCMDB
Os08g0200300,LOC_Os08g10020,"leaf epidermis,leaf mesophyll,mestome sheath,leaf procambium",Leaf,OsPsbR3,PCMDB
Os08g0200500,LOC_Os08g10070,leaf mesophyll,Leaf,OsRLCK247,PCMDB
Os08g0201100,LOC_Os08g10100,"leaf epidermis,leaf mesophyll,mestome sheath,leaf procambium",Leaf,Os08g0201100,PCMDB
Os08g0203100,LOC_Os08g10290,leaf mesophyll,Leaf,Os08g0203100,PCMDB
Os08g0203201,LOC_Os08g10290,leaf mesophyll,Leaf,Os08g0203201,PCMDB
Os08g0203300,LOC_Os08g10300,leaf procambium,Leaf,Os08g0203300,PCMDB
Os08g0204632,LOC_Os08g10400,leaf mesophyll,Leaf,Os08g0204632,PCMDB
Os08g0204800,LOC_Os08g10410,leaf epidermis,Leaf,Os08g0204800,PCMDB
Os08g0205200,LOC_Os08g10450,"leaf epidermis,leaf mesophyll,mestome sheath,leaf procambium",Leaf,OsENT1,PCMDB
Os08g0205400,LOC_Os08g10480,"leaf epidermis,leaf mesophyll,leaf procambium",Leaf,OsATX1,PCMDB
Os08g0205800,LOC_Os08g10500,leaf mesophyll,Leaf,Os08g0205800,PCMDB
Os08g0205900,LOC_Os08g10510,leaf mesophyll,Leaf,Os08g0205900,PCMDB
Os08g0206400,LOC_Os08g10550,leaf mesophyll,Leaf,OsHAK12,PCMDB
Os08g0206600,LOC_Os08g10570,leaf mesophyll,Leaf,OJ1119_C05.21-1,PCMDB
Os08g0207000,LOC_Os08g10608,"leaf epidermis,leaf mesophyll,mestome sheath,leaf procambium",Leaf,Os08g0207000,PCMDB
Os08g0214900,LOC_Os08g11450,leaf mesophyll,Leaf,Os08g0214900,PCMDB
Os08g0224700,LOC_Os08g12820,"leaf mesophyll,leaf procambium",Leaf,OsRpn2a,PCMDB
Os08g0224800,LOC_Os08g12830,"leaf epidermis,leaf mesophyll",Leaf,Os08g0224800,PCMDB
Os08g0230000,LOC_Os08g13320,leaf mesophyll,Leaf,Os08g0230000,PCMDB
Os08g0230200,LOC_Os08g13350,leaf epidermis,Leaf,Os08g0230200,PCMDB
Os08g0231100,LOC_Os08g13430,"leaf epidermis,leaf mesophyll,mestome sheath,leaf procambium,Mesophyll precursor",Leaf,Os08g0231100,PCMDB
Os08g0231400,LOC_Os08g13440,leaf sheath,Leaf,GLP8-12,PCMDB
Os08g0234000,LOC_Os08g13690,"leaf epidermis,leaf mesophyll",Leaf,Os08g0234000,PCMDB
Os08g0234400,LOC_Os08g13710,mestome sheath,Leaf,Os08g0234400,PCMDB
Os08g0237000,LOC_Os08g13920,"leaf epidermis,leaf mesophyll,mestome sheath,leaf procambium",Leaf,OsXTH17,PCMDB
Os08g0241400,LOC_Os08g14320,leaf epidermis,Leaf,OsRFP,PCMDB
Os08g0241600,LOC_Os08g14330,leaf mesophyll,Leaf,Os08g0241600,PCMDB
Os08g0242700,LOC_Os08g14440,"leaf epidermis,leaf mesophyll,mestome sheath,leaf procambium",Leaf,Os08g0242700,PCMDB
Os08g0242900,LOC_Os08g14460,leaf epidermis,Leaf,Os08g0242900,PCMDB
Os08g0243100,LOC_Os08g14490,mestome sheath,Leaf,Os08g0243100,PCMDB
Os08g0243500,LOC_Os08g14570,"leaf epidermis,leaf mesophyll,mestome sheath,leaf procambium",Leaf,OsCPR2,PCMDB
Os08g0243600,LOC_Os08g14580,"leaf epidermis,mestome sheath",Leaf,Os08g0243600,PCMDB
Os08g0243900,LOC_Os08g14620,leaf mesophyll,Leaf,Os08g0243900,PCMDB
Os08g0244100,LOC_Os08g14640,"leaf epidermis,mestome sheath",Leaf,Os08g0244100,PCMDB
Os08g0246700,LOC_Os08g14880,"leaf epidermis,leaf mesophyll",Leaf,Os08g0246700,PCMDB
Os08g0246800,LOC_Os08g14880,"leaf epidermis,leaf mesophyll",Leaf,Os08g0246800,PCMDB
Os08g0248900,LOC_Os08g15040,leaf epidermis,Leaf,OsARF3,PCMDB
Os08g0249000,LOC_Os08g15050,"leaf epidermis,leaf mesophyll,leaf procambium",Leaf,OsBBX25,PCMDB
Os08g0250200,LOC_Os08g15170,mestome sheath,Leaf,Os08g0250200,PCMDB
Os08g0250700,LOC_Os08g15204,leaf epidermis,Leaf,Os08g0250700,PCMDB
Os08g0250900,LOC_Os08g15230,"leaf mesophyll,Leaf preprocambium",Leaf,SMAX1L,PCMDB
Os08g0254900,LOC_Os08g15500,"leaf epidermis,leaf mesophyll",Leaf,Os08g0254900,PCMDB
Os08g0256000,LOC_Os08g15650,"leaf mesophyll,mestome sheath",Leaf,Os08g0256000,PCMDB
Os08g0260000,LOC_Os08g16010,leaf procambium,Leaf,Os08g0260000,PCMDB
Os08g0260600,LOC_Os08g16050,"leaf mesophyll,mestome sheath,leaf procambium",Leaf,OsTET11,PCMDB
Os08g0265500,LOC_Os08g16480,"leaf epidermis,leaf mesophyll,mestome sheath,leaf procambium",Leaf,Os08g0265500,PCMDB
Os08g0266200,LOC_Os08g16559,"leaf epidermis,leaf mesophyll",Leaf,Os08g0266200,PCMDB
Os08g0266300,LOC_Os08g16570,leaf mesophyll,Leaf,Os08g0266300,PCMDB
Os08g0269000,LOC_Os08g16790,mestome sheath,Leaf,Os08g0269000,PCMDB
Os08g0269500,LOC_Os08g16810,"leaf mesophyll,leaf procambium",Leaf,Os08g0269500,PCMDB
Os08g0269700,LOC_Os08g16830,"leaf epidermis,leaf mesophyll,mestome sheath,leaf procambium",Leaf,Os08g0269700,PCMDB
Os08g0270800,LOC_Os08g16930,"leaf epidermis,leaf mesophyll",Leaf,Os08g0270800,PCMDB
Os08g0275200,LOC_Os08g17320,leaf mesophyll,Leaf,Os08g0275200,PCMDB
Os08g0277200,LOC_Os08g17500,"leaf mesophyll,Phloem",Leaf,OsCCR,PCMDB
Os08g0277900,LOC_Os08g17600,"leaf mesophyll,mestome sheath",Leaf,Os08g0277900,PCMDB
Os08g0278600,LOC_Os08g17650,mestome sheath,Leaf,P0026A08.1-1,PCMDB
Os08g0278900,LOC_Os08g17680,leaf epidermis,Leaf,Os08g0278900,PCMDB
Os08g0282000,LOC_Os08g18044,"leaf epidermis,leaf mesophyll,mestome sheath,leaf procambium",Leaf,Os08g0282000,PCMDB
Os08g0282200,LOC_Os08g18079,leaf mesophyll,Leaf,Os08g0282200,PCMDB
Os08g0282400,LOC_Os08g18110,"leaf epidermis,leaf mesophyll",Leaf,Os08g0282400,PCMDB
Os08g0289000,LOC_Os08g19210,"leaf mesophyll,leaf procambium",Leaf,B1114E07.25-2,PCMDB
Os08g0292600,LOC_Os08g19610,leaf mesophyll,Leaf,OsCYP28,PCMDB
Os08g0293100,LOC_Os08g19670,"leaf epidermis,leaf mesophyll,mestome sheath,leaf procambium",Leaf,Os08g0293100,PCMDB
Os08g0295000,LOC_Os08g19830,"leaf mesophyll,mestome sheath,leaf procambium",Leaf,CIP73,PCMDB
Os08g0295100,LOC_Os08g19830,"leaf mesophyll,mestome sheath,leaf procambium",Leaf,CIP73,PCMDB
Os08g0296900,LOC_Os08g20020,leaf mesophyll,Leaf,P0024C06.105-1,PCMDB
Os08g0300300,LOC_Os08g20570,leaf mesophyll,Leaf,OsCBSCLC6,PCMDB
Os08g0301600,LOC_Os08g20680,"leaf epidermis,leaf mesophyll,mestome sheath,leaf procambium",Leaf,OJ1115_A07.107,PCMDB
Os08g0309300,LOC_Os08g21760,leaf epidermis,Leaf,Cen8.t00808,PCMDB
Os08g0310100,LOC_Os08g21840,"leaf epidermis,leaf mesophyll",Leaf,Cen8.t00833,PCMDB
Os08g0314800,LOC_Os08g22354,leaf mesophyll,Leaf,Cen8.t01003,PCMDB
Os08g0318400,LOC_Os08g22852,"leaf epidermis,leaf mesophyll",Leaf,Cen8.t01152,PCMDB
Os08g0318500,LOC_Os08g22864,"mestome sheath,leaf procambium",Leaf,Cen8.t01153,PCMDB
Os08g0320400,LOC_Os08g23150,leaf mesophyll,Leaf,Os08g0320400,PCMDB
Os08g0321000,LOC_Os08g23180,"leaf epidermis,leaf mesophyll,leaf procambium",Leaf,OsFLA3,PCMDB
Os08g0323700,LOC_Os08g23440,"leaf epidermis,leaf mesophyll,leaf procambium",Leaf,Os,PCMDB
Os08g0326400,LOC_Os08g23710,leaf mesophyll,Leaf,OsRPL7A,PCMDB
Os08g0327400,LOC_Os08g23810,"leaf epidermis,leaf mesophyll,mestome sheath,leaf procambium",Leaf,Os08g0327400,PCMDB
Os08g0330800,LOC_Os08g24182,leaf mesophyll,Leaf,Os08g0330800,PCMDB
Os08g0333000,LOC_Os08g24420,"leaf epidermis,leaf procambium",Leaf,Os08g0333000,PCMDB
Os08g0335000,LOC_Os08g24760,"leaf mesophyll,leaf procambium",Leaf,Os08g0335000,PCMDB
Os08g0335600,LOC_Os08g24790,mestome sheath,Leaf,Os08g0335600,PCMDB
Os08g0337700,LOC_Os08g25010,"leaf mesophyll,mestome sheath,leaf procambium",Leaf,Os08g0337700,PCMDB
Os08g0338600,LOC_Os08g25080,"leaf epidermis,leaf procambium",Leaf,Os08g0338600,PCMDB
Os08g0339200,LOC_Os08g25140,leaf mesophyll,Leaf,Os08g0339200,PCMDB
Os08g0343300,LOC_Os08g25460,mestome sheath,Leaf,Os08g0343300,PCMDB
Os08g0344300,LOC_Os08g25590,"leaf epidermis,leaf mesophyll,mestome sheath,leaf procambium",Leaf,Os08g0344300,PCMDB
Os08g0344600,LOC_Os08g25624,leaf mesophyll,Leaf,PPT2,PCMDB
Os08g0345700,LOC_Os08g25720,"leaf epidermis,mestome sheath,leaf procambium",Leaf,OsPFPA3,PCMDB
Os08g0345800,LOC_Os08g25734,"leaf epidermis,leaf mesophyll,leaf procambium,Mesophyll precursor",Leaf,OsAGPS2a,PCMDB
Os08g0346400,LOC_Os08g25799,leaf mesophyll,Leaf,P0404D10.1-2,PCMDB
Os08g0355400,LOC_Os08g26710,vascular leaf,Leaf,B1104G07.4-2,PCMDB
Os08g0357000,LOC_Os08g26870,"leaf epidermis,leaf mesophyll,mestome sheath,leaf procambium",Leaf,BBD2,PCMDB
Os08g0359000,LOC_Os08g27010,"leaf mesophyll,leaf procambium",Leaf,Os08g0359000,PCMDB
Os08g0359100,LOC_Os08g27030,leaf mesophyll,Leaf,Os08g0359100,PCMDB
Os08g0359500,LOC_Os08g27070,"leaf epidermis,leaf mesophyll,leaf procambium",Leaf,Os08g0359500,PCMDB
Os08g0359600,LOC_Os08g27090,"leaf epidermis,leaf mesophyll",Leaf,Os08g0359600,PCMDB
Os08g0364900,LOC_Os08g27720,"leaf epidermis,leaf mesophyll,leaf procambium",Leaf,Os08g0364900,PCMDB
Os08g0366000,LOC_Os08g27840,leaf mesophyll,Leaf,Osppc,PCMDB
Os08g0366100,LOC_Os08g27850,"leaf epidermis,leaf mesophyll,mestome sheath",Leaf,Edf,PCMDB
Os08g0369700,LOC_Os08g28230,"leaf epidermis,leaf mesophyll,leaf procambium",Leaf,OsISC10,PCMDB
Os08g0374100,LOC_Os08g28680,leaf epidermis,Leaf,OsUBC5,PCMDB
Os08g0374600,LOC_Os08g28710,"leaf epidermis,leaf mesophyll,mestome sheath",Leaf,OsRLCK253,PCMDB
Os08g0374701,LOC_Os08g28710,"leaf epidermis,leaf mesophyll,mestome sheath",Leaf,OsRLCK253,PCMDB
Os08g0375900,LOC_Os08g28840,leaf procambium,Leaf,OJ1705_C03.104-1,PCMDB
Os08g0376200,LOC_Os08g28860,"leaf epidermis,leaf mesophyll,leaf procambium",Leaf,Os08g0376200,PCMDB
Os08g0378900,LOC_Os08g29110,leaf mesophyll,Leaf,OsTRXz,PCMDB
Os08g0379300,LOC_Os08g29160,leaf mesophyll,Leaf,OsPP100,PCMDB
Os08g0379400,LOC_Os08g29170,leaf mesophyll,Leaf,Os08g0379400,PCMDB
Os08g0382400,LOC_Os08g29370,"leaf mesophyll,leaf procambium",Leaf,OsCYP38,PCMDB
Os08g0384000,LOC_Os08g29520,"leaf epidermis,leaf mesophyll,mestome sheath",Leaf,Os08g0384000,PCMDB
Os08g0384100,LOC_Os08g29530,leaf epidermis,Leaf,DRB4,PCMDB
Os08g0384500,LOC_Os08g29570,"leaf epidermis,leaf mesophyll,mestome sheath,leaf procambium,Leaf preprocambium",Leaf,OsABCG44,PCMDB
Os08g0385900,LOC_Os08g29650,leaf mesophyll,Leaf,Os08g0385900,PCMDB
Os08g0386200,LOC_Os08g29660,"leaf epidermis,leaf mesophyll,mestome sheath,leaf procambium",Leaf,OsWRKY69,PCMDB
Os08g0386300,LOC_Os08g29669,"leaf epidermis,leaf mesophyll,mestome sheath,leaf procambium",Leaf,Os08g0386300,PCMDB
Os08g0386700,LOC_Os08g29710,leaf epidermis,Leaf,Os08g0386700,PCMDB
Os08g0386800,LOC_Os08g29720,leaf mesophyll,Leaf,P0434E03.16-1,PCMDB
Os08g0386900,LOC_Os08g29730,"leaf mesophyll,leaf procambium",Leaf,Os08g0386900,PCMDB
Os08g0387450,LOC_Os08g29780,"leaf mesophyll,leaf procambium",Leaf,Os08g0387450,PCMDB
Os08g0387500,LOC_Os08g29780,"leaf mesophyll,leaf procambium",Leaf,Os08g0387500,PCMDB
Os08g0389700,LOC_Os08g30020,leaf mesophyll,Leaf,P0473F05.27-3,PCMDB
Os08g0393900,LOC_Os08g30370,"leaf epidermis,leaf mesophyll,leaf procambium",Leaf,Os08g0393900,PCMDB
Os08g0396200,LOC_Os08g30554,"leaf epidermis,leaf mesophyll,leaf procambium",Leaf,Os08g0396200,PCMDB
Os08g0397900,LOC_Os08g30730,"leaf epidermis,leaf mesophyll,mestome sheath",Leaf,Os08g0397900,PCMDB
Os08g0398000,LOC_Os08g30740,leaf procambium,Leaf,OsABCA3,PCMDB
Os08g0398300,LOC_Os08g30770,leaf procambium,Leaf,OsABCA4,PCMDB
Os08g0398400,LOC_Os08g30790,"leaf epidermis,leaf mesophyll,mestome sheath",Leaf,OsHIR1,PCMDB
Os08g0402500,LOC_Os08g31090,"leaf epidermis,leaf mesophyll,mestome sheath,Mesophyll precursor",Leaf,Os08g0402500,PCMDB
Os08g0402700,LOC_Os08g31120,leaf mesophyll,Leaf,Os08g0402700,PCMDB
Os08g0404500,LOC_Os08g31250,"leaf mesophyll,leaf procambium",Leaf,Os08g0404500,PCMDB
Os08g0404900,LOC_Os08g31280,mestome sheath,Leaf,Os08g0404900,PCMDB
Os08g0406150,LOC_Os08g31410,"leaf epidermis,leaf mesophyll,mestome sheath,leaf procambium",Leaf,Os08g0406150,PCMDB
Os08g0406400,LOC_Os08g31410,"leaf epidermis,leaf mesophyll,mestome sheath,leaf procambium",Leaf,OsSultr1,PCMDB
Os08g0407600,LOC_Os08g31510,leaf mesophyll,Leaf,Os08g0407600,PCMDB
Os08g0408200,LOC_Os08g31560,"leaf mesophyll,leaf procambium",Leaf,SRWD4,PCMDB
Os08g0412200,LOC_Os08g31810,"leaf mesophyll,mestome sheath,leaf procambium",Leaf,Os08g0412200,PCMDB
Os08g0412800,LOC_Os08g31860,"leaf epidermis,leaf mesophyll,mestome sheath,leaf procambium",Leaf,Os08g0412800,PCMDB
Os08g0414300,LOC_Os08g31940,"leaf epidermis,mestome sheath",Leaf,Os08g0414300,PCMDB
Os08g0414500,LOC_Os08g31950,mestome sheath,Leaf,Os08g0414500,PCMDB
Os08g0416000,LOC_Os08g32080,leaf mesophyll,Leaf,Oshox5,PCMDB
Os08g0416400,LOC_Os08g32100,leaf mesophyll,Leaf,Os08g0416400,PCMDB
Os08g0416800,LOC_Os08g32120,"leaf mesophyll,leaf procambium",Leaf,Os08g0416800,PCMDB
Os08g0416900,LOC_Os08g32130,"leaf epidermis,leaf mesophyll,leaf procambium",Leaf,OsV5B,PCMDB
Os08g0424200,LOC_Os08g32850,"leaf epidermis,leaf mesophyll,mestome sheath,leaf procambium",Leaf,Os08g0424200,PCMDB
Os08g0424500,LOC_Os08g32870,"leaf epidermis,leaf mesophyll",Leaf,SK2(T)(SCL,PCMDB
Os08g0425800,LOC_Os08g32980,"leaf mesophyll,mestome sheath",Leaf,Os08g0425800,PCMDB
Os08g0427700,LOC_Os08g33100,"leaf epidermis,leaf mesophyll,mestome sheath",Leaf,Os08g0427700,PCMDB
Os08g0427900,LOC_Os08g33120,"leaf mesophyll,leaf procambium",Leaf,Os08g0427900,PCMDB
Os08g0428100,LOC_Os08g33140,leaf epidermis,Leaf,OsFbox445,PCMDB
Os08g0428200,LOC_Os08g33150,leaf mesophyll,Leaf,Os08g0428200,PCMDB
Os08g0429200,LOC_Os08g33210,"leaf epidermis,leaf mesophyll,leaf procambium",Leaf,Os08g0429200,PCMDB
Os08g0430000,LOC_Os08g33320,"leaf mesophyll,leaf procambium",Leaf,Os08g0430000,PCMDB
Os08g0430500,LOC_Os08g33370,"leaf mesophyll,mestome sheath",Leaf,GF14C,PCMDB
Os08g0430600,LOC_Os08g33380,"leaf mesophyll,mestome sheath,leaf procambium",Leaf,Os08g0430600,PCMDB
Os08g0431100,LOC_Os08g33420,"leaf mesophyll,leaf procambium",Leaf,Os08g0431100,PCMDB
Os08g0431300,LOC_Os08g33440,"leaf epidermis,leaf mesophyll,mestome sheath,leaf procambium",Leaf,Os08g0431300,PCMDB
Os08g0431500,LOC_Os08g33460,"leaf epidermis,leaf mesophyll,leaf procambium",Leaf,Os08g0431500,PCMDB
Os08g0432500,LOC_Os08g33540,"leaf epidermis,leaf mesophyll,leaf procambium",Leaf,Os08g0432500,PCMDB
Os08g0433100,LOC_Os08g33630,"leaf epidermis,leaf mesophyll",Leaf,Os08g0433100,PCMDB
Os08g0433200,LOC_Os08g33640,"leaf epidermis,leaf mesophyll,leaf procambium",Leaf,Os08g0433200,PCMDB
Os08g0433600,LOC_Os08g33680,"leaf epidermis,leaf mesophyll,leaf procambium",Leaf,Os08g0433600,PCMDB
Os08g0434100,LOC_Os08g33710,"leaf epidermis,leaf mesophyll,mestome sheath,leaf procambium",Leaf,OsRNS3,PCMDB
Os08g0434300,LOC_Os08g33720,"leaf epidermis,leaf mesophyll,leaf procambium",Leaf,MDH,PCMDB
Os08g0435800,LOC_Os08g33810,"leaf mesophyll,leaf procambium",Leaf,OsLPLA,PCMDB
Os08g0435900,LOC_Os08g33820,"leaf mesophyll,leaf procambium",Leaf,cab,PCMDB
Os08g0436800,LOC_Os08g33920,"leaf epidermis,leaf mesophyll,leaf procambium",Leaf,Os08g0436800,PCMDB
Os08g0437300,LOC_Os08g33940,leaf epidermis,Leaf,Os08g0437300,PCMDB
Os08g0439150,LOC_Os08g34070,leaf procambium,Leaf,Os08g0439150,PCMDB
Os08g0439200,LOC_Os08g34070,leaf procambium,Leaf,Os08g0439200,PCMDB
Os08g0440000,LOC_Os08g34140,"leaf epidermis,mestome sheath",Leaf,Os08g0440000,PCMDB
Os08g0440100,LOC_Os08g34150,"leaf epidermis,leaf mesophyll,mestome sheath,leaf procambium",Leaf,Os08g0440100,PCMDB
Os08g0440500,LOC_Os08g34190,leaf mesophyll,Leaf,Os08g0440500,PCMDB
Os08g0440800,LOC_Os08g34210,"leaf epidermis,leaf mesophyll,mestome sheath,leaf procambium",Leaf,OsALDH11A3,PCMDB
Os08g0441100,LOC_Os08g34240,leaf mesophyll,Leaf,OsCIPK06,PCMDB
Os08g0441400,LOC_Os08g34270,leaf epidermis,Leaf,Os08g0441400,PCMDB
Os08g0441600,LOC_Os08g34290,"leaf epidermis,leaf mesophyll,mestome sheath,leaf procambium",Leaf,Os08g0441600,PCMDB
Os08g0445700,LOC_Os08g34580,"leaf epidermis,leaf mesophyll,mestome sheath,leaf procambium",Leaf,OsTPS8,PCMDB
Os08g0446200,LOC_Os08g34640,"leaf epidermis,leaf mesophyll",Leaf,Os08g0446200,PCMDB
Os08g0446301,LOC_Os08g34650,mestome sheath,Leaf,Os08g0446301,PCMDB
Os08g0446400,LOC_Os08g34650,mestome sheath,Leaf,Os08g0446400,PCMDB
Os08g0447000,LOC_Os08g34720,"leaf epidermis,leaf mesophyll",Leaf,Os08g0447000,PCMDB
Os08g0447300,LOC_Os08g34750,leaf mesophyll,Leaf,Os08g0447300,PCMDB
Os08g0448000,LOC_Os08g34790,"leaf epidermis,leaf mesophyll,mestome sheath,leaf procambium",Leaf,4CL5,PCMDB
Os08g0450100,LOC_Os08g34900,leaf epidermis,Leaf,OsPME25,PCMDB
Os08g0452900,LOC_Os08g35160,"leaf mesophyll,mestome sheath,leaf procambium",Leaf,OsDjC62,PCMDB
Os08g0453200,LOC_Os08g35190,"leaf epidermis,leaf mesophyll,mestome sheath,leaf procambium",Leaf,Os08g0453200,PCMDB
Os08g0455800,LOC_Os08g35480,"leaf mesophyll,mestome sheath,leaf procambium",Leaf,Os08g0455800,PCMDB
Os08g0457000,LOC_Os08g35560,leaf mesophyll,Leaf,OsSTA214,PCMDB
Os08g0457300,LOC_Os08g35590,leaf mesophyll,Leaf,Os08g0457300,PCMDB
Os08g0457400,LOC_Os08g35600,"leaf mesophyll,leaf procambium",Leaf,OsRLCK255,PCMDB
Os08g0459300,LOC_Os08g35710,"leaf epidermis,leaf mesophyll,mestome sheath,leaf procambium",Leaf,Os08g0459300,PCMDB
Os08g0459600,LOC_Os08g35740,leaf procambium,Leaf,OPR7,PCMDB
Os08g0460000,LOC_Os08g35760,"leaf sheath,leaf epidermis,leaf mesophyll,mestome sheath,leaf procambium,Mesophyll precursor",Leaf,OsGLP1,PCMDB
Os08g0460600,LOC_Os08g35860,leaf mesophyll,Leaf,OsCKX11,PCMDB
Os08g0463900,LOC_Os08g36140,"leaf mesophyll,leaf procambium,Mesophyll precursor",Leaf,PSA2,PCMDB
Os08g0464000,LOC_Os08g36150,leaf epidermis,Leaf,Os08g0464000,PCMDB
Os08g0464400,LOC_Os08g36170,"leaf mesophyll,mestome sheath",Leaf,Os08g0464400,PCMDB
Os08g0465800,LOC_Os08g36320,leaf mesophyll,Leaf,OsGAD1,PCMDB
Os08g0467300,LOC_Os08g36410,leaf epidermis,Leaf,Os08g0467300,PCMDB
Os08g0468100,LOC_Os08g36480,"leaf epidermis,leaf mesophyll,leaf procambium",Leaf,OsNR1,PCMDB
Os08g0469700,LOC_Os08g36590,leaf mesophyll,Leaf,Os08g0469700,PCMDB
Os08g0470200,LOC_Os08g36630,"leaf mesophyll,leaf procambium",Leaf,OsalphaCA6,PCMDB
Os08g0471900,LOC_Os08g36774,"leaf epidermis,leaf mesophyll,leaf procambium",Leaf,Os08g0471900,PCMDB
Os08g0472600,LOC_Os08g36840,mestome sheath,Leaf,OsFUT11,PCMDB
Os08g0473900,LOC_Os08g36910,"leaf epidermis,leaf mesophyll,mestome sheath,leaf procambium",Leaf,Amy3D/E*(RAmy3D/E),PCMDB
Os08g0474000,LOC_Os08g36920,"leaf epidermis,leaf mesophyll,leaf procambium",Leaf,DERF3,PCMDB
Os08g0474500,LOC_Os08g36970,"leaf epidermis,leaf mesophyll,mestome sheath,leaf procambium",Leaf,Os08g0474500,PCMDB
Os08g0474700,LOC_Os08g36994,"leaf epidermis,leaf mesophyll",Leaf,Os08g0474700,PCMDB
Os08g0476300,LOC_Os08g37130,leaf procambium,Leaf,EIP11,PCMDB
Os08g0476400,LOC_Os08g37140,"leaf epidermis,leaf mesophyll",Leaf,Os08g0476400,PCMDB
Os08g0478000,LOC_Os08g37300,mestome sheath,Leaf,OJ1666_A04.17-2,PCMDB
Os08g0478200,LOC_Os08g37320,"leaf epidermis,leaf mesophyll,leaf procambium",Leaf,RMtATPd2,PCMDB
Os08g0478500,LOC_Os08g37350,"leaf epidermis,leaf mesophyll",Leaf,Os08g0478500,PCMDB
Os08g0478700,LOC_Os08g37370,"leaf epidermis,leaf mesophyll,mestome sheath,leaf procambium",Leaf,Os08g0478700,PCMDB
Os08g0480100,LOC_Os08g37444,"leaf epidermis,leaf mesophyll,leaf procambium",Leaf,OJ1113_A10.31-2,PCMDB
Os08g0480800,LOC_Os08g37490,"leaf mesophyll,mestome sheath",Leaf,GF14A,PCMDB
Os08g0481800,LOC_Os08g37600,leaf mesophyll,Leaf,Os08g0481800,PCMDB
Os08g0481950,LOC_Os08g37605,mestome sheath,Leaf,Os08g0481950,PCMDB
Os08g0482300,LOC_Os08g37630,"leaf epidermis,leaf mesophyll,leaf procambium",Leaf,OsAGP1,PCMDB
Os08g0482600,LOC_Os08g37660,leaf mesophyll,Leaf,OsUCL29,PCMDB
Os08g0482700,LOC_Os08g37670,"leaf mesophyll,leaf procambium",Leaf,OsUCL30,PCMDB
Os08g0483100,LOC_Os08g37690,leaf procambium,Leaf,Os08g0483100,PCMDB
Os08g0483600,LOC_Os08g37720,"leaf epidermis,leaf mesophyll",Leaf,OJ1111_H02.21-1,PCMDB
Os08g0484200,LOC_Os08g37760,"leaf epidermis,leaf mesophyll,mestome sheath,leaf procambium",Leaf,Os08g0484200,PCMDB
Os08g0484500,LOC_Os08g37790,"leaf epidermis,leaf mesophyll,mestome sheath,leaf procambium",Leaf,Os08g0484500,PCMDB
Os08g0484600,LOC_Os08g37800,"leaf epidermis,leaf mesophyll,mestome sheath,leaf procambium",Leaf,OSK4,PCMDB
Os08g0485400,LOC_Os08g37874,"leaf mesophyll,leaf procambium,Mesophyll precursor",Leaf,P0481F05.4-1,PCMDB
Os08g0485800,LOC_Os08g37930,leaf sheath,Leaf,Os08g0485800,PCMDB
Os08g0490100,LOC_Os08g38220,leaf epidermis,Leaf,OsDof24,PCMDB
Os08g0490600,LOC_Os08g38270,"leaf epidermis,leaf mesophyll,leaf procambium",Leaf,OsFLA4,PCMDB
Os08g0490900,LOC_Os08g38300,"leaf mesophyll,leaf initial cell",Leaf,Os08g0490900,PCMDB
Os08g0492400,LOC_Os08g38440,"leaf epidermis,leaf mesophyll,leaf procambium",Leaf,Os08g0492400,PCMDB
Os08g0492500,LOC_Os08g38460,leaf epidermis,Leaf,OsRHP1,PCMDB
Os08g0494000,LOC_Os08g38580,"leaf mesophyll,Leaf preprocambium",Leaf,Os08g0494000,PCMDB
Os08g0494300,LOC_Os08g38600,leaf mesophyll,Leaf,Os08g0494300,PCMDB
Os08g0495800,LOC_Os08g38710,"leaf epidermis,leaf mesophyll,mestome sheath",Leaf,Osh69,PCMDB
Os08g0496500,LOC_Os08g38780,"leaf mesophyll,leaf procambium",Leaf,OsHAP5D,PCMDB
Os08g0497600,LOC_Os08g38880,"leaf epidermis,leaf mesophyll,mestome sheath,leaf procambium",Leaf,SRWD1,PCMDB
Os08g0498100,LOC_Os08g38900,"leaf epidermis,leaf mesophyll,mestome sheath,leaf procambium",Leaf,OsOMT26,PCMDB
Os08g0498400,LOC_Os08g38910,"leaf epidermis,leaf mesophyll,mestome sheath,leaf procambium",Leaf,ROMT-17,PCMDB
Os08g0499000,LOC_Os08g38960,"leaf epidermis,leaf mesophyll,mestome sheath,leaf procambium",Leaf,Os08g0499000,PCMDB
Os08g0500100,LOC_Os08g39080,"leaf epidermis,leaf mesophyll,mestome sheath",Leaf,OsPEX5,PCMDB
Os08g0501300,LOC_Os08g39190,"leaf mesophyll,leaf procambium",Leaf,Os08g0501300,PCMDB
Os08g0502400,LOC_Os08g39270,leaf mesophyll,Leaf,OsFLA5,PCMDB
Os08g0502700,LOC_Os08g39300,"leaf epidermis,leaf mesophyll,mestome sheath,leaf procambium,Phloem",Leaf,Os08g0502700,PCMDB
Os08g0502800,LOC_Os08g39310,leaf epidermis,Leaf,Os08g0502800,PCMDB
Os08g0503200,LOC_Os08g39350,"leaf epidermis,leaf mesophyll",Leaf,Os08g0503200,PCMDB
Os08g0503700,LOC_Os08g39370,"leaf mesophyll,leaf procambium",Leaf,Os08g0503700,PCMDB
Os08g0504600,LOC_Os08g39440,"leaf mesophyll,leaf procambium",Leaf,Os08g0504600,PCMDB
Os08g0504700,LOC_Os08g39450,leaf mesophyll,Leaf,SAP11,PCMDB
Os08g0505200,LOC_Os08g39490,"leaf epidermis,leaf mesophyll,leaf procambium",Leaf,Os08g0505200,PCMDB
Os08g0505250,LOC_Os08g39490,"leaf epidermis,leaf mesophyll,leaf procambium",Leaf,Os08g0505250,PCMDB
Os08g0505300,LOC_Os08g39500,"leaf mesophyll,leaf procambium,Mesophyll precursor",Leaf,Os08g0505300,PCMDB
Os08g0506000,LOC_Os08g39560,leaf epidermis,Leaf,Os08g0506000,PCMDB
Os08g0506700,LOC_Os08g39630,leaf mesophyll,Leaf,OsFBH1,PCMDB
Os08g0506850,LOC_Os08g39630,leaf mesophyll,Leaf,Os08g0506850,PCMDB
Os08g0507702,LOC_Os08g39694,"leaf mesophyll,leaf procambium",Leaf,Os08g0507702,PCMDB
Os08g0508000,LOC_Os08g39730,"leaf mesophyll,mestome sheath,leaf procambium",Leaf,CYP76M2,PCMDB
Os08g0508500,LOC_Os08g39810,leaf mesophyll,Leaf,JMJ717,PCMDB
Os08g0508800,LOC_Os08g39840,vascular leaf,Leaf,Lox2:Os:1,PCMDB
Os08g0509100,LOC_Os08g39850,leaf procambium,Leaf,OsLOX8,PCMDB
Os08g0509200,LOC_Os08g39860,"leaf mesophyll,leaf procambium",Leaf,Os8bglu27,PCMDB
Os08g0509400,LOC_Os08g39870,"leaf mesophyll,leaf procambium",Leaf,Os8bglu28,PCMDB
Os08g0510400,LOC_Os08g39960,leaf mesophyll,Leaf,Os08g0510400,PCMDB
Os08g0510700,LOC_Os08g39980,leaf mesophyll,Leaf,OSJNBa0016N23.124-2,PCMDB
Os08g0511800,LOC_Os08g40100,leaf mesophyll,Leaf,Os08g0511800,PCMDB
Os08g0511900,LOC_Os08g40110,"leaf mesophyll,mestome sheath,leaf procambium",Leaf,Os08g0511900,PCMDB
Os08g0512300,LOC_Os08g40140,"leaf epidermis,leaf mesophyll",Leaf,Os08g0512300,PCMDB
Os08g0512400,LOC_Os08g40150,"leaf mesophyll,mestome sheath",Leaf,P0711H09.10-2,PCMDB
Os08g0512500,LOC_Os08g40160,"leaf mesophyll,mestome sheath,leaf procambium",Leaf,Os08g0512500,PCMDB
Os08g0512700,LOC_Os08g40180,mestome sheath,Leaf,HMGR,PCMDB
Os08g0512900,LOC_Os08g40190,mestome sheath,Leaf,Os08g0512900,PCMDB
Os08g0513000,LOC_Os08g40200,"leaf epidermis,leaf mesophyll,mestome sheath,leaf procambium",Leaf,OsPP103,PCMDB
Os08g0513300,LOC_Os08g40230,"leaf epidermis,leaf mesophyll",Leaf,Os08g0513300,PCMDB
Os08g0513600,LOC_Os08g40250,"leaf mesophyll,leaf procambium",Leaf,Os08g0513600,PCMDB
Os08g0514000,LOC_Os08g40270,leaf mesophyll,Leaf,Os08g0514000,PCMDB
Os08g0514066,LOC_Os08g40270,leaf mesophyll,Leaf,Os08g0514066,PCMDB
Os08g0515700,LOC_Os08g40420,"leaf mesophyll,mestome sheath",Leaf,P0686C03.125,PCMDB
Os08g0516600,LOC_Os08g40500,"leaf epidermis,leaf mesophyll,leaf procambium",Leaf,P0686C03.141,PCMDB
Os08g0516900,LOC_Os08g40510,leaf mesophyll,Leaf,SKIN2,PCMDB
Os08g0517200,LOC_Os08g40530,"leaf epidermis,leaf mesophyll,leaf procambium",Leaf,FCO2,PCMDB
Os08g0517600,LOC_Os08g40580,"leaf epidermis,leaf mesophyll",Leaf,P0700D12.112-1,PCMDB
Os08g0517700,LOC_Os08g40590,leaf mesophyll,Leaf,P0700D12.114-2,PCMDB
Os08g0517900,LOC_Os08g40610,"leaf epidermis,leaf mesophyll,leaf procambium",Leaf,P0700D12.116,PCMDB
Os08g0518100,LOC_Os08g40620,"leaf epidermis,leaf mesophyll,mestome sheath,leaf procambium",Leaf,MAP,PCMDB
Os08g0518800,LOC_Os08g40680,"mestome sheath,leaf procambium",Leaf,OsGH,PCMDB
Os08g0518900,LOC_Os08g40690,"leaf epidermis,leaf mesophyll,mestome sheath,leaf procambium",Leaf,C10122,PCMDB
Os08g0519400,LOC_Os08g40790,"leaf epidermis,leaf mesophyll,mestome sheath",Leaf,BIP129,PCMDB
Os08g0520000,LOC_Os08g40850,"leaf mesophyll,leaf procambium",Leaf,BTI-1,PCMDB
Os08g0520700,LOC_Os08g40919,leaf mesophyll,Leaf,OJ1003_A09.19,PCMDB
Os08g0520850,LOC_Os08g40919,leaf mesophyll,Leaf,Os08g0520850,PCMDB
Os08g0522500,LOC_Os08g41100,"leaf epidermis,leaf mesophyll,leaf procambium",Leaf,OJ1081_B12.117,PCMDB
Os08g0524100,LOC_Os08g41270,"leaf mesophyll,mestome sheath",Leaf,Os08g0524100,PCMDB
Os08g0524200,LOC_Os08g41280,"leaf mesophyll,leaf procambium",Leaf,OJ1191_A10.101,PCMDB
Os08g0524400,LOC_Os08g41290,"leaf mesophyll,mestome sheath,leaf procambium",Leaf,OJ1191_A10.104,PCMDB
Os08g0524600,LOC_Os08g41300,"leaf epidermis,leaf mesophyll",Leaf,rpL32_8.1,PCMDB
Os08g0525000,LOC_Os08g41340,mestome sheath,Leaf,OsRab11G2,PCMDB
Os08g0526100,LOC_Os08g41440,leaf mesophyll,Leaf,OsUGlcAE2,PCMDB
Os08g0526200,LOC_Os08g41460,leaf mesophyll,Leaf,Os08g0526200,PCMDB
Os08g0526300,LOC_Os08g41460,leaf mesophyll,Leaf,OJ1191_A10.128,PCMDB
Os08g0528500,LOC_Os08g41670,leaf procambium,Leaf,Os08g0528500,PCMDB
Os08g0528900,LOC_Os08g41710,leaf epidermis,Leaf,Os08g0528900,PCMDB
Os08g0529100,LOC_Os08g41730,leaf procambium,Leaf,Os08g0529100,PCMDB
Os08g0529800,LOC_Os08g41780,"leaf mesophyll,mestome sheath,leaf procambium",Leaf,Os08g0529800,PCMDB
Os08g0530200,LOC_Os08g41810,"leaf epidermis,leaf mesophyll,leaf procambium",Leaf,Os08g0530200,PCMDB
Os08g0530400,LOC_Os08g41830,"leaf epidermis,leaf mesophyll",Leaf,OsMCP,PCMDB
Os08g0532200,LOC_Os08g41990,leaf mesophyll,Leaf,GSA,PCMDB
Os08g0532300,LOC_Os08g42000,"leaf epidermis,mestome sheath",Leaf,NTF2,PCMDB
Os08g0532800,LOC_Os08g42040,"leaf epidermis,leaf mesophyll,leaf procambium",Leaf,OsLTPG22,PCMDB
Os08g0535000,LOC_Os08g42290,"leaf mesophyll,leaf procambium",Leaf,Os08g0535000,PCMDB
Os08g0535400,LOC_Os08g42370,"leaf epidermis,leaf mesophyll,mestome sheath",Leaf,Os08g0535400,PCMDB
Os08g0535700,LOC_Os08g42390,"leaf epidermis,leaf mesophyll,leaf procambium",Leaf,OsSTA217,PCMDB
Os08g0535800,LOC_Os08g42400,"leaf mesophyll,mestome sheath,leaf procambium",Leaf,ONAC005,PCMDB
Os08g0536000,LOC_Os08g42410,leaf mesophyll,Leaf,Os08g0536000,PCMDB
Os08g0536100,LOC_Os08g42420,"leaf mesophyll,mestome sheath,leaf procambium",Leaf,Os08g0536100,PCMDB
Os08g0536300,LOC_Os08g42440,"leaf epidermis,leaf mesophyll,mestome sheath,leaf procambium,Leaf preprocambium",Leaf,OsBBX26,PCMDB
Os08g0536400,LOC_Os08g42450,leaf mesophyll,Leaf,Os08g0536400,PCMDB
Os08g0537200,LOC_Os08g42490,mestome sheath,Leaf,Os08g0537200,PCMDB
Os08g0537900,LOC_Os08g42550,"leaf mesophyll,mestome sheath",Leaf,DERF7,PCMDB
Os08g0538200,LOC_Os08g42570,"leaf epidermis,leaf mesophyll,mestome sheath,leaf procambium",Leaf,Os08g0538200,PCMDB
Os08g0538300,LOC_Os08g42580,"leaf epidermis,leaf mesophyll,leaf procambium",Leaf,OsCERK1,PCMDB
Os08g0538600,LOC_Os08g42590,leaf mesophyll,Leaf,P0666G10.103,PCMDB
Os08g0539300,LOC_Os08g42640,leaf epidermis,Leaf,OsRFPH2-10,PCMDB
Os08g0540100,LOC_Os08g42730,"leaf epidermis,leaf mesophyll,leaf procambium",Leaf,P0666G10.131,PCMDB
Os08g0540300,LOC_Os08g42740,leaf mesophyll,Leaf,P0666G10.134,PCMDB
Os08g0540400,LOC_Os08g42750,leaf mesophyll,Leaf,OsCDPK21,PCMDB
Os08g0540500,LOC_Os08g42760,leaf mesophyll,Leaf,Os08g0540500,PCMDB
Os08g0540900,LOC_Os08g42800,"mestome sheath,leaf procambium,Leaf preprocambium",Leaf,Os08g0540900,PCMDB
Os08g0541400,LOC_Os08g42850,leaf mesophyll,Leaf,OsFKBP16-3,PCMDB
Os08g0541500,LOC_Os08g42870,leaf mesophyll,Leaf,Os08g0541500,PCMDB
Os08g0542100,LOC_Os08g42920,leaf mesophyll,Leaf,Os08g0542100,PCMDB
Os08g0544500,LOC_Os08g43130,"leaf epidermis,leaf mesophyll",Leaf,LPL3,PCMDB
Os08g0545000,LOC_Os08g43180,leaf mesophyll,Leaf,Os08g0545000,PCMDB
Os08g0545200,LOC_Os08g43190,"leaf mesophyll,leaf procambium,Mesophyll precursor",Leaf,OsDH1,PCMDB
Os08g0545500,LOC_Os08g43200,leaf mesophyll,Leaf,OsERF#028,PCMDB
Os08g0545700,LOC_Os08g43230,leaf mesophyll,Leaf,Os08g0545700,PCMDB
Os08g0546700,LOC_Os08g43320,"leaf epidermis,leaf mesophyll,mestome sheath,leaf procambium",Leaf,OsRhmbd14,PCMDB
Os08g0546800,LOC_Os08g43334,"leaf mesophyll,leaf procambium",Leaf,HSFB2B,PCMDB
Os08g0547100,LOC_Os08g43370,"leaf epidermis,leaf mesophyll,leaf procambium",Leaf,Os08g0547100,PCMDB
Os08g0547500,LOC_Os08g43400,"leaf epidermis,Xylem",Leaf,Os08g0547500,PCMDB
Os08g0548200,LOC_Os08g43470,"leaf epidermis,leaf mesophyll,mestome sheath,leaf procambium",Leaf,Os08g0548200,PCMDB
Os08g0548300,LOC_Os08g43480,"leaf mesophyll,leaf procambium",Leaf,Os08g0548300,PCMDB
Os08g0548400,LOC_Os08g43490,"leaf epidermis,leaf mesophyll",Leaf,OsDjC66,PCMDB
Os08g0548700,LOC_Os08g43510,leaf mesophyll,Leaf,Os08g0548700,PCMDB
Os08g0548900,LOC_Os08g43540,"leaf epidermis,leaf procambium",Leaf,Os08g0548900,PCMDB
Os08g0549000,LOC_Os08g43550,"leaf epidermis,leaf mesophyll,mestome sheath,leaf procambium",Leaf,OsGL1A,PCMDB
Os08g0549100,LOC_Os08g43560,"leaf epidermis,leaf mesophyll,leaf procambium",Leaf,OsAPx4,PCMDB
Os08g0549300,LOC_Os08g43580,"leaf epidermis,leaf mesophyll",Leaf,Os08g0549300,PCMDB
Os08g0549900,LOC_Os08g43620,"leaf epidermis,leaf mesophyll,leaf procambium",Leaf,Os08g0549900,PCMDB
Os08g0550100,LOC_Os08g43640,leaf epidermis,Leaf,OsRpn3,PCMDB
Os08g0550400,LOC_Os08g43670,"leaf epidermis,leaf mesophyll,mestome sheath",Leaf,Os08g0550400,PCMDB
Os08g0555700,LOC_Os08g44190,mestome sheath,Leaf,Os08g0555700,PCMDB
Os08g0556000,LOC_Os08g44200,"leaf epidermis,leaf mesophyll,mestome sheath",Leaf,Os08g0556000,PCMDB
Os08g0556200,LOC_Os08g44210,"leaf epidermis,leaf mesophyll,mestome sheath,leaf procambium",Leaf,Os08g0556200,PCMDB
Os08g0556600,LOC_Os08g44250,leaf epidermis,Leaf,Os08g0556600,PCMDB
Os08g0556900,LOC_Os08g44270,leaf epidermis,Leaf,CP,PCMDB
Os08g0557000,LOC_Os08g44280,"leaf epidermis,leaf mesophyll,mestome sheath,leaf procambium",Leaf,PIMT1,PCMDB
Os08g0557100,LOC_Os08g44290,"leaf epidermis,leaf mesophyll,leaf procambium",Leaf,OJ1150_A11.19-2,PCMDB
Os08g0557400,LOC_Os08g44320,leaf mesophyll,Leaf,OsPP104,PCMDB
Os08g0557600,LOC_Os08g44340,"leaf epidermis,mestome sheath,leaf initial cell",Leaf,OsMDAR4,PCMDB
Os08g0557800,LOC_Os08g44360,leaf epidermis,Leaf,Os08g0557800,PCMDB
Os08g0557900,LOC_Os08g44370,leaf epidermis,Leaf,URH1,PCMDB
Os08g0558000,LOC_Os08g44380,"leaf epidermis,leaf mesophyll",Leaf,Os08g0558000,PCMDB
Os08g0558800,LOC_Os08g44450,"leaf epidermis,leaf mesophyll,leaf procambium",Leaf,OsRPL10Ac1,PCMDB
Os08g0558900,LOC_Os08g44460,"leaf epidermis,leaf mesophyll",Leaf,IF1-1,PCMDB
Os08g0559000,LOC_Os08g44470,mestome sheath,Leaf,Os08g0559000,PCMDB
Os08g0559200,LOC_Os08g44480,"leaf epidermis,leaf mesophyll",Leaf,RPS25,PCMDB
Os08g0559300,LOC_Os08g44510,"leaf epidermis,leaf mesophyll,leaf procambium",Leaf,SPY,PCMDB
Os08g0560000,LOC_Os08g44590,leaf procambium,Leaf,OsGA20ox7,PCMDB
Os08g0560600,LOC_Os08g44650,leaf mesophyll,Leaf,Os08g0560600,PCMDB
Os08g0560900,LOC_Os08g44680,"leaf epidermis,leaf mesophyll,mestome sheath,leaf procambium,Mesophyll precursor",Leaf,PsaD,PCMDB
Os08g0561700,LOC_Os08g44770,"leaf epidermis,leaf mesophyll,mestome sheath,leaf procambium,Mesophyll precursor",Leaf,OsSOD4,PCMDB
Os08g0562200,LOC_Os08g44820,leaf mesophyll,Leaf,OsNTL5,PCMDB
Os08g0562500,LOC_Os08g44840,leaf epidermis,Leaf,slg,PCMDB
Os08g0562600,LOC_Os08g44850,"leaf mesophyll,mestome sheath",Leaf,Os08g0562600,PCMDB
Os08g0562700,LOC_Os08g44860,"leaf epidermis,leaf mesophyll",Leaf,Os08g0562700,PCMDB
Os08g0563300,LOC_Os08g44930,"leaf epidermis,leaf mesophyll",Leaf,Os08g0563300,PCMDB
Os08g0563500,LOC_Os08g44950,"leaf epidermis,leaf mesophyll,mestome sheath,leaf procambium",Leaf,P0705A05.103,PCMDB
Os08g0564300,LOC_Os08g45030,"leaf epidermis,leaf mesophyll",Leaf,OsABCB22,PCMDB
Os08g0564500,LOC_Os08g45040,"leaf epidermis,leaf mesophyll",Leaf,Os08g0564500,PCMDB
Os08g0564800,LOC_Os08g45080,"leaf mesophyll,mestome sheath,leaf procambium",Leaf,OsMED15_2,PCMDB
Os08g0565800,LOC_Os08g45140,"leaf epidermis,leaf mesophyll",Leaf,OsGRX21,PCMDB
Os08g0566400,LOC_Os08g45180,"leaf epidermis,leaf mesophyll,mestome sheath,leaf procambium,Mesophyll precursor",Leaf,Os08g0566400,PCMDB
Os08g0566600,LOC_Os08g45190,leaf mesophyll,Leaf,OsPGR5,PCMDB
Os08g0566900,LOC_Os08g45210,leaf mesophyll,Leaf,Os08g0566900,PCMDB
Os08g0567000,LOC_Os08g45220,"leaf epidermis,leaf mesophyll,leaf procambium",Leaf,Os08g0567000,PCMDB
Os09g0104300,LOC_Os09g01690,"leaf epidermis,leaf mesophyll",Leaf,Os09g0104300,PCMDB
Os09g0106700,LOC_Os09g01960,"leaf epidermis,mestome sheath",Leaf,R2R3-MYB,PCMDB
Os09g0109500,LOC_Os09g02170,leaf epidermis,Leaf,Os09g0109500,PCMDB
Os09g0111800,LOC_Os09g02400,"leaf mesophyll,leaf procambium",Leaf,Os09g0111800,PCMDB
Os09g0113000,LOC_Os09g02530,leaf epidermis,Leaf,Os09g0113000,PCMDB
Os09g0115400,LOC_Os09g02700,"leaf mesophyll,mestome sheath,leaf procambium",Leaf,OsPABPC1,PCMDB
Os09g0115500,LOC_Os09g02710,"leaf mesophyll,leaf procambium",Leaf,OsCBSX2,PCMDB
Os09g0115900,LOC_Os09g02770,"leaf mesophyll,leaf procambium",Leaf,Os09g0115900,PCMDB
Os09g0116600,LOC_Os09g02814,"leaf epidermis,leaf mesophyll,mestome sheath,leaf procambium",Leaf,Os09g0116600,PCMDB
Os09g0119100,LOC_Os09g03090,leaf epidermis,Leaf,Os09g0119100,PCMDB
Os09g0120033,LOC_Os09g03190,leaf mesophyll,Leaf,Os09g0120033,PCMDB
Os09g0120100,LOC_Os09g03210,leaf epidermis,Leaf,Os09g0120100,PCMDB
Os09g0123300,LOC_Os09g03620,"leaf mesophyll,leaf procambium",Leaf,OsRLCK259,PCMDB
Os09g0127300,LOC_Os09g04050,leaf procambium,Leaf,OsCCR17,PCMDB
Os09g0128400,LOC_Os09g04160,"leaf epidermis,leaf mesophyll,mestome sheath,leaf procambium",Leaf,Os09g0128400,PCMDB
Os09g0129600,LOC_Os09g04339,leaf procambium,Leaf,Os09g0129600,PCMDB
Os09g0129800,LOC_Os09g04339,leaf procambium,Leaf,P0448B11.33,PCMDB
Os09g0132900,LOC_Os09g04710,leaf epidermis,Leaf,OsGELP98,PCMDB
Os09g0133200,LOC_Os09g04730,"leaf epidermis,leaf mesophyll,mestome sheath,leaf procambium",Leaf,Os09g0133200,PCMDB
Os09g0133600,LOC_Os09g04790,"leaf mesophyll,leaf procambium,Mesophyll precursor",Leaf,PAP2,PCMDB
Os09g0133700,LOC_Os09g04800,leaf mesophyll,Leaf,Os09g0133700,PCMDB
Os09g0135700,LOC_Os09g05020,"leaf epidermis,leaf mesophyll,leaf procambium",Leaf,OsPFA-DSP1,PCMDB
Os09g0135800,LOC_Os09g05030,"leaf epidermis,leaf mesophyll",Leaf,Os09g0135800,PCMDB
Os09g0240500,LOC_Os09g06499,mestome sheath,Leaf,OsSultr4,PCMDB
Os09g0242600,LOC_Os09g06719,"leaf mesophyll,leaf procambium",Leaf,Os09g0242600,PCMDB
Os09g0243200,LOC_Os09g06770,"leaf epidermis,leaf mesophyll,mestome sheath,leaf procambium",Leaf,Os09g0243200,PCMDB
Os09g0244900,LOC_Os09g06970,leaf mesophyll,Leaf,Os09g0244900,PCMDB
Os09g0248000,LOC_Os09g07320,leaf mesophyll,Leaf,P0499G10.13-2,PCMDB
Os09g0248100,LOC_Os09g07350,"leaf epidermis,leaf mesophyll,leaf procambium,Xylem",Leaf,OsFLA11,PCMDB
Os09g0248200,LOC_Os09g07360,leaf mesophyll,Leaf,P0499G10.20-2,PCMDB
Os09g0248300,LOC_Os09g07380,leaf epidermis,Leaf,Os09g0248300,PCMDB
Os09g0249000,LOC_Os09g07460,"leaf mesophyll,mestome sheath,leaf procambium",Leaf,kr1,PCMDB
Os09g0249900,LOC_Os09g07570,leaf mesophyll,Leaf,Os09g0249900,PCMDB
Os09g0250150,LOC_Os09g07614,leaf mesophyll,Leaf,Os09g0250150,PCMDB
Os09g0252000,LOC_Os09g07820,leaf mesophyll,Leaf,Os09g0252000,PCMDB
Os09g0252100,LOC_Os09g07830,"leaf epidermis,leaf mesophyll",Leaf,Os09g0252100,PCMDB
Os09g0252700,LOC_Os09g07900,"leaf mesophyll,mestome sheath,leaf procambium",Leaf,Os09g0252700,PCMDB
Os09g0252800,LOC_Os09g07900,"leaf mesophyll,mestome sheath,leaf procambium",Leaf,Os09g0252800,PCMDB
Os09g0253000,LOC_Os09g07920,"leaf epidermis,leaf mesophyll,mestome sheath,leaf procambium",Leaf,Os09g0253000,PCMDB
Os09g0255200,LOC_Os09g08100,mestome sheath,Leaf,Os09g0255200,PCMDB
Os09g0255400,LOC_Os09g08130,"leaf procambium,Leaf preprocambium",Leaf,IGPS,PCMDB
Os09g0258000,LOC_Os09g08390,"leaf epidermis,leaf mesophyll",Leaf,P0523B07.38-1,PCMDB
Os09g0258600,LOC_Os09g08430,"leaf epidermis,leaf mesophyll,mestome sheath",Leaf,Os09g0258600,PCMDB
Os09g0259200,LOC_Os09g08490,leaf,Leaf,OsSWEET7d,PCMDB
Os09g0266000,LOC_Os09g09320,leaf mesophyll,Leaf,B1012G11.37-1,PCMDB
Os09g0267600,LOC_Os09g09480,leaf mesophyll,Leaf,NP39,PCMDB
Os09g0268800,LOC_Os09g09560,mestome sheath,Leaf,Os09g0268800,PCMDB
Os09g0270900,LOC_Os09g09790,leaf mesophyll,Leaf,OsISC3,PCMDB
Os09g0272500,LOC_Os09g10000,"leaf epidermis,leaf mesophyll,leaf procambium",Leaf,Os09g0272500,PCMDB
Os09g0272600,LOC_Os09g10010,"leaf mesophyll,mestome sheath",Leaf,Os09g0272600,PCMDB
Os09g0273950,LOC_Os09g10201,"leaf epidermis,leaf mesophyll",Leaf,Os09g0273950,PCMDB
Os09g0274100,LOC_Os09g10204,"leaf epidermis,leaf mesophyll,mestome sheath,leaf procambium",Leaf,Os09g0274100,PCMDB
Os09g0274900,LOC_Os09g10274,"leaf mesophyll,leaf epidermis,mestome sheath,leaf procambium",Leaf,Os09g0274900,PCMDB
Os09g0277800,LOC_Os09g10600,leaf mesophyll,Leaf,Os09g0277800,PCMDB
Os09g0279100,LOC_Os09g10720,mestome sheath,Leaf,Os09g0279100,PCMDB
Os09g0279400,LOC_Os09g10750,"leaf mesophyll,leaf procambium",Leaf,OsStr3,PCMDB
Os09g0279500,LOC_Os09g10760,"leaf epidermis,leaf mesophyll,mestome sheath,leaf procambium",Leaf,Os09g0279500,PCMDB
Os09g0281600,LOC_Os09g10930,"leaf epidermis,leaf mesophyll",Leaf,Os09g0281600,PCMDB
Os09g0281700,LOC_Os09g10940,"leaf epidermis,leaf procambium",Leaf,rgp1,PCMDB
Os09g0284200,LOC_Os09g11230,leaf epidermis,Leaf,OsPP106,PCMDB
Os09g0284300,LOC_Os09g11240,"leaf epidermis,leaf mesophyll",Leaf,Os09g0284300,PCMDB
Os09g0284400,LOC_Os09g11250,"leaf epidermis,mestome sheath",Leaf,Os09g0284400,PCMDB
Os09g0286400,LOC_Os09g11450,"leaf mesophyll,leaf procambium",Leaf,OsNHX5,PCMDB
Os09g0286600,LOC_Os09g11460,"leaf epidermis,leaf mesophyll,mestome sheath,leaf procambium",Leaf,Sub1C,PCMDB
Os09g0287000,LOC_Os09g11480,"leaf mesophyll,leaf procambium",Leaf,Sub1B,PCMDB
Os09g0287300,LOC_Os09g11510,leaf mesophyll,Leaf,Os09g0287300,PCMDB
Os09g0293500,LOC_Os09g12240,mestome sheath,Leaf,BRL1,PCMDB
Os09g0297100,LOC_Os09g12570,"leaf epidermis,leaf mesophyll,leaf procambium",Leaf,MMS2,PCMDB
Os09g0297400,LOC_Os09g12600,"leaf epidermis,leaf mesophyll,leaf procambium",Leaf,OsPPT1,PCMDB
Os09g0298200,LOC_Os09g12660,"leaf mesophyll,leaf procambium",Leaf,OsAGPS1,PCMDB
Os09g0298400,LOC_Os09g12710,leaf procambium,Leaf,OsWD40-170,PCMDB
Os09g0299500,LOC_Os09g12800,leaf mesophyll,Leaf,Os09g0299500,PCMDB
Os09g0306650,LOC_Os09g13600,leaf mesophyll,Leaf,Os09g0306650,PCMDB
Os09g0306700,LOC_Os09g13610,leaf procambium,Leaf,PFT1,PCMDB
Os09g0308900,LOC_Os09g13870,"leaf mesophyll,mestome sheath",Leaf,Os09g0308900,PCMDB
Os09g0309500,LOC_Os09g13920,"leaf epidermis,mestome sheath",Leaf,Os09g0309500,PCMDB
Os09g0309700,LOC_Os09g13940,mestome sheath,Leaf,ERF109,PCMDB
Os09g0314333,LOC_Os09g14520,leaf mesophyll,Leaf,Os09g0314333,PCMDB
Os09g0315050,LOC_Os09g14610,"leaf epidermis,leaf mesophyll,leaf procambium",Leaf,Os09g0315050,PCMDB
Os09g0315100,LOC_Os09g14610,"leaf epidermis,leaf mesophyll,leaf procambium",Leaf,OsDCL2b,PCMDB
Os09g0319701,LOC_Os09g15044,"leaf epidermis,leaf mesophyll,mestome sheath,leaf procambium",Leaf,Os09g0319701,PCMDB
Os09g0321500,LOC_Os09g15284,"leaf mesophyll,Mesophyll precursor",Leaf,Os09g0321500,PCMDB
Os09g0322000,LOC_Os09g15330,"leaf epidermis,leaf mesophyll,leaf procambium",Leaf,OJ1742_G01.36-1,PCMDB
Os09g0323000,LOC_Os09g15420,leaf mesophyll,Leaf,OsUGE4,PCMDB
Os09g0323500,LOC_Os09g15480,"leaf epidermis,leaf mesophyll,mestome sheath,leaf procambium",Leaf,Os09g0323500,PCMDB
Os09g0326900,LOC_Os09g15770,"leaf epidermis,leaf mesophyll,leaf procambium",Leaf,BIP107,PCMDB
Os09g0327300,LOC_Os09g15810,leaf mesophyll,Leaf,Os09g0327300,PCMDB
Os09g0327400,LOC_Os09g15820,"leaf mesophyll,leaf procambium",Leaf,Os09g0327400,PCMDB
Os09g0332100,LOC_Os09g16280,mestome sheath,Leaf,Os09g0332100,PCMDB
Os09g0332700,LOC_Os09g16330,"leaf epidermis,leaf mesophyll,mestome sheath,leaf procambium",Leaf,OsPDR20,PCMDB
Os09g0334500,LOC_Os09g16510,"leaf epidermis,leaf mesophyll",Leaf,WRKY74,PCMDB
Os09g0337300,LOC_Os09g16760,"leaf epidermis,leaf mesophyll,mestome sheath,leaf procambium",Leaf,Os09g0337300,PCMDB
Os09g0338400,LOC_Os09g16910,leaf epidermis,Leaf,OsISC1,PCMDB
Os09g0340400,LOC_Os09g17049,leaf mesophyll,Leaf,Os09g0340400,PCMDB
Os09g0341500,LOC_Os09g17146,"leaf mesophyll,mestome sheath,leaf procambium",Leaf,Os09g0341500,PCMDB
Os09g0341600,LOC_Os09g17152,"mestome sheath,Leaf preprocambium",Leaf,OsFbox478,PCMDB
Os09g0342000,LOC_Os09g17190,"leaf mesophyll,mestome sheath",Leaf,OsFbox479,PCMDB
Os09g0343200,LOC_Os09g17329,vascular leaf,Leaf,Os09g0343200,PCMDB
Os09g0344500,LOC_Os09g17560,leaf sheath,Leaf,ZRP4,PCMDB
Os09g0344700,LOC_Os09g17580,mestome sheath,Leaf,Os09g0344700,PCMDB
Os09g0345000,LOC_Os09g17620,"leaf epidermis,leaf mesophyll,leaf procambium",Leaf,Os09g0345000,PCMDB
Os09g0346400,LOC_Os09g17730,leaf mesophyll,Leaf,BIP103,PCMDB
Os09g0346500,LOC_Os09g17740,"leaf epidermis,leaf mesophyll,mestome sheath,leaf procambium",Leaf,CAB1R,PCMDB
Os09g0359500,LOC_Os09g19500,vascular leaf,Leaf,Os09g0359500,PCMDB
Os09g0360400,LOC_Os09g19640,leaf mesophyll,Leaf,Os09g0360400,PCMDB
Os09g0361100,LOC_Os09g19700,"leaf epidermis,leaf mesophyll",Leaf,OsRLCK268,PCMDB
Os09g0361400,LOC_Os09g19734,"leaf epidermis,leaf mesophyll,leaf procambium",Leaf,OSVDAC1,PCMDB
Os09g0361500,LOC_Os09g19734,"leaf epidermis,leaf mesophyll,leaf procambium",Leaf,ICS1,PCMDB
Os09g0361700,LOC_Os09g19750,"leaf epidermis,mestome sheath,leaf procambium,Phloem",Leaf,Os09g0361700,PCMDB
Os09g0363700,LOC_Os09g19910,"leaf epidermis,leaf mesophyll,mestome sheath",Leaf,Os09g0363700,PCMDB
Os09g0363800,LOC_Os09g19920,"leaf mesophyll,mestome sheath,leaf procambium",Leaf,Os09g0363800,PCMDB
Os09g0364400,LOC_Os09g19970,mestome sheath,Leaf,Os09g0364400,PCMDB
Os09g0364800,LOC_Os09g20000,"leaf mesophyll,mestome sheath,leaf procambium",Leaf,Os09g0364800,PCMDB
Os09g0364900,LOC_Os09g20010,"leaf epidermis,mestome sheath",Leaf,OJ1001_G09.33-1,PCMDB
Os09g0365100,LOC_Os09g20024,"leaf epidermis,leaf mesophyll,mestome sheath,leaf procambium",Leaf,Os09g0365100,PCMDB
Os09g0365900,LOC_Os09g20090,"leaf mesophyll,leaf procambium",Leaf,OsORAP1,PCMDB
Os09g0367700,LOC_Os09g20220,"leaf epidermis,leaf mesophyll,mestome sheath,leaf procambium",Leaf,OsGSTU5,PCMDB
Os09g0368200,LOC_Os09g20260,"leaf epidermis,leaf mesophyll",Leaf,PAOb,PCMDB
Os09g0369000,LOC_Os09g20350,leaf mesophyll,Leaf,OsERF#050,PCMDB
Os09g0369050,LOC_Os09g20350,leaf mesophyll,Leaf,Os09g0369050,PCMDB
Os09g0369400,LOC_Os09g20390,leaf mesophyll,Leaf,OsTPP7,PCMDB
Os09g0370500,LOC_Os09g20460,"leaf epidermis,leaf mesophyll",Leaf,OsVQ35,PCMDB
Os09g0372100,LOC_Os09g20579,"leaf epidermis,leaf mesophyll,mestome sheath,leaf procambium,Xylem",Leaf,Os09g0372100,PCMDB
Os09g0372700,LOC_Os09g20630,"leaf epidermis,leaf mesophyll,leaf procambium",Leaf,Os09g0372700,PCMDB
Os09g0372900,LOC_Os09g20650,"leaf epidermis,leaf mesophyll",Leaf,OsFbox482,PCMDB
Os09g0373000,LOC_Os09g20660,"leaf epidermis,leaf mesophyll,mestome sheath,leaf procambium",Leaf,Os09g0373000,PCMDB
Os09g0375000,LOC_Os09g20820,leaf epidermis,Leaf,OsEno1,PCMDB
Os09g0375100,LOC_Os09g20830,leaf epidermis,Leaf,OsHSBP1,PCMDB
Os09g0375900,LOC_Os09g20900,"leaf epidermis,leaf mesophyll,mestome sheath,leaf procambium",Leaf,ATL3I,PCMDB
Os09g0376300,LOC_Os09g20930,mestome sheath,Leaf,Os09g0376300,PCMDB
Os09g0376700,LOC_Os09g20980,leaf epidermis,Leaf,RRF1,PCMDB
Os09g0376800,LOC_Os09g20990,"leaf epidermis,leaf mesophyll,mestome sheath",Leaf,Os09g0376800,PCMDB
Os09g0379900,LOC_Os09g21210,leaf mesophyll,Leaf,Os09g0379900,PCMDB
Os09g0380200,LOC_Os09g21250,leaf mesophyll,Leaf,OsV5A,PCMDB
Os09g0381400,LOC_Os09g21370,leaf mesophyll,Leaf,Os09g0381400,PCMDB
Os09g0381600,LOC_Os09g21380,leaf mesophyll,Leaf,Os09g0381600,PCMDB
Os09g0382400,LOC_Os09g21460,"leaf mesophyll,Mesophyll precursor",Leaf,PRIN2,PCMDB
Os09g0382500,LOC_Os09g21470,leaf epidermis,Leaf,SDH7,PCMDB
Os09g0385300,LOC_Os09g21689,"leaf mesophyll,mestome sheath,leaf procambium",Leaf,Os09g0385300,PCMDB
Os09g0385700,LOC_Os09g21710,"leaf mesophyll,mestome sheath",Leaf,OsSAP17,PCMDB
Os09g0386200,LOC_Os09g21740,"leaf epidermis,leaf mesophyll,leaf procambium",Leaf,OsPUB18,PCMDB
Os09g0386500,LOC_Os09g21770,"leaf epidermis,leaf mesophyll,mestome sheath",Leaf,Os09g0386500,PCMDB
Os09g0392000,LOC_Os09g22440,"leaf epidermis,leaf mesophyll,mestome sheath",Leaf,Os09g0392000,PCMDB
Os09g0392666,LOC_Os09g22505,"leaf epidermis,leaf mesophyll,mestome sheath,leaf procambium",Leaf,Os09g0392666,PCMDB
Os09g0394700,LOC_Os09g23150,"leaf mesophyll,leaf procambium",Leaf,Os09g0394700,PCMDB
Os09g0394900,LOC_Os09g23160,"leaf epidermis,leaf mesophyll,mestome sheath,leaf procambium",Leaf,OsANN9,PCMDB
Os09g0396300,LOC_Os09g23280,leaf mesophyll,Leaf,Os09g0396300,PCMDB
Os09g0397100,LOC_Os09g23334,mestome sheath,Leaf,Os09g0397100,PCMDB
Os09g0397200,LOC_Os09g23340,leaf procambium,Leaf,OsSTA226,PCMDB
Os09g0397300,LOC_Os09g23350,"leaf epidermis,mestome sheath",Leaf,Os09g0397300,PCMDB
Os09g0397400,LOC_Os09g23360,"mestome sheath,leaf procambium",Leaf,OsTBL36,PCMDB
Os09g0397700,LOC_Os09g23370,"leaf epidermis,leaf mesophyll,mestome sheath,leaf procambium",Leaf,Os09g0397700,PCMDB
Os09g0397900,LOC_Os09g23380,leaf procambium,Leaf,Os09g0397900,PCMDB
Os09g0399800,LOC_Os09g23530,leaf procambium,Leaf,OsCAD8A,PCMDB
Os09g0401000,LOC_Os09g23620,"leaf epidermis,leaf mesophyll",Leaf,OsMyb10,PCMDB
Os09g0403967,LOC_Os09g23894,"leaf epidermis,leaf mesophyll,mestome sheath",Leaf,Os09g0403967,PCMDB
Os09g0408600,LOC_Os09g24320,leaf mesophyll,Leaf,Os09g0408600,PCMDB
Os09g0409950,LOC_Os09g24440,leaf mesophyll,Leaf,Os09g0409950,PCMDB
Os09g0410125,LOC_Os09g24440,leaf mesophyll,Leaf,Os09g0410125,PCMDB
Os09g0410300,LOC_Os09g24440,leaf mesophyll,Leaf,qCTS-9,PCMDB
Os09g0411700,LOC_Os09g24540,"leaf epidermis,leaf mesophyll,leaf procambium",Leaf,Os09g0411700,PCMDB
Os09g0412300,LOC_Os09g24580,"leaf mesophyll,leaf procambium,Phloem",Leaf,Os09g0412300,PCMDB
Os09g0412400,LOC_Os09g24590,"leaf epidermis,leaf mesophyll,Mesophyll precursor",Leaf,Os09g0412400,PCMDB
Os09g0413100,LOC_Os09g24660,leaf epidermis,Leaf,Os09g0413100,PCMDB
Os09g0413500,LOC_Os09g24690,"leaf epidermis,leaf mesophyll,leaf procambium",Leaf,OsRPL34,PCMDB
Os09g0413600,LOC_Os09g24700,"leaf epidermis,leaf mesophyll",Leaf,P0643D11.22-2,PCMDB
Os09g0416200,LOC_Os09g24924,"leaf mesophyll,leaf procambium",Leaf,Os09g0416200,PCMDB
Os09g0416600,LOC_Os09g24970,leaf mesophyll,Leaf,P0707C02.39-1,PCMDB
Os09g0416700,LOC_Os09g24980,leaf mesophyll,Leaf,Os09g0416700,PCMDB
Os09g0416800,LOC_Os09g24990,leaf procambium,Leaf,OsCAF1G,PCMDB
Os09g0417400,LOC_Os09g25040,"leaf mesophyll,Leaf preprocambium",Leaf,OsbHLH100,PCMDB
Os09g0417600,LOC_Os09g25060,"leaf epidermis,leaf mesophyll,mestome sheath,leaf procambium",Leaf,WRKY76,PCMDB
Os09g0417800,LOC_Os09g25070,"leaf epidermis,leaf mesophyll,leaf procambium",Leaf,WRKY62,PCMDB
Os09g0418000,LOC_Os09g25090,"leaf epidermis,leaf mesophyll,leaf procambium",Leaf,OsCIPK16,PCMDB
Os09g0420300,LOC_Os09g25290,"leaf epidermis,leaf mesophyll,mestome sheath,leaf procambium",Leaf,Os09g0420300,PCMDB
Os09g0420600,LOC_Os09g25310,mestome sheath,Leaf,Os09g0420600,PCMDB
Os09g0420700,LOC_Os09g25314,"mestome sheath,leaf procambium",Leaf,Os09g0420700,PCMDB
Os09g0420800,LOC_Os09g25320,"leaf epidermis,mestome sheath",Leaf,RUB1,PCMDB
Os09g0421700,LOC_Os09g25430,leaf mesophyll,Leaf,Os09g0421700,PCMDB
Os09g0422500,LOC_Os09g25490,"leaf epidermis,Xylem",Leaf,BC6,PCMDB
Os09g0422600,LOC_Os09g25500,leaf procambium,Leaf,Os09g0422600,PCMDB
Os09g0423400,LOC_Os09g25560,leaf epidermis,Leaf,Os09g0423400,PCMDB
Os09g0423500,LOC_Os09g25570,leaf mesophyll,Leaf,Os09g0423500,PCMDB
Os09g0423700,LOC_Os09g25590,leaf mesophyll,Leaf,Os09g0423700,PCMDB
Os09g0425500,LOC_Os09g25720,"leaf epidermis,leaf mesophyll,mestome sheath,leaf procambium",Leaf,Os09g0425500,PCMDB
Os09g0425900,LOC_Os09g25760,leaf mesophyll,Leaf,OsSAP,PCMDB
Os09g0426500,LOC_Os09g25810,leaf mesophyll,Leaf,OsUMAMIT14,PCMDB
Os09g0426800,LOC_Os09g25850,"leaf epidermis,leaf mesophyll,mestome sheath,leaf procambium",Leaf,WSL2,PCMDB
Os09g0428000,LOC_Os09g25900,"leaf epidermis,leaf mesophyll,mestome sheath,leaf procambium",Leaf,OsCslC2,PCMDB
Os09g0431200,LOC_Os09g26160,leaf epidermis,Leaf,OsGLR1.1,PCMDB
Os09g0431300,LOC_Os09g26170,mestome sheath,Leaf,Os09g0431300,PCMDB
Os09g0432900,LOC_Os09g26300,leaf mesophyll,Leaf,Os09g0432900,PCMDB
Os09g0433000,LOC_Os09g26310,"leaf mesophyll,leaf procambium",Leaf,Os09g0433000,PCMDB
Os09g0433600,LOC_Os09g26340,"leaf epidermis,leaf mesophyll,mestome sheath,leaf procambium,leaf initial cell",Leaf,OSJNBb0064P21.1,PCMDB
Os09g0434000,LOC_Os09g26390,leaf procambium,Leaf,OsARID5,PCMDB
Os09g0434100,LOC_Os09g26390,leaf procambium,Leaf,OsARID5,PCMDB
Os09g0434200,LOC_Os09g26400,"leaf epidermis,leaf mesophyll,mestome sheath,leaf procambium",Leaf,OsDSG1,PCMDB
Os09g0434500,LOC_Os09g26420,"leaf epidermis,leaf mesophyll,mestome sheath,leaf procambium",Leaf,OsEREBP,PCMDB
Os09g0434900,LOC_Os09g26460,leaf mesophyll,Leaf,Os09g0434900,PCMDB
Os09g0438000,LOC_Os09g26660,"leaf mesophyll,mestome sheath",Leaf,rbohG,PCMDB
Os09g0438100,LOC_Os09g26670,leaf mesophyll,Leaf,Os09g0438100,PCMDB
Os09g0438400,LOC_Os09g26700,leaf mesophyll,Leaf,Os09g0438400,PCMDB
Os09g0438700,LOC_Os09g26730,"leaf epidermis,leaf mesophyll,leaf procambium,Mesophyll precursor",Leaf,Os09g0438700,PCMDB
Os09g0439200,LOC_Os09g26780,"leaf epidermis,leaf mesophyll,mestome sheath",Leaf,TIFY10C,PCMDB
Os09g0439400,LOC_Os09g26800,leaf mesophyll,Leaf,OsPGL25,PCMDB
Os09g0440300,LOC_Os09g26880,leaf mesophyll,Leaf,ALDH7,PCMDB
Os09g0440700,LOC_Os09g26900,leaf procambium,Leaf,OsCOPT7,PCMDB
Os09g0441400,LOC_Os09g26960,"leaf epidermis,leaf mesophyll,mestome sheath,leaf procambium",Leaf,Os09g0441400,PCMDB
Os09g0442100,LOC_Os09g27010,"leaf epidermis,mestome sheath",Leaf,OsRLCK272,PCMDB
Os09g0442300,LOC_Os09g27030,"leaf epidermis,leaf mesophyll,mestome sheath,leaf procambium",Leaf,Os09g0442300,PCMDB
Os09g0442400,LOC_Os09g27040,"leaf mesophyll,leaf procambium",Leaf,Os09g0442400,PCMDB
Os09g0442800,LOC_Os09g27070,"leaf epidermis,leaf mesophyll,leaf procambium",Leaf,P0046G12.28-1,PCMDB
Os09g0442900,LOC_Os09g27080,mestome sheath,Leaf,Os09g0442900,PCMDB
Os09g0444900,LOC_Os09g27260,"leaf epidermis,leaf mesophyll,leaf procambium,Phloem",Leaf,Os09g0444900,PCMDB
Os09g0445600,LOC_Os09g27330,"leaf mesophyll,mestome sheath,leaf procambium",Leaf,Os09g0445600,PCMDB
Os09g0446700,LOC_Os09g27410,"mestome sheath,leaf procambium",Leaf,Os09g0446700,PCMDB
Os09g0450200,LOC_Os09g27690,"leaf epidermis,leaf mesophyll",Leaf,Os09g0450200,PCMDB
Os09g0450300,LOC_Os09g27700,"leaf mesophyll,mestome sheath",Leaf,Os09g0450300,PCMDB
Os09g0451400,LOC_Os09g27820,"leaf mesophyll,Mesophyll precursor",Leaf,ACO2,PCMDB
Os09g0451500,LOC_Os09g27830,"leaf epidermis,leaf procambium",Leaf,PDIL2,PCMDB
Os09g0451800,LOC_Os09g27860,"leaf epidermis,leaf mesophyll",Leaf,Os09g0451800,PCMDB
Os09g0453000,LOC_Os09g27960,"leaf epidermis,leaf mesophyll,mestome sheath,leaf procambium",Leaf,P0488D02.18-2,PCMDB
Os09g0453100,LOC_Os09g27970,"leaf epidermis,leaf mesophyll",Leaf,Os09g0453100,PCMDB
Os09g0453500,LOC_Os09g28019,"leaf epidermis,leaf mesophyll",Leaf,Os09g0453500,PCMDB
Os09g0453800,LOC_Os09g28050,"leaf epidermis,leaf mesophyll",Leaf,OsIDI4,PCMDB
Os09g0453900,LOC_Os09g28060,"leaf epidermis,leaf mesophyll,mestome sheath,leaf procambium",Leaf,P0488D02.28-1,PCMDB
Os09g0454100,LOC_Os09g28100,leaf mesophyll,Leaf,OsRhmbd15,PCMDB
Os09g0454600,LOC_Os09g28160,"leaf epidermis,leaf mesophyll,mestome sheath,leaf procambium",Leaf,OsPT19,PCMDB
Os09g0454900,LOC_Os09g28180,leaf mesophyll,Leaf,Os09g0454900,PCMDB
Os09g0455400,LOC_Os09g28220,mestome sheath,Leaf,Os09g0455400,PCMDB
Os09g0456900,LOC_Os09g28370,leaf procambium,Leaf,Os09g0456900,PCMDB
Os09g0457100,LOC_Os09g28390,leaf mesophyll,Leaf,OsABA8OX3,PCMDB
Os09g0457900,LOC_Os09g28440,"leaf epidermis,leaf mesophyll,mestome sheath,leaf procambium",Leaf,ERF102,PCMDB
Os09g0458200,LOC_Os09g28470,"leaf mesophyll,leaf procambium",Leaf,Os09g0458200,PCMDB
Os09g0458300,LOC_Os09g28470,"leaf mesophyll,leaf procambium",Leaf,Os09g0458300,PCMDB
Os09g0458400,LOC_Os09g28480,leaf mesophyll,Leaf,OsCYO1,PCMDB
Os09g0458700,LOC_Os09g28480,leaf mesophyll,Leaf,Os09g0458700,PCMDB
Os09g0458800,LOC_Os09g28500,vascular leaf,Leaf,Os09g0458800,PCMDB
Os09g0459500,LOC_Os09g28550,leaf mesophyll,Leaf,BIP119,PCMDB
Os09g0459600,LOC_Os09g28560,leaf mesophyll,Leaf,OsPP2C69,PCMDB
Os09g0459800,LOC_Os09g28570,leaf epidermis,Leaf,B1045B05.39-1,PCMDB
Os09g0462200,LOC_Os09g28750,"leaf epidermis,leaf mesophyll,mestome sheath,leaf procambium",Leaf,Os09g0462200,PCMDB
Os09g0462700,LOC_Os09g28810,leaf mesophyll,Leaf,Os09g0462700,PCMDB
Os09g0463300,LOC_Os09g28850,"leaf epidermis,mestome sheath,Leaf preprocambium",Leaf,Os09g0463300,PCMDB
Os09g0464000,LOC_Os09g28910,"leaf epidermis,mestome sheath,leaf procambium",Leaf,OsbetaCA2,PCMDB
Os09g0465800,LOC_Os09g29080,leaf mesophyll,Leaf,Os09g0465800,PCMDB
Os09g0466100,LOC_Os09g29100,leaf epidermis,Leaf,CycD2,PCMDB
Os09g0466400,LOC_Os09g29130,"leaf mesophyll,mestome sheath",Leaf,OsZHD1,PCMDB
Os09g0466900,LOC_Os09g29170,"leaf mesophyll,leaf procambium",Leaf,OsPEPRK2,PCMDB
Os09g0467200,LOC_Os09g29200,leaf epidermis,Leaf,OsGSTU17,PCMDB
Os09g0467700,LOC_Os09g29270,leaf mesophyll,Leaf,Os09g0467700,PCMDB
Os09g0468300,LOC_Os09g29310,"leaf epidermis,leaf mesophyll,mestome sheath,leaf procambium",Leaf,Os09g0468300,PCMDB
Os09g0468800,LOC_Os09g29370,leaf mesophyll,Leaf,Os09g0468800,PCMDB
Os09g0468900,LOC_Os09g29380,"leaf epidermis,leaf mesophyll,mestome sheath,Phloem",Leaf,Os09g0468900,PCMDB
Os09g0470500,LOC_Os09g29460,"leaf mesophyll,leaf procambium",Leaf,Oshox4,PCMDB
Os09g0471200,LOC_Os09g29510,"leaf mesophyll,mestome sheath,leaf procambium",Leaf,Os09g0471200,PCMDB
Os09g0472100,LOC_Os09g29660,"leaf epidermis,leaf mesophyll",Leaf,OsABCG22,PCMDB
Os09g0472700,LOC_Os09g29690,"leaf mesophyll,mestome sheath,leaf procambium",Leaf,Os09g0472700,PCMDB
Os09g0474300,LOC_Os09g29840,"leaf mesophyll,Mesophyll precursor",Leaf,OsHsp74.8,PCMDB
Os09g0475400,LOC_Os09g29930,leaf mesophyll,Leaf,OsbHLH032,PCMDB
Os09g0475800,LOC_Os09g29960,leaf mesophyll,Leaf,DOF25,PCMDB
Os09g0476000,LOC_Os09g29970,"leaf mesophyll,leaf procambium",Leaf,Os09g0476000,PCMDB
Os09g0476100,LOC_Os09g29980,"leaf mesophyll,leaf procambium",Leaf,Os09g0476100,PCMDB
Os09g0478600,LOC_Os09g30160,leaf epidermis,Leaf,Os09g0478600,PCMDB
Os09g0480600,LOC_Os09g30300,"leaf epidermis,leaf mesophyll,mestome sheath",Leaf,Os09g0480600,PCMDB
Os09g0481200,LOC_Os09g30340,"leaf epidermis,leaf mesophyll,mestome sheath,leaf procambium",Leaf,PsaG,PCMDB
Os09g0481300,LOC_Os09g30350,leaf mesophyll,Leaf,Os09g0481300,PCMDB
Os09g0481400,LOC_Os09g30360,leaf mesophyll,Leaf,Os09g0481400,PCMDB
Os09g0481800,LOC_Os09g30410,leaf mesophyll,Leaf,Os09g0481800,PCMDB
Os09g0482200,LOC_Os09g30414,mestome sheath,Leaf,Os09g0482200,PCMDB
Os09g0482740,LOC_Os09g30478,mestome sheath,Leaf,Os09g0482740,PCMDB
Os09g0482780,LOC_Os09g30486,"leaf epidermis,leaf mesophyll,mestome sheath,Xylem",Leaf,OsFLA27,PCMDB
Os09g0482800,LOC_Os09g30490,"leaf epidermis,leaf mesophyll,mestome sheath,leaf procambium",Leaf,Os09g0482800,PCMDB
Os09g0482840,LOC_Os09g30506,leaf procambium,Leaf,Os09g0482840,PCMDB
Os09g0483100,LOC_Os09g31000,"leaf epidermis,leaf mesophyll,mestome sheath,leaf procambium",Leaf,Os09g0483100,PCMDB
Os09g0483400,LOC_Os09g31031,leaf mesophyll,Leaf,Os09g0483400,PCMDB
Os09g0483500,LOC_Os09g31040,"leaf epidermis,leaf mesophyll,mestome sheath,leaf procambium",Leaf,Os09g0483500,PCMDB
Os09g0484200,LOC_Os09g31080,"leaf epidermis,leaf mesophyll,mestome sheath,leaf procambium",Leaf,Os09g0484200,PCMDB
Os09g0484800,LOC_Os09g31120,"leaf mesophyll,mestome sheath",Leaf,Os09g0484800,PCMDB
Os09g0484900,LOC_Os09g31130,leaf procambium,Leaf,Os09g0484900,PCMDB
Os09g0485900,LOC_Os09g31180,"leaf epidermis,leaf mesophyll",Leaf,RPL9,PCMDB
Os09g0486500,LOC_Os09g31200,leaf epidermis,Leaf,SAP1,PCMDB
Os09g0487500,LOC_Os09g31260,"leaf epidermis,leaf mesophyll,mestome sheath,leaf procambium",Leaf,Os09g0487500,PCMDB
Os09g0488700,LOC_Os09g31360,leaf mesophyll,Leaf,Os09g0488700,PCMDB
Os09g0490200,LOC_Os09g31400,mestome sheath,Leaf,OsEIL3,PCMDB
Os09g0491596,LOC_Os09g31446,leaf mesophyll,Leaf,Os09g0491596,PCMDB
Os09g0491644,LOC_Os09g31454,"leaf mesophyll,mestome sheath,leaf procambium",Leaf,Os09g0491644,PCMDB
Os09g0491660,LOC_Os09g31454,"leaf mesophyll,mestome sheath,leaf procambium",Leaf,Os09g0491660,PCMDB
Os09g0491692,LOC_Os09g31466,leaf mesophyll,Leaf,Os09g0491692,PCMDB
Os09g0491708,LOC_Os09g31470,mestome sheath,Leaf,OsAHL2,PCMDB
Os09g0491740,LOC_Os09g31478,"leaf epidermis,leaf mesophyll,mestome sheath,leaf procambium",Leaf,OsPILS1,PCMDB
Os09g0491756,LOC_Os09g31482,leaf epidermis,Leaf,OsC3H60,PCMDB
Os09g0491772,LOC_Os09g31486,leaf mesophyll,Leaf,OsHsp58.7,PCMDB
Os09g0491788,LOC_Os09g31490,leaf epidermis,Leaf,OsCCR15,PCMDB
Os09g0492700,LOC_Os09g31970,"leaf epidermis,leaf mesophyll,mestome sheath,leaf procambium,Mesophyll precursor",Leaf,HMGR,PCMDB
Os09g0492900,LOC_Os09g31990,leaf mesophyll,Leaf,Os09g0492900,PCMDB
Os09g0493000,LOC_Os09g32000,"leaf mesophyll,Mesophyll precursor",Leaf,Os09g0493000,PCMDB
Os09g0493400,LOC_Os09g32010,"leaf epidermis,leaf mesophyll",Leaf,Os09g0493400,PCMDB
Os09g0493600,LOC_Os09g32030,"leaf mesophyll,leaf procambium",Leaf,Os09g0493600,PCMDB
Os09g0493800,LOC_Os09g32050,mestome sheath,Leaf,OsDjC70,PCMDB
Os09g0494200,LOC_Os09g32080,"leaf epidermis,leaf mesophyll,mestome sheath,leaf procambium,Xylem",Leaf,BC15,PCMDB
Os09g0494300,LOC_Os09g32090,leaf procambium,Leaf,Os09g0494300,PCMDB
Os09g0495500,LOC_Os09g32150,leaf epidermis,Leaf,Os09g0495500,PCMDB
Os09g0497400,LOC_Os09g32220,leaf mesophyll,Leaf,Os09g0497400,PCMDB
Os09g0497600,LOC_Os09g32240,"leaf epidermis,leaf mesophyll,mestome sheath,leaf procambium",Leaf,OsFbox493,PCMDB
Os09g0497700,LOC_Os09g32250,leaf mesophyll,Leaf,OsATG16,PCMDB
Os09g0498100,LOC_Os09g32274,"leaf epidermis,leaf mesophyll",Leaf,Os09g0498100,PCMDB
Os09g0499000,LOC_Os09g32330,"leaf epidermis,leaf mesophyll,mestome sheath",Leaf,SKIN1,PCMDB
Os09g0499400,LOC_Os09g32360,"leaf epidermis,leaf mesophyll",Leaf,Os09g0499400,PCMDB
Os09g0501200,LOC_Os09g32500,"leaf epidermis,leaf mesophyll,leaf procambium",Leaf,rpL32_9.1,PCMDB
Os09g0501600,LOC_Os09g32510,"leaf epidermis,leaf mesophyll,mestome sheath,leaf procambium",Leaf,OsbHLH092,PCMDB
Os09g0501700,LOC_Os09g32520,"leaf epidermis,leaf mesophyll,leaf procambium",Leaf,rpL32_9.2,PCMDB
Os09g0501850,LOC_Os09g32526,"leaf mesophyll,mestome sheath",Leaf,OsFKBP15-1,PCMDB
Os09g0503000,LOC_Os09g32620,"leaf mesophyll,leaf procambium",Leaf,Os09g0503000,PCMDB
Os09g0504000,LOC_Os09g32670,leaf mesophyll,Leaf,OsUGlcAE4,PCMDB
Os09g0504400,LOC_Os09g32680,"leaf epidermis,leaf mesophyll,mestome sheath,leaf procambium",Leaf,OsCycC_1,PCMDB
Os09g0505000,LOC_Os09g32730,"leaf epidermis,leaf mesophyll,leaf procambium",Leaf,Os09g0505000,PCMDB
Os09g0505300,LOC_Os09g32760,"leaf epidermis,leaf mesophyll,mestome sheath",Leaf,Os09g0505300,PCMDB
Os09g0505600,LOC_Os09g32800,"leaf epidermis,leaf mesophyll",Leaf,OsPBF1,PCMDB
Os09g0505700,LOC_Os09g32810,"leaf epidermis,leaf mesophyll,leaf procambium",Leaf,Os09g0505700,PCMDB
Os09g0506000,LOC_Os09g32840,"leaf mesophyll,leaf procambium",Leaf,PAP27A,PCMDB
Os09g0507300,LOC_Os09g32952,mestome sheath,Leaf,OsAAO5,PCMDB
Os09g0507400,LOC_Os09g32960,"leaf mesophyll,mestome sheath",Leaf,Os09g0507400,PCMDB
Os09g0507500,LOC_Os09g32964,leaf mesophyll,Leaf,prx123,PCMDB
Os09g0507800,LOC_Os09g32976,"leaf epidermis,leaf mesophyll",Leaf,surf-3,PCMDB
Os09g0509000,LOC_Os09g33480,leaf mesophyll,Leaf,Os09g0509000,PCMDB
Os09g0509200,LOC_Os09g33500,"leaf epidermis,leaf mesophyll,leaf procambium",Leaf,Os09g0509200,PCMDB
Os09g0509300,LOC_Os09g33510,leaf epidermis,Leaf,Os09g0509300,PCMDB
Os09g0509400,LOC_Os09g33520,"leaf epidermis,leaf mesophyll",Leaf,Os09g0509400,PCMDB
Os09g0509500,LOC_Os09g33530,"mestome sheath,leaf procambium",Leaf,Os09g0509500,PCMDB
Os09g0510000,LOC_Os09g33559,"leaf epidermis,leaf mesophyll,mestome sheath",Leaf,Os09g0510000,PCMDB
Os09g0511500,LOC_Os09g33670,"leaf epidermis,leaf mesophyll,mestome sheath",Leaf,Os09g0511500,PCMDB
Os09g0511600,LOC_Os09g33680,leaf epidermis,Leaf,Os9bglu31,PCMDB
Os09g0512700,LOC_Os09g33780,"leaf mesophyll,mestome sheath,leaf procambium",Leaf,NEF,PCMDB
Os09g0512800,LOC_Os09g33790,"leaf epidermis,leaf mesophyll,mestome sheath,leaf procambium",Leaf,OsSTA231,PCMDB
Os09g0512900,LOC_Os09g33800,"leaf epidermis,leaf mesophyll,mestome sheath,leaf procambium",Leaf,P0450E05.3-1,PCMDB
Os09g0513100,LOC_Os09g33820,"leaf epidermis,leaf mesophyll,mestome sheath",Leaf,Os09g0513100,PCMDB
Os09g0513600,LOC_Os09g33860,mestome sheath,Leaf,OsRLCK277,PCMDB
Os09g0514400,LOC_Os09g33930,leaf mesophyll,Leaf,Os09g0514400,PCMDB
Os09g0514600,LOC_Os09g33950,"leaf epidermis,leaf mesophyll,mestome sheath,leaf procambium",Leaf,Os09g0514600,PCMDB
Os09g0514900,LOC_Os09g33970,mestome sheath,Leaf,Os09g0514900,PCMDB
Os09g0515100,LOC_Os09g33980,leaf mesophyll,Leaf,Os09g0515100,PCMDB
Os09g0515200,LOC_Os09g33986,"leaf epidermis,leaf mesophyll,leaf procambium",Leaf,OsPBG1,PCMDB
Os09g0515400,LOC_Os09g34000,leaf mesophyll,Leaf,Os09g0515400,PCMDB
Os09g0515550,LOC_Os09g34020,leaf mesophyll,Leaf,Os09g0515550,PCMDB
Os09g0516200,LOC_Os09g34060,leaf mesophyll,Leaf,RF2a,PCMDB
Os09g0516300,LOC_Os09g34070,leaf mesophyll,Leaf,OsRRMh,PCMDB
Os09g0516600,LOC_Os09g34100,"leaf epidermis,leaf mesophyll,mestome sheath,leaf procambium",Leaf,OsGLYII3,PCMDB
Os09g0516700,LOC_Os09g34110,leaf mesophyll,Leaf,Os09g0516700,PCMDB
Os09g0517000,LOC_Os09g34140,"leaf mesophyll,mestome sheath,leaf procambium",Leaf,Os09g0517000,PCMDB
Os09g0517100,LOC_Os09g34150,"leaf epidermis,leaf mesophyll",Leaf,Os09g0517100,PCMDB
Os09g0517600,LOC_Os09g34180,leaf epidermis,Leaf,OsFH15,PCMDB
Os09g0518000,LOC_Os09g34230,"leaf epidermis,mestome sheath",Leaf,OsUGT74H4,PCMDB
Os09g0518200,LOC_Os09g34250,leaf mesophyll,Leaf,OsSGT,PCMDB
Os09g0518500,LOC_Os09g34280,leaf procambium,Leaf,P0498F03.5,PCMDB
Os09g0518800,LOC_Os09g34310,"leaf epidermis,leaf mesophyll",Leaf,Os09g0518800,PCMDB
Os09g0519150,LOC_Os09g34340,"leaf epidermis,leaf mesophyll,mestome sheath,leaf procambium",Leaf,Os09g0519150,PCMDB
Os09g0519200,LOC_Os09g34340,"leaf epidermis,leaf mesophyll,mestome sheath,leaf procambium",Leaf,Os09g0519200,PCMDB
Os09g0520100,LOC_Os09g34850,"leaf epidermis,leaf mesophyll,mestome sheath,leaf procambium",Leaf,Os09g0520100,PCMDB
Os09g0520200,LOC_Os09g34860,"leaf mesophyll,mestome sheath",Leaf,Os09g0520200,PCMDB
Os09g0520700,LOC_Os09g34910,"leaf mesophyll,mestome sheath",Leaf,OsRH7,PCMDB
Os09g0521400,LOC_Os09g34960,"leaf epidermis,leaf mesophyll",Leaf,Os09g0521400,PCMDB
Os09g0522000,LOC_Os09g35010,"leaf mesophyll,leaf epidermis,mestome sheath",Leaf,OsDREB1B,PCMDB
Os09g0522100,LOC_Os09g35020,leaf mesophyll,Leaf,OsERF#133,PCMDB
Os09g0522200,LOC_Os09g35030,"leaf epidermis,leaf mesophyll,mestome sheath,leaf procambium",Leaf,OsDREB1A,PCMDB
Os09g0524800,LOC_Os09g35630,"leaf epidermis,leaf mesophyll",Leaf,OsBAG1,PCMDB
Os09g0525200,LOC_Os09g35670,"leaf epidermis,leaf procambium",Leaf,Os09g0525200,PCMDB
Os09g0525300,LOC_Os09g35680,mestome sheath,Leaf,OsFbox500,PCMDB
Os09g0525400,LOC_Os09g35690,"leaf epidermis,leaf mesophyll,mestome sheath",Leaf,Os09g0525400,PCMDB
Os09g0525600,LOC_Os09g35710,leaf procambium,Leaf,Os09g0525600,PCMDB
Os09g0525900,LOC_Os09g35730,"leaf epidermis,leaf mesophyll",Leaf,OsRhmbd16,PCMDB
Os09g0526500,LOC_Os09g35780,"leaf epidermis,leaf mesophyll,mestome sheath,leaf procambium",Leaf,Os09g0526500,PCMDB
Os09g0526600,LOC_Os09g35790,leaf mesophyll,Leaf,HSFB2C,PCMDB
Os09g0526700,LOC_Os09g35800,leaf mesophyll,Leaf,OsUGE3,PCMDB
Os09g0526800,LOC_Os09g35810,"leaf epidermis,leaf mesophyll,mestome sheath,leaf procambium",Leaf,OJ1439_F07.19-1,PCMDB
Os09g0527500,LOC_Os09g35850,leaf mesophyll,Leaf,Os09g0527500,PCMDB
Os09g0527600,LOC_Os09g35860,"leaf epidermis,leaf mesophyll",Leaf,OsRab11F2,PCMDB
Os09g0527900,LOC_Os09g35880,"leaf epidermis,leaf mesophyll",Leaf,OsBBX29,PCMDB
Os09g0528200,LOC_Os09g35910,"leaf mesophyll,leaf procambium",Leaf,Oshox6,PCMDB
Os09g0528300,LOC_Os09g35920,"leaf epidermis,leaf mesophyll,mestome sheath",Leaf,OsMED10,PCMDB
Os09g0528800,LOC_Os09g35960,leaf mesophyll,Leaf,Os09g0528800,PCMDB
Os09g0529100,LOC_Os09g35970,"leaf epidermis,leaf mesophyll,mestome sheath,leaf procambium",Leaf,Os09g0529100,PCMDB
Os09g0530000,LOC_Os09g36040,"leaf mesophyll,leaf procambium,Mesophyll precursor",Leaf,OsStr4,PCMDB
Os09g0530500,LOC_Os09g36090,leaf mesophyll,Leaf,Os09g0530500,PCMDB
Os09g0530600,LOC_Os09g36090,leaf mesophyll,Leaf,Os09g0530600,PCMDB
Os09g0530700,LOC_Os09g36100,"leaf epidermis,leaf mesophyll,mestome sheath",Leaf,Os09g0530700,PCMDB
Os09g0530900,LOC_Os09g36120,"leaf mesophyll,mestome sheath,leaf procambium",Leaf,Os09g0530900,PCMDB
Os09g0532000,LOC_Os09g36200,"leaf mesophyll,leaf procambium",Leaf,SGR,PCMDB
Os09g0532400,LOC_Os09g36220,"leaf epidermis,leaf mesophyll,mestome sheath",Leaf,OsPRR95,PCMDB
Os09g0533100,LOC_Os09g36270,"leaf epidermis,leaf mesophyll,mestome sheath",Leaf,Os09g0533100,PCMDB
Os09g0533200,LOC_Os09g36280,leaf mesophyll,Leaf,Os09g0533200,PCMDB
Os09g0533300,LOC_Os09g36290,"leaf mesophyll,mestome sheath,leaf procambium",Leaf,Os09g0533300,PCMDB
Os09g0533600,LOC_Os09g36320,"leaf mesophyll,mestome sheath,leaf procambium",Leaf,OsRLCK278,PCMDB
Os09g0533900,LOC_Os09g36350,"leaf epidermis,leaf mesophyll,mestome sheath,leaf procambium,Xylem",Leaf,OsGH9B5,PCMDB
Os09g0534800,LOC_Os09g36440,"leaf mesophyll,mestome sheath",Leaf,OsTFIIB,PCMDB
Os09g0535000,LOC_Os09g36450,"leaf epidermis,leaf mesophyll,mestome sheath,leaf procambium",Leaf,P0569E11.2-1,PCMDB
Os09g0535300,LOC_Os09g36480,leaf mesophyll,Leaf,XCT,PCMDB
Os09g0535900,LOC_Os09g36520,"leaf mesophyll,leaf procambium",Leaf,Os09g0535900,PCMDB
Os09g0536700,LOC_Os09g36600,leaf mesophyll,Leaf,OsMFS5,PCMDB
Os09g0537000,LOC_Os09g36619,leaf mesophyll,Leaf,Os09g0537000,PCMDB
Os09g0537600,LOC_Os09g36670,leaf mesophyll,Leaf,OsCYP21-1,PCMDB
Os09g0537700,LOC_Os09g36680,leaf sheath,Leaf,RNS4,PCMDB
Os09g0538000,LOC_Os09g36700,"leaf mesophyll,leaf procambium",Leaf,OsRNS5,PCMDB
Os09g0539000,LOC_Os09g36790,leaf mesophyll,Leaf,B1274F11.5,PCMDB
Os09g0539100,LOC_Os09g36800,"leaf mesophyll,leaf procambium",Leaf,DHQS,PCMDB
Os09g0539500,LOC_Os09g36830,"leaf epidermis,mestome sheath,leaf procambium",Leaf,OSK20,PCMDB
Os09g0539800,LOC_Os09g36860,"leaf epidermis,leaf mesophyll,mestome sheath,leaf procambium",Leaf,Os09g0539800,PCMDB
Os09g0540900,LOC_Os09g36920,"leaf epidermis,leaf mesophyll",Leaf,Os09g0540900,PCMDB
Os09g0541500,LOC_Os09g36976,"leaf mesophyll,leaf procambium",Leaf,Os09g0541500,PCMDB
Os09g0541700,LOC_Os09g36990,"leaf epidermis,leaf mesophyll,mestome sheath,leaf procambium",Leaf,Os09g0541700,PCMDB
Os09g0542000,LOC_Os09g37006,"leaf epidermis,leaf mesophyll",Leaf,Os09g0542000,PCMDB
Os09g0542100,LOC_Os09g37012,"leaf epidermis,leaf mesophyll,leaf procambium",Leaf,Os09g0542100,PCMDB
Os09g0542200,LOC_Os09g37020,"leaf epidermis,leaf mesophyll,leaf procambium",Leaf,Os09g0542200,PCMDB
Os09g0542900,LOC_Os09g37080,leaf procambium,Leaf,Os09g0542900,PCMDB
Os09g0543100,LOC_Os09g37100,"leaf epidermis,leaf mesophyll,mestome sheath",Leaf,OsPLDdelta1,PCMDB
Os09g0543400,LOC_Os09g37120,leaf procambium,Leaf,ODCa,PCMDB
Os09g0543900,LOC_Os09g37180,"mestome sheath,leaf procambium",Leaf,Os-PHT3,PCMDB
Os09g0544300,LOC_Os09g37230,"leaf epidermis,leaf mesophyll,mestome sheath,leaf procambium",Leaf,OsACTPK3,PCMDB
Os09g0544900,LOC_Os09g37280,mestome sheath,Leaf,Os09g0544900,PCMDB
Os09g0545300,LOC_Os09g37330,"leaf epidermis,leaf mesophyll,leaf procambium",Leaf,SAUR39,PCMDB
Os09g0546900,LOC_Os09g37480,mestome sheath,Leaf,OsSAUR53,PCMDB
Os09g0547200,LOC_Os09g37510,leaf epidermis,Leaf,Os09g0547200,PCMDB
Os09g0548200,LOC_Os09g37600,leaf mesophyll,Leaf,LYP3,PCMDB
Os09g0551000,LOC_Os09g37834,leaf procambium,Leaf,Os09g0551000,PCMDB
Os09g0551600,LOC_Os09g37910,"leaf epidermis,leaf mesophyll,leaf initial cell",Leaf,Os09g0551600,PCMDB
Os09g0552600,LOC_Os09g37976,"leaf mesophyll,mestome sheath,leaf procambium",Leaf,Os09g0552600,PCMDB
Os09g0553100,LOC_Os09g38020,"leaf epidermis,leaf mesophyll,mestome sheath,leaf initial cell",Leaf,OSJNBb0064P21.1,PCMDB
Os09g0553200,LOC_Os09g38030,"leaf epidermis,leaf mesophyll,mestome sheath",Leaf,UGP1,PCMDB
Os09g0553300,LOC_Os09g38040,"leaf mesophyll,mestome sheath,leaf procambium",Leaf,Os09g0553300,PCMDB
Os09g0553600,LOC_Os09g38060,leaf procambium,Leaf,Os09g0553600,PCMDB
Os09g0553700,LOC_Os09g38070,"leaf epidermis,leaf mesophyll,mestome sheath,leaf procambium",Leaf,Os09g0553700,PCMDB
Os09g0554200,LOC_Os09g38110,"leaf epidermis,leaf mesophyll,mestome sheath,leaf procambium,Leaf preprocambium",Leaf,Os09g0554200,PCMDB
Os09g0554300,LOC_Os09g38130,"leaf epidermis,leaf mesophyll,mestome sheath,leaf procambium",Leaf,OsPILS7a,PCMDB
Os09g0555150,LOC_Os09g38239,leaf mesophyll,Leaf,Os09g0555150,PCMDB
Os09g0555500,LOC_Os09g38320,"leaf epidermis,leaf mesophyll,mestome sheath,leaf procambium",Leaf,OsPSY,PCMDB
Os09g0556300,LOC_Os09g38400,leaf mesophyll,Leaf,Os09g0556300,PCMDB
Os09g0557400,LOC_Os09g38500,"leaf epidermis,leaf mesophyll",Leaf,Os09g0557400,PCMDB
Os09g0557500,LOC_Os09g38510,mestome sheath,Leaf,OsPUP5,PCMDB
Os09g0557900,LOC_Os09g38540,"leaf epidermis,leaf mesophyll,mestome sheath,leaf procambium",Leaf,OsENODL21,PCMDB
Os09g0558000,LOC_Os09g38550,mestome sheath,Leaf,OsPP2C70,PCMDB
Os09g0558100,LOC_Os09g38560,"leaf epidermis,leaf mesophyll,mestome sheath,leaf procambium",Leaf,OsRCI2-11,PCMDB
Os09g0558200,LOC_Os09g38570,leaf mesophyll,Leaf,Os09g0558200,PCMDB
Os09g0559500,LOC_Os09g38660,"leaf mesophyll,mestome sheath",Leaf,Os09g0559500,PCMDB
Os09g0559600,LOC_Os09g38670,"leaf mesophyll,mestome sheath,leaf procambium,Phloem",Leaf,Os09g0559600,PCMDB
Os09g0560300,LOC_Os09g38740,"leaf epidermis,leaf mesophyll,mestome sheath,leaf procambium",Leaf,Os09g0560300,PCMDB
Os09g0560400,LOC_Os09g38750,"leaf epidermis,leaf mesophyll",Leaf,Os09g0560400,PCMDB
Os09g0560900,LOC_Os09g38790,leaf mesophyll,Leaf,SIP1,PCMDB
Os09g0561500,LOC_Os09g38840,leaf epidermis,Leaf,WAK90,PCMDB
Os09g0561600,LOC_Os09g38850,leaf mesophyll,Leaf,DEES1,PCMDB
Os09g0562600,LOC_Os09g38910,"leaf mesophyll,mestome sheath,leaf procambium",Leaf,WAK92,PCMDB
Os09g0562700,LOC_Os09g38920,"leaf epidermis,leaf mesophyll,mestome sheath,leaf procambium",Leaf,Os09g0562700,PCMDB
Os09g0563200,LOC_Os09g38960,leaf mesophyll,Leaf,OsHAK18,PCMDB
Os09g0565200,LOC_Os09g39180,"leaf mesophyll,leaf procambium",Leaf,Os09g0565200,PCMDB
Os09g0565400,LOC_Os09g39200,leaf mesophyll,Leaf,Os09g0565400,PCMDB
Os09g0567300,LOC_Os09g39380,"leaf epidermis,leaf mesophyll,mestome sheath",Leaf,MDHAR,PCMDB
Os09g0567366,LOC_Os09g39390,leaf mesophyll,Leaf,OJ1155_H10.28-1,PCMDB
Os09g0567500,LOC_Os09g39410,"leaf epidermis,mestome sheath",Leaf,Os09g0567500,PCMDB
Os09g0567800,LOC_Os09g39430,"leaf epidermis,leaf mesophyll,leaf procambium",Leaf,OsGELP101,PCMDB
Os09g0567900,LOC_Os09g39440,"leaf epidermis,leaf mesophyll,mestome sheath,leaf procambium",Leaf,URH2,PCMDB
Os09g0568000,LOC_Os09g39462,leaf mesophyll,Leaf,Os09g0568000,PCMDB
Os09g0568400,LOC_Os09g39500,"leaf epidermis,leaf mesophyll,leaf procambium",Leaf,Ub-CEP52-2,PCMDB
Os09g0568800,LOC_Os09g39540,"leaf epidermis,leaf mesophyll,leaf procambium",Leaf,Os09g0568800,PCMDB
Os09g0568900,LOC_Os09g39550,"leaf epidermis,leaf mesophyll,mestome sheath,leaf procambium",Leaf,IF1-2,PCMDB
Os09g0569100,LOC_Os09g39560,leaf mesophyll,Leaf,EIP6,PCMDB
Os09g0570100,LOC_Os09g39650,"leaf mesophyll,mestome sheath",Leaf,OsRLCK282,PCMDB
Os09g0570300,LOC_Os09g39670,leaf mesophyll,Leaf,Os09g0570300,PCMDB
Os09g0570850,LOC_Os09g39730,leaf epidermis,Leaf,Os09g0570850,PCMDB
Os09g0570900,LOC_Os09g39740,"leaf epidermis,leaf mesophyll",Leaf,B1331F11.3-1,PCMDB
Os09g0571400,LOC_Os09g39780,mestome sheath,Leaf,OsCYP19-3,PCMDB
Os09g0572700,LOC_Os09g39940,leaf mesophyll,Leaf,OsUCL33,PCMDB
Os09g0572900,LOC_Os09g39960,"leaf epidermis,leaf procambium",Leaf,DJLM,PCMDB
Os10g0100300,LOC_Os10g01044,leaf mesophyll,Leaf,TIC62,PCMDB
Os10g0100500,LOC_Os10g01060,"leaf mesophyll,mestome sheath,leaf procambium",Leaf,OsPUB61,PCMDB
Os10g0101000,LOC_Os10g01100,"leaf mesophyll,mestome sheath,leaf procambium",Leaf,Os10g0101000,PCMDB
Os10g0101200,LOC_Os10g01134,leaf mesophyll,Leaf,SCP45,PCMDB
Os10g0107866,LOC_Os10g01844,leaf mesophyll,Leaf,Os10g0107866,PCMDB
Os10g0109300,LOC_Os10g02040,"leaf epidermis,leaf mesophyll,mestome sheath,leaf procambium",Leaf,OSJNBa0015O22.19,PCMDB
Os10g0111300,LOC_Os10g02240,leaf mesophyll,Leaf,Os10g0111300,PCMDB
Os10g0111800,LOC_Os10g02270,"leaf epidermis,leaf mesophyll,leaf procambium",Leaf,Os10g0111800,PCMDB
Os10g0115600,LOC_Os10g02630,"leaf mesophyll,mestome sheath,leaf procambium",Leaf,U1-70K,PCMDB
Os10g0118900,LOC_Os10g02930,"leaf mesophyll,leaf procambium",Leaf,Os10g0118900,PCMDB
Os10g0124000,LOC_Os10g03540,leaf epidermis,Leaf,Os10g0124000,PCMDB
Os10g0127900,LOC_Os10g03850,"leaf epidermis,leaf mesophyll,mestome sheath,leaf procambium",Leaf,OsFbx352,PCMDB
Os10g0133600,LOC_Os10g04450,vascular leaf,Leaf,Os10g0133600,PCMDB
Os10g0135200,LOC_Os10g04580,leaf epidermis,Leaf,Os10g0135200,PCMDB
Os10g0136500,LOC_Os10g04730,vascular leaf,Leaf,Os10g0136500,PCMDB
Os10g0140200,LOC_Os10g05069,leaf epidermis,Leaf,Os10g0140200,PCMDB
Os10g0140700,LOC_Os10g05130,"leaf mesophyll,leaf procambium",Leaf,Os10g0140700,PCMDB
Os10g0142600,LOC_Os10g05250,flag leaf,Leaf,OsWAK101,PCMDB
Os10g0147200,LOC_Os10g05660,"leaf procambium,Leaf preprocambium",Leaf,Os10g0147200,PCMDB
Os10g0147900,LOC_Os10g05730,leaf mesophyll,Leaf,Os10g0147900,PCMDB
Os10g0148100,LOC_Os10g05750,leaf epidermis,Leaf,Os10g0148100,PCMDB
Os10g0150300,LOC_Os10g05950,leaf epidermis,Leaf,OSJNBa0031A07.11,PCMDB
Os10g0150400,LOC_Os10g05970,"leaf epidermis,leaf mesophyll,mestome sheath,leaf procambium",Leaf,OSJNBa0031A07.12,PCMDB
Os10g0150600,LOC_Os10g05980,"leaf epidermis,leaf mesophyll,mestome sheath,leaf procambium",Leaf,OSJNBa0031A07.13,PCMDB
Os10g0150700,LOC_Os10g05990,"leaf epidermis,leaf mesophyll,mestome sheath,leaf procambium",Leaf,OSJNBa0031A07.14,PCMDB
Os10g0150800,LOC_Os10g06000,"leaf epidermis,leaf mesophyll,mestome sheath,leaf procambium",Leaf,OSJNBa0031A07.15,PCMDB
Os10g0151800,LOC_Os10g06130,"leaf epidermis,leaf mesophyll,mestome sheath,leaf procambium",Leaf,Os10g0151800,PCMDB
Os10g0153900,LOC_Os10g06510,"leaf mesophyll,leaf procambium",Leaf,Os10g0153900,PCMDB
Os10g0154000,LOC_Os10g06540,"leaf epidermis,leaf mesophyll",Leaf,OsVAMP714,PCMDB
Os10g0154500,LOC_Os10g06580,"leaf mesophyll,leaf procambium",Leaf,Os10g0154500,PCMDB
Os10g0155500,LOC_Os10g06720,leaf mesophyll,Leaf,Os10g0155500,PCMDB
Os10g0158700,LOC_Os10g07080,"leaf mesophyll,leaf procambium",Leaf,Os10g0158700,PCMDB
Os10g0160000,LOC_Os10g07270,leaf mesophyll,Leaf,Os10g0160000,PCMDB
Os10g0161800,LOC_Os10g07440,leaf mesophyll,Leaf,Os10g0161800,PCMDB
Os10g0162100,LOC_Os10g07450,"leaf epidermis,leaf mesophyll,mestome sheath,leaf procambium,Mesophyll precursor",Leaf,Os10g0162100,PCMDB
Os10g0163250,LOC_Os10g08011,"leaf epidermis,leaf mesophyll",Leaf,Os10g0163250,PCMDB
Os10g0166600,LOC_Os10g08474,vascular leaf,Leaf,Os10g0166600,PCMDB
Os10g0170000,LOC_Os10g08879,leaf mesophyll,Leaf,Os10g0170000,PCMDB
Os10g0170200,LOC_Os10g08930,"leaf epidermis,leaf mesophyll,leaf procambium",Leaf,OSJNBa0071I20.6,PCMDB
Os10g0173000,LOC_Os10g09240,"leaf mesophyll,leaf procambium",Leaf,OSJNBa0061H20.11,PCMDB
Os10g0175500,LOC_Os10g09684,leaf mesophyll,Leaf,Os10g0175500,PCMDB
Os10g0178500,LOC_Os10g09990,flag leaf,Leaf,OsUGT98B3,PCMDB
Os10g0180000,LOC_Os10g10080,"leaf epidermis,leaf mesophyll",Leaf,OsGUT1,PCMDB
Os10g0180800,LOC_Os10g10130,vascular leaf,Leaf,WAK112,PCMDB
Os10g0184300,LOC_Os10g10500,mestome sheath,Leaf,Os10g0184300,PCMDB
Os10g0186200,LOC_Os10g10700,leaf epidermis,Leaf,Os10g0186200,PCMDB
Os10g0187500,LOC_Os10g10870,leaf epidermis,Leaf,OsRLCK294,PCMDB
Os10g0188100,LOC_Os10g10990,leaf mesophyll,Leaf,Os10g0188100,PCMDB
Os10g0188250,LOC_Os10g11022,"leaf mesophyll,leaf procambium",Leaf,OsSTA238,PCMDB
Os10g0188400,LOC_Os10g11060,leaf epidermis,Leaf,Os10g0188400,PCMDB
Os10g0189100,LOC_Os10g11140,leaf mesophyll,Leaf,OspPGM,PCMDB
Os10g0190000,LOC_Os10g11260,"leaf epidermis,leaf mesophyll",Leaf,OsUBC4,PCMDB
Os10g0195250,LOC_Os10g11889,leaf,Leaf,Os10g0195250,PCMDB
Os10g0200700,LOC_Os10g12750,"mestome sheath,Xylem",Leaf,Os10g0200700,PCMDB
Os10g0203000,LOC_Os10g13550,leaf mesophyll,Leaf,Os10g0203000,PCMDB
Os10g0205300,LOC_Os10g13810,"leaf mesophyll,mestome sheath",Leaf,OsGT43G,PCMDB
Os10g0205700,LOC_Os10g13850,leaf mesophyll,Leaf,Os10g0205700,PCMDB
Os10g0206500,LOC_Os10g13914,"leaf epidermis,leaf mesophyll,mestome sheath,leaf procambium",Leaf,Os10g0206500,PCMDB
Os10g0207400,LOC_Os10g14011,"leaf epidermis,leaf mesophyll,mestome sheath,leaf procambium",Leaf,Os10g0207400,PCMDB
Os10g0208500,LOC_Os10g14180,"leaf epidermis,leaf mesophyll,mestome sheath,leaf procambium",Leaf,Os10g0208500,PCMDB
Os10g0208600,LOC_Os10g14194,"leaf epidermis,leaf mesophyll",Leaf,Os10g0208600,PCMDB
Os10g0317900,LOC_Os10g16974,"leaf epidermis,leaf mesophyll,mestome sheath,leaf procambium,Xylem",Leaf,CYP75B4,PCMDB
Os10g0320100,LOC_Os10g17260,"leaf epidermis,leaf mesophyll,leaf procambium",Leaf,OsF3'H,PCMDB
Os10g0320400,LOC_Os10g17280,"leaf epidermis,leaf mesophyll,mestome sheath,leaf procambium",Leaf,Os10g0320400,PCMDB
Os10g0324600,LOC_Os10g17740,mestome sheath,Leaf,Os10g0324600,PCMDB
Os10g0325400,LOC_Os10g17790,mestome sheath,Leaf,OsREM0.2,PCMDB
Os10g0326800,LOC_Os10g17940,leaf epidermis,Leaf,OsFbox546,PCMDB
Os10g0330000,LOC_Os10g18340,"leaf mesophyll,leaf procambium",Leaf,Os10g0330000,PCMDB
Os10g0340100,LOC_Os10g19910,"leaf epidermis,leaf mesophyll,mestome sheath,leaf procambium",Leaf,Os10g0340100,PCMDB
Os10g0340301,LOC_Os10g19919,leaf mesophyll,Leaf,Os10g0340301,PCMDB
Os10g0340800,LOC_Os10g19970,"leaf epidermis,leaf mesophyll,mestome sheath,leaf procambium",Leaf,Os10g0340800,PCMDB
Os10g0343100,LOC_Os10g20240,"leaf mesophyll,mestome sheath",Leaf,Os10g0343100,PCMDB
Os10g0343200,LOC_Os10g20250,"leaf epidermis,mestome sheath",Leaf,Os10g0343200,PCMDB
Os10g0344000,LOC_Os10g20350,mestome sheath,Leaf,Os10g0344000,PCMDB
Os10g0344500,LOC_Os10g20380,leaf,Leaf,Os10g0344500,PCMDB
Os10g0345100,LOC_Os10g20470,"leaf epidermis,leaf mesophyll",Leaf,Os10g0345100,PCMDB
Os10g0345600,LOC_Os10g20510,"leaf mesophyll,mestome sheath",Leaf,Os10g0345600,PCMDB
Os10g0345701,LOC_Os10g20510,"leaf mesophyll,mestome sheath",Leaf,Os10g0345701,PCMDB
Os10g0346200,LOC_Os10g20600,leaf epidermis,Leaf,Os10g0346200,PCMDB
Os10g0346600,LOC_Os10g20630,leaf mesophyll,Leaf,Os10g0346600,PCMDB
Os10g0352000,LOC_Os10g21130,leaf epidermis,Leaf,Os10g0352000,PCMDB
Os10g0356000,LOC_Os10g21268,"leaf epidermis,leaf mesophyll,mestome sheath,leaf procambium",Leaf,OsrbcL1,PCMDB
Os10g0359500,LOC_Os10g21560,mestome sheath,Leaf,ONAC061,PCMDB
Os10g0360100,LOC_Os10g21590,"leaf mesophyll,leaf procambium",Leaf,Os10g0360100,PCMDB
Os10g0361000,LOC_Os10g21670,"mestome sheath,leaf procambium",Leaf,OSJNBa0058E19.13,PCMDB
Os10g0363300,LOC_Os10g21910,leaf procambium,Leaf,ACC1,PCMDB
Os10g0363600,LOC_Os10g21930,leaf mesophyll,Leaf,OsFbox547,PCMDB
Os10g0363650,LOC_Os10g21940,mestome sheath,Leaf,Os10g0363650,PCMDB
Os10g0363700,LOC_Os10g21940,mestome sheath,Leaf,Os10g0363700,PCMDB
Os10g0364900,LOC_Os10g22050,"leaf mesophyll,leaf procambium",Leaf,Os10g0364900,PCMDB
Os10g0365200,LOC_Os10g22070,leaf mesophyll,Leaf,OsGSTU33,PCMDB
Os10g0368400,LOC_Os10g22330,"leaf epidermis,leaf mesophyll,mestome sheath",Leaf,OSJNBa0083M08.3,PCMDB
Os10g0370500,LOC_Os10g22520,leaf mesophyll,Leaf,OJ1208D02.5,PCMDB
Os10g0371000,LOC_Os10g22590,"leaf epidermis,leaf mesophyll,mestome sheath,leaf procambium",Leaf,OsEXTL,PCMDB
Os10g0373400,LOC_Os10g22750,leaf epidermis,Leaf,Os10g0373400,PCMDB
Os10g0375700,LOC_Os10g22960,mestome sheath,Leaf,Os10g0375700,PCMDB
Os10g0376900,LOC_Os10g23050,"leaf mesophyll,leaf procambium",Leaf,OsbHLH045,PCMDB
Os10g0377400,LOC_Os10g23100,"leaf mesophyll,leaf procambium",Leaf,OsRab11E1,PCMDB
Os10g0378100,LOC_Os10g23180,leaf mesophyll,Leaf,Os10g0378100,PCMDB
Os10g0378400,LOC_Os10g23220,"leaf epidermis,leaf mesophyll,mestome sheath,leaf procambium",Leaf,GIL1,PCMDB
Os10g0379100,LOC_Os10g23310,"leaf epidermis,leaf mesophyll,mestome sheath,Leaf preprocambium",Leaf,Os-THT1,PCMDB
Os10g0380100,LOC_Os10g23820,"leaf mesophyll,leaf procambium",Leaf,Os-THT2,PCMDB
Os10g0380800,LOC_Os10g23900,"leaf mesophyll,leaf epidermis,mestome sheath,leaf procambium,Phloem",Leaf,Os10g0380800,PCMDB
Os10g0388200,LOC_Os10g24900,leaf epidermis,Leaf,OsFbox549,PCMDB
Os10g0388900,LOC_Os10g25000,"leaf epidermis,leaf mesophyll,leaf procambium",Leaf,Os10g0388900,PCMDB
Os10g0389200,LOC_Os10g25030,leaf mesophyll,Leaf,OsRCCR1,PCMDB
Os10g0390800,LOC_Os10g25170,mestome sheath,Leaf,OsERF#059,PCMDB
Os10g0391100,LOC_Os10g25200,leaf procambium,Leaf,Os10g0391100,PCMDB
Os10g0391400,LOC_Os10g25230,mestome sheath,Leaf,OsJAZ,PCMDB
Os10g0392400,LOC_Os10g25290,"mestome sheath,leaf procambium",Leaf,OsTIFY11d,PCMDB
Os10g0393800,LOC_Os10g25400,"leaf epidermis,leaf mesophyll,mestome sheath,leaf procambium",Leaf,OsGELP105,PCMDB
Os10g0394000,LOC_Os10g25420,"leaf epidermis,leaf mesophyll,leaf procambium",Leaf,OsGELP106,PCMDB
Os10g0395000,LOC_Os10g25550,leaf mesophyll,Leaf,OsRLCK298,PCMDB
Os10g0395200,LOC_Os10g25570,"leaf mesophyll,mestome sheath,leaf procambium",Leaf,Os10g0395200,PCMDB
Os10g0395500,LOC_Os10g25600,leaf epidermis,Leaf,Os10g0395500,PCMDB
Os10g0396300,LOC_Os10g25674,"leaf mesophyll,mestome sheath",Leaf,Os10g0396300,PCMDB
Os10g0396400,LOC_Os10g25680,"leaf mesophyll,leaf procambium",Leaf,OsFbox552,PCMDB
Os10g0396666,LOC_Os10g25680,"leaf mesophyll,leaf procambium",Leaf,OsFbox552,PCMDB
Os10g0397400,LOC_Os10g25780,"leaf epidermis,leaf mesophyll",Leaf,BRD2,PCMDB
Os10g0397800,LOC_Os10g25830,"leaf epidermis,leaf mesophyll,mestome sheath,leaf procambium",Leaf,OSJNBb0058B20.12,PCMDB
Os10g0398600,LOC_Os10g25900,mestome sheath,Leaf,Os10g0398600,PCMDB
Os10g0401000,LOC_Os10g26150,"leaf mesophyll,leaf epidermis,mestome sheath,leaf procambium",Leaf,Os10g0401000,PCMDB
Os10g0405300,LOC_Os10g26540,leaf procambium,Leaf,Os10g0405300,PCMDB
Os10g0405600,LOC_Os10g26570,"leaf mesophyll,mestome sheath",Leaf,OsPFK10,PCMDB
Os10g0406200,LOC_Os10g26610,leaf epidermis,Leaf,OsRFPH2-11,PCMDB
Os10g0406300,LOC_Os10g26620,"leaf mesophyll,leaf procambium",Leaf,OsDof26,PCMDB
Os10g0406600,LOC_Os10g26640,leaf epidermis,Leaf,OSJNBa0060A14.13,PCMDB
Os10g0406800,LOC_Os10g26660,leaf procambium,Leaf,Os10g0406800,PCMDB
Os10g0407000,LOC_Os10g26680,mestome sheath,Leaf,OsPME29,PCMDB
Os10g0407100,LOC_Os10g26690,"leaf epidermis,leaf mesophyll",Leaf,OSJNBa0060A14.18,PCMDB
Os10g0407200,LOC_Os10g26700,leaf mesophyll,Leaf,Os10g0407200,PCMDB
Os10g0407500,LOC_Os10g26730,leaf mesophyll,Leaf,OSJNBa0060A14.21,PCMDB
Os10g0408700,LOC_Os10g26850,leaf mesophyll,Leaf,Os10g0408700,PCMDB
Os10g0409900,LOC_Os10g26990,"leaf epidermis,leaf mesophyll,mestome sheath,leaf procambium",Leaf,OsFbox553,PCMDB
Os10g0410700,LOC_Os10g27060,leaf mesophyll,Leaf,OsSET38,PCMDB
Os10g0411700,LOC_Os10g27174,mestome sheath,Leaf,OsRPS28,PCMDB
Os10g0411800,LOC_Os10g27190,leaf mesophyll,Leaf,Os10g0411800,PCMDB
Os10g0412000,LOC_Os10g27220,"leaf epidermis,leaf mesophyll,leaf procambium",Leaf,Os10g0412000,PCMDB
Os10g0412100,LOC_Os10g27230,"leaf mesophyll,leaf procambium",Leaf,OsCCR4a,PCMDB
Os10g0413500,LOC_Os10g27340,"leaf mesophyll,mestome sheath",Leaf,Os10g0413500,PCMDB
Os10g0415600,LOC_Os10g28020,leaf mesophyll,Leaf,OsPOP21,PCMDB
Os10g0416100,LOC_Os10g28050,"leaf epidermis,leaf mesophyll,mestome sheath",Leaf,Rcb4,PCMDB
Os10g0416200,LOC_Os10g28060,leaf epidermis,Leaf,ONI2,PCMDB
Os10g0416500,LOC_Os10g28080,"leaf mesophyll,mestome sheath,leaf procambium",Leaf,Oschib1,PCMDB
Os10g0416800,LOC_Os10g28120,leaf mesophyll,Leaf,Oschib2,PCMDB
Os10g0417600,LOC_Os10g28200,"leaf mesophyll,mestome sheath,leaf procambium",Leaf,OsGME1,PCMDB
Os10g0418000,LOC_Os10g28230,"leaf epidermis,leaf mesophyll,mestome sheath,leaf procambium",Leaf,Os10g0418000,PCMDB
Os10g0418100,LOC_Os10g28240,"leaf mesophyll,mestome sheath,leaf procambium",Leaf,ACA8,PCMDB
Os10g0418300,LOC_Os10g28254,leaf mesophyll,Leaf,Os10g0418300,PCMDB
Os10g0419300,LOC_Os10g28340,leaf mesophyll,Leaf,OsHsfA6a,PCMDB
Os10g0419400,LOC_Os10g28350,"leaf epidermis,leaf mesophyll,mestome sheath,leaf procambium",Leaf,SIP2,PCMDB
Os10g0419500,LOC_Os10g28360,"leaf epidermis,leaf mesophyll,leaf procambium",Leaf,ARD4,PCMDB
Os10g0422000,LOC_Os10g28610,"leaf epidermis,leaf procambium",Leaf,Os10g0422000,PCMDB
Os10g0422075,LOC_Os10g28610,"leaf epidermis,leaf procambium",Leaf,Os10g0422075,PCMDB
Os10g0422200,LOC_Os10g28630,"leaf epidermis,leaf mesophyll",Leaf,Os10g0422200,PCMDB
Os10g0430200,LOC_Os10g29470,leaf mesophyll,Leaf,OsCAD3,PCMDB
Os10g0431000,LOC_Os10g29560,"leaf mesophyll,leaf procambium",Leaf,Os10g0431000,PCMDB
Os10g0432300,LOC_Os10g29660,leaf mesophyll,Leaf,Os10g0432300,PCMDB
Os10g0436800,LOC_Os10g30054,"leaf epidermis,leaf mesophyll",Leaf,Os10g0436800,PCMDB
Os10g0436850,LOC_Os10g30054,"leaf epidermis,leaf mesophyll",Leaf,Os10g0436850,PCMDB
Os10g0437000,LOC_Os10g30080,"leaf epidermis,leaf mesophyll,mestome sheath,leaf procambium",Leaf,Os10g0437000,PCMDB
Os10g0437500,LOC_Os10g30150,"leaf epidermis,leaf mesophyll,mestome sheath,leaf procambium",Leaf,Os10g0437500,PCMDB
Os10g0438700,LOC_Os10g30300,"leaf epidermis,leaf mesophyll",Leaf,Os10g0438700,PCMDB
Os10g0440500,LOC_Os10g30450,leaf mesophyll,Leaf,Os10g0440500,PCMDB
Os10g0441800,LOC_Os10g30520,"leaf mesophyll,leaf procambium",Leaf,OsRab5A2,PCMDB
Os10g0442600,LOC_Os10g30580,leaf procambium,Leaf,OsCDC48E,PCMDB
Os10g0442800,LOC_Os10g30600,"leaf epidermis,leaf mesophyll,mestome sheath,leaf procambium",Leaf,OsRLCK301,PCMDB
Os10g0442900,LOC_Os10g30610,"leaf mesophyll,leaf procambium",Leaf,ABCG25,PCMDB
Os10g0444400,LOC_Os10g30750,"leaf mesophyll,mestome sheath",Leaf,Os10g0444400,PCMDB
Os10g0444700,LOC_Os10g30790,"leaf mesophyll,leaf procambium",Leaf,PT8,PCMDB
Os10g0445400,LOC_Os10g30850,"leaf epidermis,leaf mesophyll,leaf procambium",Leaf,OsHCI1,PCMDB
Os10g0445600,LOC_Os10g30870,"leaf mesophyll,leaf procambium",Leaf,RAF1,PCMDB
Os10g0447100,LOC_Os10g31000,"leaf epidermis,leaf mesophyll,mestome sheath,leaf procambium",Leaf,OsUBC10,PCMDB
Os10g0447900,LOC_Os10g31040,leaf mesophyll,Leaf,SIET5,PCMDB
Os10g0450800,LOC_Os10g31320,"leaf mesophyll,leaf procambium",Leaf,Os10g0450800,PCMDB
Os10g0450900,LOC_Os10g31330,"leaf epidermis,leaf mesophyll,leaf procambium",Leaf,GRP,PCMDB
Os10g0451700,LOC_Os10g31420,"leaf mesophyll,leaf procambium",Leaf,Os10g0451700,PCMDB
Os10g0452100,LOC_Os10g31460,"mestome sheath,leaf procambium",Leaf,Os10g0452100,PCMDB
Os10g0452300,LOC_Os10g31460,"mestome sheath,leaf procambium",Leaf,CAI1,PCMDB
Os10g0456100,LOC_Os10g31780,"leaf epidermis,leaf mesophyll,mestome sheath,leaf procambium",Leaf,Os10g0456100,PCMDB
Os10g0456500,LOC_Os10g31820,leaf epidermis,Leaf,Os10g0456500,PCMDB
Os10g0456550,LOC_Os10g31830,mestome sheath,Leaf,Os10g0456550,PCMDB
Os10g0456600,LOC_Os10g31830,"mestome sheath,Xylem",Leaf,OsRab18B1,PCMDB
Os10g0456800,LOC_Os10g31850,"leaf epidermis,leaf mesophyll,mestome sheath",Leaf,DCA1,PCMDB
Os10g0457500,LOC_Os10g31940,leaf mesophyll,Leaf,Os10g0457500,PCMDB
Os10g0457600,LOC_Os10g31950,"leaf epidermis,leaf mesophyll,mestome sheath,leaf procambium",Leaf,Os10g0457600,PCMDB
Os10g0461400,LOC_Os10g32400,"leaf mesophyll,mestome sheath,leaf procambium",Leaf,Os10g0461400,PCMDB
Os10g0462432,LOC_Os10g32500,leaf procambium,Leaf,Os10g0462432,PCMDB
Os10g0462600,LOC_Os10g32520,"leaf epidermis,leaf mesophyll,mestome sheath,leaf procambium",Leaf,Os10g0462600,PCMDB
Os10g0462900,LOC_Os10g32550,"leaf epidermis,mestome sheath,leaf procambium",Leaf,Os10g0462900,PCMDB
Os10g0463200,LOC_Os10g32580,leaf epidermis,Leaf,OsGELP108,PCMDB
Os10g0463800,LOC_Os10g32680,"leaf epidermis,leaf mesophyll,mestome sheath,leaf procambium",Leaf,FLO7,PCMDB
Os10g0464400,LOC_Os10g32730,leaf procambium,Leaf,GLN,PCMDB
Os10g0465000,LOC_Os10g32770,leaf epidermis,Leaf,OsWD40-177,PCMDB
Os10g0465700,LOC_Os10g32810,"leaf epidermis,leaf mesophyll",Leaf,OsSTA246,PCMDB
Os10g0465800,LOC_Os10g32820,leaf mesophyll,Leaf,OsRPL21.2,PCMDB
Os10g0465950,LOC_Os10g32840,"leaf mesophyll,leaf initial cell",Leaf,Os10g0465950,PCMDB
Os10g0466700,LOC_Os10g32920,leaf mesophyll,Leaf,OSJNBa0006L06.7,PCMDB
Os10g0467600,LOC_Os10g32970,"leaf epidermis,leaf mesophyll,leaf procambium",Leaf,p28,PCMDB
Os10g0467800,LOC_Os10g32980,"leaf epidermis,Xylem",Leaf,CESA7,PCMDB
Os10g0468500,LOC_Os10g33040,"leaf epidermis,mestome sheath",Leaf,Os10g0468500,PCMDB
Os10g0468600,LOC_Os10g33050,leaf mesophyll,Leaf,Os10g0468600,PCMDB
Os10g0469600,LOC_Os10g33130,"leaf epidermis,leaf mesophyll,mestome sheath,leaf procambium",Leaf,Os10g0469600,PCMDB
Os10g0469700,LOC_Os10g33140,"leaf mesophyll,leaf procambium",Leaf,Os10g0469700,PCMDB
Os10g0469900,LOC_Os10g33170,"leaf mesophyll,mestome sheath,leaf procambium",Leaf,Os10g0469900,PCMDB
Os10g0470700,LOC_Os10g33210,"leaf mesophyll,leaf procambium",Leaf,OsPTR3,PCMDB
Os10g0471300,LOC_Os10g33270,leaf mesophyll,Leaf,OsCYN,PCMDB
Os10g0471400,LOC_Os10g33290,"leaf epidermis,mestome sheath",Leaf,Os10g0471400,PCMDB
Os10g0472400,LOC_Os10g33350,mestome sheath,Leaf,Os10g0472400,PCMDB
Os10g0473400,LOC_Os10g33420,leaf mesophyll,Leaf,Os10g0473400,PCMDB
Os10g0474000,LOC_Os10g33450,"leaf epidermis,leaf mesophyll,leaf procambium",Leaf,Os10g0474000,PCMDB
Os10g0475000,LOC_Os10g33540,leaf epidermis,Leaf,Os10g0475000,PCMDB
Os10g0475100,LOC_Os10g33540,leaf epidermis,Leaf,Os10g0475100,PCMDB
Os10g0476400,LOC_Os10g33660,"leaf mesophyll,mestome sheath",Leaf,Os10g0476400,PCMDB
Os10g0476500,LOC_Os10g33670,leaf mesophyll,Leaf,Os10g0476500,PCMDB
Os10g0476600,LOC_Os10g33680,"leaf epidermis,leaf mesophyll,leaf procambium",Leaf,OsPP2A-B'',PCMDB
Os10g0478200,LOC_Os10g33800,"leaf epidermis,leaf mesophyll,mestome sheath",Leaf,OscMDH,PCMDB
Os10g0478300,LOC_Os10g33810,"leaf epidermis,leaf mesophyll,leaf procambium",Leaf,MYB110,PCMDB
Os10g0478900,LOC_Os10g33855,"leaf epidermis,leaf mesophyll,mestome sheath",Leaf,Os10g0478900,PCMDB
Os10g0479600,LOC_Os10g33910,"leaf epidermis,leaf mesophyll",Leaf,Os10g0479600,PCMDB
Os10g0479800,LOC_Os10g33930,leaf mesophyll,Leaf,Os10g0479800,PCMDB
Os10g0481300,LOC_Os10g34020,"leaf mesophyll,leaf epidermis,mestome sheath,leaf procambium",Leaf,OsGSTU47,PCMDB
Os10g0482900,LOC_Os10g34170,"leaf epidermis,Leaf preprocambium",Leaf,OsGRL19,PCMDB
Os10g0483000,LOC_Os10g34180,"leaf epidermis,leaf mesophyll,leaf procambium",Leaf,Osj10gBTF3,PCMDB
Os10g0486100,LOC_Os10g34480,mestome sheath,Leaf,Os10g0486100,PCMDB
Os10g0486600,LOC_Os10g34520,"leaf epidermis,leaf mesophyll,mestome sheath",Leaf,DIM1,PCMDB
Os10g0486900,LOC_Os10g34540,leaf epidermis,Leaf,Os10g0486900,PCMDB
Os10g0488100,LOC_Os10g34670,"leaf epidermis,leaf mesophyll",Leaf,Os10g0488100,PCMDB
Os10g0488800,LOC_Os10g34710,"leaf epidermis,leaf mesophyll,mestome sheath",Leaf,OSMYOVIIIB,PCMDB
Os10g0489000,LOC_Os10g34730,"mestome sheath,leaf procambium",Leaf,B1288B10.1,PCMDB
Os10g0489100,LOC_Os10g34740,mestome sheath,Leaf,OsPRMT6a,PCMDB
Os10g0489650,LOC_Os10g34795,leaf mesophyll,Leaf,B1288B10.8,PCMDB
Os10g0490100,LOC_Os10g34840,leaf mesophyll,Leaf,Os10g0490100,PCMDB
Os10g0490900,LOC_Os10g34920,mestome sheath,Leaf,Os10g0490900,PCMDB
Os10g0491900,LOC_Os10g35000,leaf epidermis,Leaf,Os10g0491900,PCMDB
Os10g0492200,LOC_Os10g35020,leaf mesophyll,Leaf,Os10g0492200,PCMDB
Os10g0492400,LOC_Os10g35040,"mestome sheath,Leaf preprocambium",Leaf,Os10g0492400,PCMDB
Os10g0492800,LOC_Os10g35060,"leaf epidermis,leaf mesophyll",Leaf,Os10g0492800,PCMDB
Os10g0492900,LOC_Os10g35070,"leaf mesophyll,mestome sheath,leaf procambium",Leaf,Os10g0492900,PCMDB
Os10g0493300,LOC_Os10g35100,leaf mesophyll,Leaf,Os10g0493300,PCMDB
Os10g0493600,LOC_Os10g35110,"leaf epidermis,leaf mesophyll",Leaf,alphaGa1,PCMDB
Os10g0494500,LOC_Os10g35190,leaf mesophyll,Leaf,OsRFP,PCMDB
Os10g0495300,LOC_Os10g35250,leaf procambium,Leaf,OSJNBa0041P03.2,PCMDB
Os10g0496000,LOC_Os10g35300,leaf mesophyll,Leaf,OsDof27,PCMDB
Os10g0496900,LOC_Os10g35370,"leaf epidermis,leaf mesophyll,mestome sheath,leaf procambium,Mesophyll precursor",Leaf,FGL,PCMDB
Os10g0497000,LOC_Os10g35380,"leaf mesophyll,mestome sheath,leaf procambium",Leaf,Os10g0497000,PCMDB
Os10g0497100,LOC_Os10g35390,leaf mesophyll,Leaf,Os10g0497100,PCMDB
Os10g0497700,LOC_Os10g35460,"leaf mesophyll,leaf procambium",Leaf,BC1L9,PCMDB
Os10g0499400,LOC_Os10g35630,"leaf mesophyll,mestome sheath",Leaf,Os10g0499400,PCMDB
Os10g0500300,LOC_Os10g35670,mestome sheath,Leaf,Os10g0500300,PCMDB
Os10g0500700,LOC_Os10g35720,"leaf epidermis,leaf mesophyll,leaf procambium",Leaf,OsGRXS17,PCMDB
Os10g0501500,LOC_Os10g35770,mestome sheath,Leaf,Os10g0501500,PCMDB
Os10g0502000,LOC_Os10g35810,"leaf epidermis,leaf mesophyll,mestome sheath,leaf procambium,Mesophyll precursor",Leaf,Os10g0502000,PCMDB
Os10g0502100,LOC_Os10g35820,"mestome sheath,Xylem",Leaf,Os10g0502100,PCMDB
Os10g0502400,LOC_Os10g35840,"leaf mesophyll,leaf procambium",Leaf,HEMA1,PCMDB
Os10g0502500,LOC_Os10g35850,leaf mesophyll,Leaf,OsMSBP1,PCMDB
Os10g0502600,LOC_Os10g35870,mestome sheath,Leaf,OsMSBP2,PCMDB
Os10g0503700,LOC_Os10g35990,"leaf mesophyll,leaf procambium",Leaf,OsRH12,PCMDB
Os10g0503800,LOC_Os10g36000,"mestome sheath,Xylem",Leaf,OsREM1.2,PCMDB
Os10g0504200,LOC_Os10g36030,"leaf epidermis,mestome sheath",Leaf,Os10g0504200,PCMDB
Os10g0504600,LOC_Os10g36060,mestome sheath,Leaf,SIP24,PCMDB
Os10g0505700,LOC_Os10g36170,leaf epidermis,Leaf,OsLTP2.12,PCMDB
Os10g0506100,LOC_Os10g36200,"leaf epidermis,leaf mesophyll,mestome sheath,leaf procambium",Leaf,Os10g0506100,PCMDB
Os10g0506900,LOC_Os10g36260,"leaf mesophyll,mestome sheath,leaf procambium",Leaf,Os10g0506900,PCMDB
Os10g0507600,LOC_Os10g36350,"leaf epidermis,leaf mesophyll,leaf procambium",Leaf,Os10g0507600,PCMDB
Os10g0508100,LOC_Os10g36400,mestome sheath,Leaf,OSJNBb0015K05.7,PCMDB
Os10g0508600,LOC_Os10g36480,"leaf epidermis,leaf mesophyll",Leaf,Os10g0508600,PCMDB
Os10g0508700,LOC_Os10g36500,leaf mesophyll,Leaf,Os10g0508700,PCMDB
Os10g0509100,LOC_Os10g36550,leaf epidermis,Leaf,Os10g0509100,PCMDB
Os10g0510000,LOC_Os10g36650,"leaf epidermis,mestome sheath,leaf procambium",Leaf,ACT2,PCMDB
Os10g0510100,LOC_Os10g36660,"leaf epidermis,leaf mesophyll",Leaf,Os10g0510100,PCMDB
Os10g0510400,LOC_Os10g36690,leaf mesophyll,Leaf,Os10g0510400,PCMDB
Os10g0511400,LOC_Os10g36760,leaf epidermis,Leaf,OsProCP3,PCMDB
Os10g0514901,LOC_Os10g37100,leaf epidermis,Leaf,OsCYP89B4,PCMDB
Os10g0516100,LOC_Os10g37180,"leaf mesophyll,leaf procambium",Leaf,OsGDCH,PCMDB
Os10g0516200,LOC_Os10g37190,"leaf mesophyll,leaf procambium",Leaf,OsRLCK303,PCMDB
Os10g0516300,LOC_Os10g37210,"leaf epidermis,leaf mesophyll,mestome sheath",Leaf,Os10g0516300,PCMDB
Os10g0516400,LOC_Os10g37230,leaf mesophyll,Leaf,Os10g0516400,PCMDB
Os10g0516500,LOC_Os10g37240,"leaf epidermis,leaf mesophyll,mestome sheath,leaf procambium",Leaf,Os10g0516500,PCMDB
Os10g0516800,LOC_Os10g37280,"leaf mesophyll,leaf procambium",Leaf,OsLCBK1,PCMDB
Os10g0517500,LOC_Os10g37340,"leaf epidermis,leaf mesophyll,mestome sheath,leaf procambium",Leaf,RRJ1,PCMDB
Os10g0517800,LOC_Os10g37350,"leaf epidermis,leaf mesophyll,mestome sheath,leaf procambium",Leaf,Os10g0517800,PCMDB
Os10g0518000,LOC_Os10g37400,mestome sheath,Leaf,Os10g0518000,PCMDB
Os10g0518100,LOC_Os10g37410,leaf mesophyll,Leaf,Os10g0518100,PCMDB
Os10g0518200,LOC_Os10g37420,"leaf epidermis,leaf mesophyll,leaf procambium",Leaf,Os10g0518200,PCMDB
Os10g0518800,LOC_Os10g37480,leaf epidermis,Leaf,Os10g0518800,PCMDB
Os10g0519300,LOC_Os10g37500,"leaf epidermis,mestome sheath,leaf procambium",Leaf,Os10g0519300,PCMDB
Os10g0519500,LOC_Os10g37510,leaf mesophyll,Leaf,Os10g0519500,PCMDB
Os10g0519700,LOC_Os10g37530,leaf mesophyll,Leaf,Os10g0519700,PCMDB
Os10g0520100,LOC_Os10g37570,"leaf epidermis,leaf mesophyll,mestome sheath,leaf procambium",Leaf,OsFbox559,PCMDB
Os10g0520600,LOC_Os10g37630,"leaf mesophyll,mestome sheath",Leaf,Os10g0520600,PCMDB
Os10g0521000,LOC_Os10g37660,"leaf epidermis,leaf mesophyll,leaf procambium",Leaf,OsTRE,PCMDB
Os10g0521100,LOC_Os10g37670,"leaf epidermis,leaf mesophyll,leaf procambium",Leaf,OsADF10,PCMDB
Os10g0521300,LOC_Os10g37690,"leaf mesophyll,leaf procambium",Leaf,Os10g0521300,PCMDB
Os10g0521400,LOC_Os10g37710,leaf mesophyll,Leaf,Os10g0521400,PCMDB
Os10g0521500,LOC_Os10g37720,leaf procambium,Leaf,Os10g0521500,PCMDB
Os10g0521900,LOC_Os10g37760,mestome sheath,Leaf,OsRhmbd17,PCMDB
Os10g0522000,LOC_Os10g37770,leaf mesophyll,Leaf,Os10g0522000,PCMDB
Os10g0522400,LOC_Os10g37830,"leaf epidermis,leaf mesophyll,mestome sheath",Leaf,OsFbox560,PCMDB
Os10g0522500,LOC_Os10g37840,leaf mesophyll,Leaf,Os10g0522500,PCMDB
Os10g0523700,LOC_Os10g37980,"leaf epidermis,leaf mesophyll",Leaf,ADT,PCMDB
Os10g0524300,LOC_Os10g38040,"mestome sheath,leaf procambium",Leaf,OsEMSA1,PCMDB
Os10g0524400,LOC_Os10g38060,leaf procambium,Leaf,OsPLDbeta1,PCMDB
Os10g0524600,LOC_Os10g38080,"leaf epidermis,leaf mesophyll,mestome sheath,leaf procambium",Leaf,OsSub61,PCMDB
Os10g0524700,LOC_Os10g38090,leaf procambium,Leaf,Os10g0524700,PCMDB
Os10g0525000,LOC_Os10g38110,"leaf epidermis,leaf mesophyll,leaf procambium",Leaf,OsCYP704A5,PCMDB
Os10g0525400,LOC_Os10g38140,"leaf epidermis,leaf mesophyll,mestome sheath,leaf procambium",Leaf,OsGSTU15,PCMDB
Os10g0525800,LOC_Os10g38189,leaf mesophyll,Leaf,OsGSTU31,PCMDB
Os10g0527400,LOC_Os10g38340,"leaf epidermis,leaf mesophyll",Leaf,OsGSTU19,PCMDB
Os10g0528200,LOC_Os10g38489,"leaf epidermis,leaf mesophyll,leaf procambium",Leaf,GST,PCMDB
Os10g0528400,LOC_Os10g38489,"leaf epidermis,leaf mesophyll,leaf procambium",Leaf,OsGSTU3,PCMDB
Os10g0529300,LOC_Os10g38580,"leaf epidermis,leaf mesophyll,mestome sheath,Xylem",Leaf,OsGSTU18,PCMDB
Os10g0529400,LOC_Os10g38590,"leaf mesophyll,leaf procambium",Leaf,OsGSTU9,PCMDB
Os10g0529800,LOC_Os10g38630,"leaf epidermis,leaf mesophyll,mestome sheath,leaf procambium",Leaf,OsGSTU2,PCMDB
Os10g0530900,LOC_Os10g38740,"leaf epidermis,leaf mesophyll,mestome sheath,leaf procambium",Leaf,OsGSTU50,PCMDB
Os10g0531400,LOC_Os10g38780,"leaf mesophyll,mestome sheath,leaf procambium",Leaf,OsGSTU10,PCMDB
Os10g0531900,LOC_Os10g38820,leaf mesophyll,Leaf,OsbZIP78,PCMDB
Os10g0533150,LOC_Os10g38920,leaf mesophyll,Leaf,Os10g0533150,PCMDB
Os10g0533500,LOC_Os10g38940,"leaf mesophyll,leaf procambium",Leaf,OsBCH3,PCMDB
Os10g0533600,LOC_Os10g38950,leaf mesophyll,Leaf,OsMPK6,PCMDB
Os10g0534500,LOC_Os10g39010,"leaf epidermis,leaf mesophyll,leaf procambium",Leaf,OsCrRLK1L16,PCMDB
Os10g0535600,LOC_Os10g39090,leaf mesophyll,Leaf,Os10g0535600,PCMDB
Os10g0535800,LOC_Os10g39100,leaf mesophyll,Leaf,OSJNBb0060I05.12,PCMDB
Os10g0536000,LOC_Os10g39120,"leaf epidermis,leaf mesophyll,mestome sheath,leaf procambium",Leaf,OsSce1,PCMDB
Os10g0536100,LOC_Os10g39130,leaf epidermis,Leaf,OsMADS56,PCMDB
Os10g0536400,LOC_Os10g39140,mestome sheath,Leaf,OsF3H-2,PCMDB
Os10g0537500,LOC_Os10g39220,"leaf epidermis,leaf mesophyll,mestome sheath,leaf procambium",Leaf,OSJNBa0040D23.4,PCMDB
Os10g0539500,LOC_Os10g39410,"leaf mesophyll,leaf initial cell",Leaf,H4,PCMDB
Os10g0539600,LOC_Os10g39420,"leaf epidermis,leaf mesophyll,mestome sheath,leaf procambium",Leaf,CDPK,PCMDB
Os10g0539900,LOC_Os10g39440,bundle sheath,Leaf,TMT1,PCMDB
Os10g0540000,LOC_Os10g39450,"leaf epidermis,leaf procambium",Leaf,Os10g0540000,PCMDB
Os10g0540300,LOC_Os10g39470,"leaf epidermis,leaf mesophyll",Leaf,OSJNBb0064P21.4,PCMDB
Os10g0541000,LOC_Os10g39520,"leaf epidermis,leaf mesophyll,mestome sheath,leaf procambium",Leaf,OsMLO4,PCMDB
Os10g0542700,LOC_Os10g39660,"leaf epidermis,leaf mesophyll,mestome sheath,leaf procambium",Leaf,OSJNBb0015I11.12,PCMDB
Os10g0542900,LOC_Os10g39680,leaf mesophyll,Leaf,Cht8,PCMDB
Os10g0543400,LOC_Os10g39700,"leaf epidermis,leaf mesophyll,leaf procambium",Leaf,Os10g0543400,PCMDB
Os10g0544500,LOC_Os10g39760,"leaf epidermis,leaf mesophyll,mestome sheath",Leaf,OsWD40-180,PCMDB
Os10g0544600,LOC_Os10g39770,"leaf epidermis,leaf mesophyll,mestome sheath,leaf procambium",Leaf,Os10g0544600,PCMDB
Os10g0544900,LOC_Os10g39780,leaf mesophyll,Leaf,OsPP2C72,PCMDB
Os10g0545200,LOC_Os10g39810,"leaf epidermis,leaf mesophyll,mestome sheath",Leaf,OsGL1-10,PCMDB
Os10g0545300,LOC_Os10g39820,"leaf epidermis,leaf mesophyll",Leaf,Os10g0545300,PCMDB
Os10g0546400,LOC_Os10g39920,"leaf epidermis,leaf mesophyll,mestome sheath,leaf procambium",Leaf,SMR1,PCMDB
Os10g0548000,LOC_Os10g40030,"leaf mesophyll,leaf procambium",Leaf,OSJNBa0082M15.7,PCMDB
Os10g0550500,LOC_Os10g40290,leaf epidermis,Leaf,Os10g0550500,PCMDB
Os10g0550900,LOC_Os10g40360,"leaf epidermis,leaf mesophyll,mestome sheath,leaf procambium",Leaf,OsProDH,PCMDB
Os10g0551600,LOC_Os10g40410,"leaf epidermis,leaf mesophyll,leaf procambium",Leaf,OSJNBa0015J15.32,PCMDB
Os10g0551700,LOC_Os10g40420,"leaf epidermis,leaf mesophyll",Leaf,OSJNBa0015J15.17,PCMDB
Os10g0552300,LOC_Os10g40480,"leaf epidermis,leaf mesophyll,mestome sheath,leaf procambium",Leaf,OsHyPRP17,PCMDB
Os10g0552400,LOC_Os10g40490,"leaf mesophyll,leaf procambium",Leaf,OsPUB67,PCMDB
Os10g0552700,LOC_Os10g40520,leaf mesophyll,Leaf,OsHyPRP19,PCMDB
Os10g0553300,LOC_Os10g40550,"leaf epidermis,leaf mesophyll",Leaf,OsTPP2,PCMDB
Os10g0553800,LOC_Os10g40570,"leaf epidermis,leaf mesophyll,mestome sheath,leaf procambium",Leaf,Os10g0553800,PCMDB
Os10g0554100,LOC_Os10g40590,"leaf mesophyll,mestome sheath,leaf procambium",Leaf,Os10g0554100,PCMDB
Os10g0554800,LOC_Os10g40614,leaf mesophyll,Leaf,OsHyPRP21,PCMDB
Os10g0555900,LOC_Os10g40720,"leaf mesophyll,mestome sheath,Xylem",Leaf,OsEXPB3,PCMDB
Os10g0556100,LOC_Os10g40730,"leaf mesophyll,leaf epidermis,mestome sheath",Leaf,OsEXPB4,PCMDB
Os10g0556700,LOC_Os10g40780,"leaf epidermis,leaf mesophyll,leaf procambium",Leaf,OsNOT1,PCMDB
Os10g0558900,LOC_Os10g40960,sclerenchyma cell,Leaf,RL14,PCMDB
Os10g0559500,LOC_Os10g41020,"leaf epidermis,leaf mesophyll,mestome sheath,leaf procambium",Leaf,FLS,PCMDB
Os10g0559900,LOC_Os10g41050,leaf mesophyll,Leaf,OSJNBa0042H09.18,PCMDB
Os10g0561300,LOC_Os10g41190,leaf procambium,Leaf,OSJNBb0089A17.11,PCMDB
Os10g0561400,LOC_Os10g41200,leaf mesophyll,Leaf,OsMYBS3,PCMDB
Os10g0561800,LOC_Os10g41230,"leaf mesophyll,mestome sheath,leaf procambium",Leaf,Oshox1,PCMDB
Os10g0562900,LOC_Os10g41330,mestome sheath,Leaf,DERF12,PCMDB
Os10g0563000,LOC_Os10g41340,mestome sheath,Leaf,Os10g0563000,PCMDB
Os10g0563200,LOC_Os10g41360,"leaf mesophyll,leaf procambium",Leaf,Os10g0563200,PCMDB
Os10g0563300,LOC_Os10g41370,"leaf epidermis,leaf mesophyll",Leaf,Os10g0563300,PCMDB
Os10g0563400,LOC_Os10g41380,leaf mesophyll,Leaf,Os10g0563400,PCMDB
Os10g0563600,LOC_Os10g41400,"leaf epidermis,leaf mesophyll,mestome sheath,leaf procambium",Leaf,OsMSRA4,PCMDB
Os10g0563700,LOC_Os10g41410,"leaf epidermis,leaf mesophyll,leaf procambium",Leaf,Os10g0563700,PCMDB
Os10g0563800,LOC_Os10g41420,"leaf mesophyll,leaf procambium",Leaf,Os10g0563800,PCMDB
Os10g0564000,LOC_Os10g41440,"leaf epidermis,leaf mesophyll",Leaf,Os10g0564000,PCMDB
Os10g0564300,LOC_Os10g41470,"leaf epidermis,leaf mesophyll,leaf procambium",Leaf,Os10g0564300,PCMDB
Os10g0564500,LOC_Os10g41490,"leaf mesophyll,mestome sheath",Leaf,Os10g0564500,PCMDB
Os10g0564800,LOC_Os10g41510,"leaf epidermis,leaf mesophyll",Leaf,CBL1,PCMDB
Os10g0564900,LOC_Os10g41520,"leaf epidermis,leaf mesophyll,mestome sheath",Leaf,Os10g0564900,PCMDB
Os10g0565200,LOC_Os10g41550,"leaf epidermis,leaf mesophyll,mestome sheath",Leaf,Os10g0565200,PCMDB
Os10g0565300,LOC_Os10g41560,mestome sheath,Leaf,Os10g0565300,PCMDB
Os10g0565500,LOC_Os10g41580,"leaf epidermis,leaf mesophyll,leaf procambium",Leaf,Os10g0565500,PCMDB
Os10g0566700,LOC_Os10g41710,"leaf epidermis,leaf mesophyll,mestome sheath,leaf procambium,Mesophyll precursor",Leaf,OSJNBa0057L21.3,PCMDB
Os10g0566800,LOC_Os10g41720,leaf mesophyll,Leaf,prx129,PCMDB
Os10g0567000,LOC_Os10g41749,leaf mesophyll,Leaf,Os10g0567000,PCMDB
Os10g0567400,LOC_Os10g41780,leaf mesophyll,Leaf,CAO,PCMDB
Os10g0569000,LOC_Os10g41940,"leaf mesophyll,leaf procambium,Mesophyll precursor",Leaf,Os10g0569000,PCMDB
Os10g0569200,LOC_Os10g41960,leaf mesophyll,Leaf,eIF-3b,PCMDB
Os10g0571100,LOC_Os10g42090,"leaf epidermis,leaf mesophyll",Leaf,Os10g0571100,PCMDB
Os10g0571200,LOC_Os10g42100,"leaf epidermis,leaf mesophyll",Leaf,Os10g0571200,PCMDB
Os10g0571600,LOC_Os10g42130,"leaf procambium,Phloem",Leaf,ONAC121,PCMDB
Os10g0572300,LOC_Os10g42190,"leaf epidermis,leaf mesophyll,mestome sheath",Leaf,OsIRL5,PCMDB
Os10g0572400,LOC_Os10g42196,leaf mesophyll,Leaf,Os10g0572400,PCMDB
Os10g0572500,LOC_Os10g42196,leaf mesophyll,Leaf,Os10g0572500,PCMDB
Os10g0573100,LOC_Os10g42250,"leaf epidermis,leaf mesophyll,mestome sheath,leaf procambium",Leaf,Os10g0573100,PCMDB
Os10g0573700,LOC_Os10g42299,leaf mesophyll,Leaf,Os10g0573700,PCMDB
Os10g0573800,LOC_Os10g42299,leaf mesophyll,Leaf,Os10g0573800,PCMDB
Os10g0573900,LOC_Os10g42320,leaf procambium,Leaf,OsNMD3,PCMDB
Os10g0574700,LOC_Os10g42410,"leaf epidermis,leaf mesophyll",Leaf,Os10g0574700,PCMDB
Os10g0574800,LOC_Os10g42420,"leaf epidermis,leaf mesophyll,mestome sheath,leaf procambium",Leaf,Os10g0574800,PCMDB
Os10g0575000,LOC_Os10g42430,leaf mesophyll,Leaf,OsbHLH009,PCMDB
Os10g0575200,LOC_Os10g42439,leaf procambium,Leaf,OsDjC74,PCMDB
Os10g0576000,LOC_Os10g42540,"leaf epidermis,leaf mesophyll,mestome sheath,leaf procambium",Leaf,Os10g0576000,PCMDB
Os10g0576600,LOC_Os10g42610,"leaf epidermis,leaf mesophyll,mestome sheath,leaf procambium",Leaf,Os10g0576600,PCMDB
Os10g0576900,LOC_Os10g42620,"leaf mesophyll,mestome sheath,leaf procambium",Leaf,OsCCR3,PCMDB
Os10g0577000,LOC_Os10g42630,leaf mesophyll,Leaf,Os10g0577000,PCMDB
Os10g0577600,LOC_Os10g42690,"leaf epidermis,leaf mesophyll,mestome sheath,leaf procambium",Leaf,JMJ706,PCMDB
Os10g0577700,LOC_Os10g42700,leaf mesophyll,Leaf,Os10g0577700,PCMDB
Os10g0577800,LOC_Os10g42710,"bundle sheath,mestome sheath,leaf mesophyll,leaf procambium",Leaf,TWI1,PCMDB
Os10g0579200,LOC_Os10g42830,"leaf epidermis,leaf mesophyll,leaf procambium,Leaf preprocambium",Leaf,Os10g0579200,PCMDB
Os10g0579300,LOC_Os10g42840,"leaf epidermis,leaf mesophyll,mestome sheath,leaf procambium",Leaf,Os10g0579300,PCMDB
Os10g0579500,LOC_Os10g42860,"leaf epidermis,leaf mesophyll,mestome sheath,leaf procambium",Leaf,Os10g0579500,PCMDB
Os10g0580200,LOC_Os10g42940,"leaf epidermis,leaf mesophyll,mestome sheath,leaf procambium",Leaf,OsARFB1c,PCMDB
Os10g0580400,LOC_Os10g42960,leaf mesophyll,Leaf,OsDUR3,PCMDB
Os10g0580700,LOC_Os10g43040,"leaf epidermis,leaf mesophyll,leaf procambium",Leaf,NALP1,PCMDB
Os10g0580800,LOC_Os10g43050,"leaf epidermis,leaf mesophyll,Mesophyll precursor",Leaf,OsClpP4,PCMDB
Os11g0100600,LOC_Os11g01040,mestome sheath,Leaf,Os11g0100600,PCMDB
Os11g0102400,LOC_Os11g01154,"leaf epidermis,leaf mesophyll",Leaf,Os11g0102400,PCMDB
Os11g0102500,LOC_Os11g01154,"leaf epidermis,leaf mesophyll",Leaf,Os11g0102500,PCMDB
Os11g0104050,LOC_Os11g01300,mestome sheath,Leaf,Os11g0104050,PCMDB
Os11g0104400,LOC_Os11g01340,leaf epidermis,Leaf,OsFAD3,PCMDB
Os11g0104866,LOC_Os11g01380,"leaf mesophyll,mestome sheath,leaf procambium",Leaf,Os11g0104866,PCMDB
Os11g0104900,LOC_Os11g01380,"leaf mesophyll,mestome sheath,leaf procambium",Leaf,Os11g0104900,PCMDB
Os11g0104933,LOC_Os11g01380,"leaf mesophyll,mestome sheath,leaf procambium",Leaf,Os11g0104933,PCMDB
Os11g0105400,LOC_Os11g01420,leaf mesophyll,Leaf,Os11g0105400,PCMDB
Os11g0105800,LOC_Os11g01450,leaf mesophyll,Leaf,Os11g0105800,PCMDB
Os11g0106200,LOC_Os11g01490,mestome sheath,Leaf,Os11g0106200,PCMDB
Os11g0106700,LOC_Os11g01530,"leaf epidermis,leaf mesophyll,mestome sheath,leaf procambium",Leaf,OsFER1,PCMDB
Os11g0107000,LOC_Os11g01570,"mestome sheath,Xylem",Leaf,OsTBL2,PCMDB
Os11g0107500,LOC_Os11g01600,"leaf epidermis,leaf mesophyll,leaf procambium",Leaf,Os11g0107500,PCMDB
Os11g0108800,LOC_Os11g01740,"leaf epidermis,leaf mesophyll,mestome sheath,leaf procambium",Leaf,Os11g0108800,PCMDB
Os11g0110066,LOC_Os11g01880,"leaf epidermis,leaf mesophyll",Leaf,Os11g0110066,PCMDB
Os11g0110100,LOC_Os11g01890,"leaf epidermis,leaf mesophyll",Leaf,Os11g0110100,PCMDB
Os11g0112000,LOC_Os11g02080,"leaf epidermis,leaf mesophyll,mestome sheath,leaf procambium",Leaf,OsHIGD3,PCMDB
Os11g0112800,LOC_Os11g02150,"leaf epidermis,leaf mesophyll,mestome sheath",Leaf,Os11g0112800,PCMDB
Os11g0113700,LOC_Os11g02240,"leaf epidermis,leaf mesophyll,mestome sheath,leaf procambium",Leaf,CIPK15,PCMDB
Os11g0114300,LOC_Os11g02290,"leaf mesophyll,mestome sheath",Leaf,Os11g0114300,PCMDB
Os11g0114600,LOC_Os11g02300,"leaf epidermis,leaf mesophyll,mestome sheath,leaf procambium",Leaf,OsWNK7,PCMDB
Os11g0114700,LOC_Os11g02320,mestome sheath,Leaf,OsNTP11,PCMDB
Os11g0115100,LOC_Os11g02350,"leaf epidermis,leaf mesophyll,mestome sheath,leaf procambium",Leaf,OsLTP1.9,PCMDB
Os11g0115350,LOC_Os11g02369,leaf epidermis,Leaf,LTP2-A,PCMDB
Os11g0115400,LOC_Os11g02389,"leaf epidermis,leaf mesophyll,mestome sheath,leaf procambium",Leaf,Os11g0115400,PCMDB
Os11g0116000,LOC_Os11g02400,leaf epidermis,Leaf,OsLTP1.12,PCMDB
Os11g0116200,LOC_Os11g02424,"leaf epidermis,leaf mesophyll,mestome sheath,leaf procambium",Leaf,OsLTP1.13,PCMDB
Os11g0116300,LOC_Os11g02440,"leaf epidermis,leaf mesophyll,mestome sheath",Leaf,Os11g0116300,PCMDB
Os11g0116900,LOC_Os11g02480,"leaf epidermis,mestome sheath",Leaf,OsWRKY46,PCMDB
Os11g0120600,LOC_Os11g02760,leaf mesophyll,Leaf,Os11g0120600,PCMDB
Os11g0121300,LOC_Os11g02820,"leaf epidermis,leaf procambium",Leaf,Os11g0121300,PCMDB
Os11g0123500,LOC_Os11g03060,mestome sheath,Leaf,Os11g0123500,PCMDB
Os11g0126900,LOC_Os11g03300,leaf mesophyll,Leaf,NAC122,PCMDB
Os11g0127600,LOC_Os11g03370,"leaf epidermis,leaf mesophyll,mestome sheath",Leaf,ONAC045,PCMDB
Os11g0127700,LOC_Os11g03380,"leaf epidermis,leaf mesophyll,mestome sheath,leaf procambium",Leaf,Os11g0127700,PCMDB
Os11g0127900,LOC_Os11g03400,leaf mesophyll,Leaf,OsRP1,PCMDB
Os11g0128300,LOC_Os11g03420,"leaf mesophyll,mestome sheath",Leaf,MIF1,PCMDB
Os11g0128800,LOC_Os11g03470,leaf mesophyll,Leaf,Os11g0128800,PCMDB
Os11g0129800,LOC_Os11g03550,"leaf mesophyll,mestome sheath,leaf procambium",Leaf,Os11g0129800,PCMDB
Os11g0131100,LOC_Os11g03660,leaf procambium,Leaf,OsVQ37,PCMDB
Os11g0131900,LOC_Os11g03730,leaf epidermis,Leaf,OsARAF3,PCMDB
Os11g0132400,LOC_Os11g03760,leaf epidermis,Leaf,Os11g0132400,PCMDB
Os11g0132501,LOC_Os11g03760,leaf epidermis,Leaf,Os11g0132501,PCMDB
Os11g0133800,LOC_Os11g03910,"leaf epidermis,leaf mesophyll,mestome sheath,leaf procambium",Leaf,Os11g0133800,PCMDB
Os11g0133900,LOC_Os11g03920,"leaf epidermis,leaf mesophyll",Leaf,Os11g0133900,PCMDB
Os11g0134232,LOC_Os11g03970,"leaf epidermis,leaf mesophyll",Leaf,OsCIPK33,PCMDB
Os11g0134300,LOC_Os11g03970,"leaf epidermis,leaf mesophyll",Leaf,OsCIPK33,PCMDB
Os11g0137200,LOC_Os11g04210,"leaf epidermis,leaf mesophyll",Leaf,Os11g0137200,PCMDB
Os11g0139100,LOC_Os11g04370,leaf mesophyll,Leaf,Os11g0139100,PCMDB
Os11g0139700,LOC_Os11g04409,leaf epidermis,Leaf,Os11g0139700,PCMDB
Os11g0140600,LOC_Os11g04480,leaf mesophyll,Leaf,Os11g0140600,PCMDB
Os11g0140800,LOC_Os11g04500,"leaf mesophyll,leaf procambium",Leaf,CCDA1,PCMDB
Os11g0141400,LOC_Os11g04560,leaf mesophyll,Leaf,Os11g0141400,PCMDB
Os11g0142500,LOC_Os11g04670,"leaf epidermis,mestome sheath,leaf procambium",Leaf,OsIPMS1,PCMDB
Os11g0146700,LOC_Os11g04950,leaf mesophyll,Leaf,Os11g0146700,PCMDB
Os11g0147000,LOC_Os11g04980,leaf mesophyll,Leaf,Os11g0147000,PCMDB
Os11g0147100,LOC_Os11g04990,"leaf epidermis,leaf mesophyll,leaf procambium",Leaf,Os11g0147100,PCMDB
Os11g0147800,LOC_Os11g05050,"leaf epidermis,leaf mesophyll,mestome sheath,leaf procambium",Leaf,Os11g0147800,PCMDB
Os11g0148500,LOC_Os11g05110,"leaf epidermis,leaf mesophyll",Leaf,OsPK1,PCMDB
Os11g0149200,LOC_Os11g05170,"leaf epidermis,leaf mesophyll,mestome sheath,leaf procambium",Leaf,Os11g0149200,PCMDB
Os11g0149900,LOC_Os11g05240,"leaf epidermis,leaf mesophyll,leaf procambium",Leaf,Os11g0149900,PCMDB
Os11g0150400,LOC_Os11g05290,"leaf epidermis,leaf mesophyll,mestome sheath,leaf procambium",Leaf,Os11g0150400,PCMDB
Os11g0151300,LOC_Os11g05370,"leaf epidermis,leaf mesophyll,leaf procambium",Leaf,OsRPL26.1,PCMDB
Os11g0151400,LOC_Os11g05380,leaf mesophyll,Leaf,OsCYP94C2,PCMDB
Os11g0151800,LOC_Os11g05410,"leaf epidermis,leaf mesophyll,mestome sheath,leaf procambium",Leaf,OsPAP20a,PCMDB
Os11g0153100,LOC_Os11g05494,"leaf epidermis,leaf procambium",Leaf,Os11g0153100,PCMDB
Os11g0153300,LOC_Os11g05530,leaf mesophyll,Leaf,Os11g0153300,PCMDB
Os11g0153600,LOC_Os11g05552,"leaf mesophyll,Mesophyll precursor",Leaf,YGL138(t),PCMDB
Os11g0153800,LOC_Os11g05562,"leaf epidermis,leaf mesophyll,leaf procambium",Leaf,RPS25,PCMDB
Os11g0153900,LOC_Os11g05570,"leaf epidermis,leaf mesophyll",Leaf,RbH,PCMDB
Os11g0155100,LOC_Os11g05660,"leaf epidermis,leaf mesophyll",Leaf,OsFbox568,PCMDB
Os11g0155500,LOC_Os11g05690,mestome sheath,Leaf,OsCAT8,PCMDB
Os11g0155600,LOC_Os11g05700,leaf mesophyll,Leaf,OsABCC16,PCMDB
Os11g0155900,LOC_Os11g05730,"leaf mesophyll,leaf initial cell",Leaf,H3R-21,PCMDB
Os11g0156401,LOC_Os11g05780,"leaf epidermis,leaf mesophyll,leaf procambium",Leaf,OsOFP26,PCMDB
Os11g0156700,LOC_Os11g05810,"leaf mesophyll,mestome sheath,leaf procambium",Leaf,Os11g0156700,PCMDB
Os11g0157200,LOC_Os11g05860,"leaf epidermis,leaf mesophyll,mestome sheath,leaf procambium",Leaf,Os11g0157200,PCMDB
Os11g0157400,LOC_Os11g05880,leaf epidermis,Leaf,OsEXO70A3,PCMDB
Os11g0157600,LOC_Os11g05930,leaf procambium,Leaf,OsPRR59,PCMDB
Os11g0158400,LOC_Os11g05990,mestome sheath,Leaf,Os11g0158400,PCMDB
Os11g0160100,LOC_Os11g06130,leaf procambium,Leaf,Os11g0160100,PCMDB
Os11g0160500,LOC_Os11g06170,leaf epidermis,Leaf,OsbZIP81,PCMDB
Os11g0162200,LOC_Os11g06340,leaf epidermis,Leaf,Os11g0162200,PCMDB
Os11g0163800,LOC_Os11g06440,"leaf mesophyll,mestome sheath,leaf procambium",Leaf,Os11g0163800,PCMDB
Os11g0167800,LOC_Os11g06720,"leaf epidermis,leaf mesophyll,mestome sheath,leaf procambium",Leaf,OsASR5,PCMDB
Os11g0168100,LOC_Os11g06740,"leaf epidermis,leaf mesophyll,mestome sheath,Xylem",Leaf,Os11g0168100,PCMDB
Os11g0168200,LOC_Os11g06750,leaf mesophyll,Leaf,RPL3B,PCMDB
Os11g0168300,LOC_Os11g06760,"leaf epidermis,leaf mesophyll",Leaf,Os11g0168300,PCMDB
Os11g0168500,LOC_Os11g06770,"leaf mesophyll,mestome sheath,leaf procambium",Leaf,OsERF#118,PCMDB
Os11g0169900,LOC_Os11g06890,"leaf epidermis,leaf mesophyll,mestome sheath,leaf procambium",Leaf,VATP-P1,PCMDB
Os11g0170300,LOC_Os11g06930,mestome sheath,Leaf,OsCBSCBSPB2,PCMDB
Os11g0170400,LOC_Os11g06934,leaf procambium,Leaf,Os11g0170400,PCMDB
Os11g0171300,LOC_Os11g07020,"leaf epidermis,leaf mesophyll,mestome sheath,leaf procambium,Mesophyll precursor",Leaf,Aldo,PCMDB
Os11g0171500,LOC_Os11g07040,"leaf mesophyll,leaf procambium",Leaf,CDPK24,PCMDB
Os11g0172133,LOC_Os11g07100,"leaf epidermis,leaf mesophyll,leaf procambium",Leaf,Os11g0172133,PCMDB
Os11g0172150,LOC_Os11g07100,"leaf epidermis,leaf mesophyll,leaf procambium",Leaf,Os11g0172150,PCMDB
Os11g0174000,LOC_Os11g07280,"leaf mesophyll,leaf procambium",Leaf,Os11g0174000,PCMDB
Os11g0177400,LOC_Os11g07600,"leaf mesophyll,mestome sheath,leaf procambium",Leaf,OsABCG27,PCMDB
Os11g0178800,LOC_Os11g07670,"leaf epidermis,leaf mesophyll,mestome sheath,leaf procambium,Xylem",Leaf,Os11g0178800,PCMDB
Os11g0179000,LOC_Os11g07680,"leaf epidermis,leaf mesophyll,mestome sheath,leaf procambium",Leaf,Os11g0179000,PCMDB
Os11g0181500,LOC_Os11g07916,"leaf epidermis,leaf mesophyll,mestome sheath,leaf procambium",Leaf,OsISC12,PCMDB
Os11g0182200,LOC_Os11g07960,"leaf mesophyll,Mesophyll precursor",Leaf,Os11g0182200,PCMDB
Os11g0182400,LOC_Os11g07970,leaf mesophyll,Leaf,OsWD40-184,PCMDB
Os11g0182500,LOC_Os11g07980,leaf,Leaf,OsPIANK1,PCMDB
Os11g0184900,LOC_Os11g08210,"leaf epidermis,leaf mesophyll,leaf procambium",Leaf,NAC5,PCMDB
Os11g0186200,LOC_Os11g08300,"leaf epidermis,leaf mesophyll",Leaf,OsALDH3H2,PCMDB
Os11g0186900,LOC_Os11g08380,"leaf epidermis,leaf mesophyll,mestome sheath,leaf procambium",Leaf,ACO4,PCMDB
Os11g0195500,LOC_Os11g09010,"leaf mesophyll,leaf procambium",Leaf,PAD4,PCMDB
Os11g0198200,LOC_Os11g09180,"leaf epidermis,mestome sheath,leaf procambium",Leaf,Os11g0198200,PCMDB
Os11g0199200,LOC_Os11g09280,"leaf epidermis,leaf mesophyll,leaf procambium",Leaf,ESP2,PCMDB
Os11g0202600,LOC_Os11g09710,leaf epidermis,Leaf,Os11g0202600,PCMDB
Os11g0205500,LOC_Os11g09940,"leaf epidermis,leaf mesophyll",Leaf,Os11g0205500,PCMDB
Os11g0206000,LOC_Os11g09979,"leaf epidermis,leaf mesophyll,mestome sheath,leaf procambium",Leaf,Os11g0206000,PCMDB
Os11g0207200,LOC_Os11g10100,leaf epidermis,Leaf,OsMAPKKKalpha,PCMDB
Os11g0207600,LOC_Os11g10130,mestome sheath,Leaf,OsMyb12,PCMDB
Os11g0208800,LOC_Os11g10290,"leaf mesophyll,mestome sheath,leaf procambium",Leaf,Os11g0208800,PCMDB
Os11g0208900,LOC_Os11g10310,vascular leaf,Leaf,Os11g0208900,PCMDB
Os11g0209000,LOC_Os11g10320,vascular leaf,Leaf,Os11g0209000,PCMDB
Os11g0210100,LOC_Os11g10460,leaf epidermis,Leaf,prx132,PCMDB
Os11g0210201,LOC_Os11g10470,"leaf mesophyll,mestome sheath",Leaf,RZ53,PCMDB
Os11g0210300,LOC_Os11g10480,leaf procambium,Leaf,ADH1,PCMDB
Os11g0210500,LOC_Os11g10510,"leaf mesophyll,leaf procambium",Leaf,Adh2*,PCMDB
Os11g0213000,LOC_Os11g10710,leaf mesophyll,Leaf,OsWD40-188,PCMDB
Os11g0213800,LOC_Os11g10770,leaf mesophyll,Leaf,Os11g0213800,PCMDB
Os11g0216400,LOC_Os11g11020,leaf epidermis,Leaf,Os11g0216400,PCMDB
Os11g0218000,LOC_Os11g11100,leaf epidermis,Leaf,OsbZIP82,PCMDB
Os11g0220800,LOC_Os11g11390,leaf mesophyll,Leaf,SC34,PCMDB
Os11g0222000,LOC_Os11g11490,"leaf epidermis,leaf mesophyll,mestome sheath,leaf procambium",Leaf,OsCRR4,PCMDB
Os11g0224900,LOC_Os11g11770,leaf mesophyll,Leaf,Os11gRGA3,PCMDB
Os11g0225000,LOC_Os11g11780,"leaf epidermis,leaf mesophyll,leaf procambium",Leaf,OsRLCK319,PCMDB
Os11g0226201,LOC_Os11g11890,"leaf mesophyll,leaf procambium",Leaf,Os11g0226201,PCMDB
Os11g0226966,LOC_Os11g11970,leaf mesophyll,Leaf,Os11g0226966,PCMDB
Os11g0227000,LOC_Os11g11980,"leaf epidermis,leaf mesophyll,leaf procambium",Leaf,Os11g0227000,PCMDB
Os11g0227800,LOC_Os11g12050,leaf mesophyll,Leaf,Os11g0227800,PCMDB
Os11g0230700,LOC_Os11g12420,leaf procambium,Leaf,OsSRP-GRA,PCMDB
Os11g0234200,LOC_Os11g12650,leaf mesophyll,Leaf,Os11g0234200,PCMDB
Os11g0239500,LOC_Os11g13570,"leaf epidermis,leaf mesophyll,mestome sheath,leaf procambium",Leaf,Os11g0239500,PCMDB
Os11g0240600,LOC_Os11g13670,leaf epidermis,Leaf,Os11g0240600,PCMDB
Os11g0242200,LOC_Os11g13820,"leaf epidermis,leaf mesophyll,mestome sheath,leaf procambium",Leaf,OsPP2C74,PCMDB
Os11g0242400,LOC_Os11g13850,leaf mesophyll,Leaf,Os11g0242400,PCMDB
Os11g0242700,LOC_Os11g13880,"leaf epidermis,leaf mesophyll",Leaf,Os11g0242700,PCMDB
Os11g0242800,LOC_Os11g13890,"leaf epidermis,leaf mesophyll,mestome sheath,leaf procambium,Mesophyll precursor",Leaf,ASCAB9-A,PCMDB
Os11g0244200,LOC_Os11g13980,"leaf mesophyll,leaf epidermis,mestome sheath,leaf procambium",Leaf,HSP21.9,PCMDB
Os11g0244800,LOC_Os11g14010,"leaf epidermis,leaf mesophyll",Leaf,Os11g0244800,PCMDB
Os11g0246200,LOC_Os11g14140,"leaf epidermis,leaf mesophyll,mestome sheath",Leaf,OsKMD4,PCMDB
Os11g0247000,LOC_Os11g14190,"leaf epidermis,leaf mesophyll,mestome sheath,leaf procambium",Leaf,Os11g0247000,PCMDB
Os11g0247300,LOC_Os11g14220,"leaf mesophyll,mestome sheath",Leaf,TID1,PCMDB
Os11g0250000,LOC_Os11g14430,leaf mesophyll,Leaf,RBS1,PCMDB
Os11g0251400,LOC_Os11g14544,"leaf epidermis,leaf mesophyll,mestome sheath,leaf procambium",Leaf,Os11g0251400,PCMDB
Os11g0262600,LOC_Os11g15624,leaf,Leaf,Os11g0262600,PCMDB
Os11g0264200,LOC_Os11g16280,mestome sheath,Leaf,OsFbox598,PCMDB
Os11g0264500,LOC_Os11g16310,"leaf mesophyll,mestome sheath,leaf procambium",Leaf,Os11g0264500,PCMDB
Os11g0264600,LOC_Os11g16320,leaf mesophyll,Leaf,Os11g0264600,PCMDB
Os11g0264700,LOC_Os11g16330,mestome sheath,Leaf,OsFbox599,PCMDB
Os11g0265400,LOC_Os11g16410,leaf procambium,Leaf,Os11g0265400,PCMDB
Os11g0267000,LOC_Os11g16550,leaf mesophyll,Leaf,GUN4,PCMDB
Os11g0269700,LOC_Os11g16924,"leaf epidermis,leaf mesophyll,mestome sheath,leaf procambium",Leaf,Os11g0269700,PCMDB
Os11g0272800,LOC_Os11g17290,"leaf mesophyll,leaf procambium",Leaf,Os11g0272800,PCMDB
Os11g0280600,LOC_Os11g17799,leaf mesophyll,Leaf,Os11g0280600,PCMDB
Os11g0284900,LOC_Os11g18170,"leaf epidermis,leaf mesophyll,leaf procambium",Leaf,OsGpx5,PCMDB
Os11g0294600,LOC_Os11g18947,"leaf epidermis,leaf mesophyll,mestome sheath,leaf procambium",Leaf,Os11g0294600,PCMDB
Os11g0296500,LOC_Os11g19100,"leaf epidermis,mestome sheath",Leaf,Os11g0296500,PCMDB
Os11g0296800,LOC_Os11g19130,leaf mesophyll,Leaf,Os11g0296800,PCMDB
Os11g0297000,LOC_Os11g19149,leaf mesophyll,Leaf,Os11g0297000,PCMDB
Os11g0298400,LOC_Os11g19250,"leaf mesophyll,mestome sheath",Leaf,Os11g0298400,PCMDB
Os11g0298800,LOC_Os11g19290,"leaf epidermis,leaf mesophyll,leaf procambium",Leaf,Os11g0298800,PCMDB
Os11g0300400,LOC_Os11g19460,leaf mesophyll,Leaf,Os11g0300400,PCMDB
Os11g0300501,LOC_Os11g19460,leaf mesophyll,Leaf,Os11g0300501,PCMDB
Os11g0307500,LOC_Os11g20170,mestome sheath,Leaf,Os11g0307500,PCMDB
Os11g0308600,LOC_Os11g20330,leaf epidermis,Leaf,Os11g0308600,PCMDB
Os11g0312220,LOC_Os11g20790,"leaf epidermis,leaf mesophyll",Leaf,ADK-B,PCMDB
Os11g0425300,LOC_Os11g23790,"leaf mesophyll,leaf procambium,Mesophyll precursor",Leaf,Os11g0425300,PCMDB
Os11g0427700,LOC_Os11g24060,"leaf epidermis,mestome sheath",Leaf,Os11g0427700,PCMDB
Os11g0427800,LOC_Os11g24070,"leaf epidermis,leaf mesophyll,mestome sheath,leaf procambium",Leaf,OsLTP1.14,PCMDB
Os11g0432400,LOC_Os11g24450,leaf mesophyll,Leaf,Os11g0432400,PCMDB
Os11g0433500,LOC_Os11g24560,"leaf epidermis,leaf mesophyll,leaf procambium",Leaf,Sec23c,PCMDB
Os11g0433900,LOC_Os11g24610,"leaf epidermis,leaf mesophyll",Leaf,OsRPL38,PCMDB
Os11g0435300,LOC_Os11g24780,"leaf mesophyll,leaf procambium",Leaf,Os11g0435300,PCMDB
Os11g0438600,LOC_Os11g25160,"leaf mesophyll,mestome sheath,leaf procambium",Leaf,Os11g0438600,PCMDB
Os11g0438700,LOC_Os11g25160,"leaf mesophyll,mestome sheath,leaf procambium",Leaf,Os11g0438700,PCMDB
Os11g0439600,LOC_Os11g25260,leaf mesophyll,Leaf,Os11g0439600,PCMDB
Os11g0441500,LOC_Os11g25454,leaf mesophyll,Leaf,Os11g0441500,PCMDB
Os11g0443700,LOC_Os11g25700,flag leaf,Leaf,Os11g0443700,PCMDB
Os11g0444700,LOC_Os11g25780,"leaf epidermis,leaf mesophyll,mestome sheath,leaf procambium",Leaf,OsPB1,PCMDB
Os11g0444900,LOC_Os11g25780,"leaf epidermis,leaf mesophyll,mestome sheath,leaf procambium,Mesophyll precursor",Leaf,Os11g0444900,PCMDB
Os11g0445300,LOC_Os11g25860,"leaf mesophyll,leaf procambium",Leaf,OsRLCK327,PCMDB
Os11g0448700,LOC_Os11g26190,"leaf epidermis,leaf mesophyll,mestome sheath,leaf procambium",Leaf,OsRALF-31,PCMDB
Os11g0454200,LOC_Os11g26780,"leaf epidermis,leaf mesophyll,mestome sheath,leaf procambium",Leaf,RAB16B,PCMDB
Os11g0454300,LOC_Os11g26790,"leaf epidermis,leaf mesophyll,mestome sheath,leaf procambium",Leaf,Rab16A,PCMDB
Os11g0455500,LOC_Os11g26850,leaf epidermis,Leaf,Os11g0455500,PCMDB
Os11g0455800,LOC_Os11g26860,mestome sheath,Leaf,OsSHM2,PCMDB
Os11g0456300,LOC_Os11g26910,"leaf epidermis,leaf mesophyll",Leaf,SKP1,PCMDB
Os11g0463700,LOC_Os11g27540,"leaf epidermis,leaf mesophyll,leaf procambium",Leaf,Os11g0463700,PCMDB
Os11g0466966,LOC_Os11g27799,"leaf epidermis,leaf mesophyll,mestome sheath",Leaf,Os11g0466966,PCMDB
Os11g0472500,LOC_Os11g28300,leaf mesophyll,Leaf,Os11g0472500,PCMDB
Os11g0473000,LOC_Os11g28340,"leaf epidermis,leaf mesophyll",Leaf,Os11g0473000,PCMDB
Os11g0474500,LOC_Os11g28470,"leaf mesophyll,mestome sheath,leaf procambium",Leaf,Os11g0474500,PCMDB
Os11g0474522,LOC_Os11g28480,"leaf epidermis,leaf mesophyll,mestome sheath,leaf procambium",Leaf,Os11g0474522,PCMDB
Os11g0474566,LOC_Os11g28480,"leaf epidermis,leaf mesophyll,mestome sheath,leaf procambium",Leaf,Os11g0474566,PCMDB
Os11g0475500,LOC_Os11g28600,"leaf epidermis,leaf mesophyll,leaf procambium",Leaf,Os11g0475500,PCMDB
Os11g0479300,LOC_Os11g28990,"leaf mesophyll,leaf procambium",Leaf,Os11g0479300,PCMDB
Os11g0481500,LOC_Os11g29140,"leaf epidermis,leaf mesophyll,mestome sheath,leaf procambium",Leaf,Os11g0481500,PCMDB
Os11g0482000,LOC_Os11g29190,leaf mesophyll,Leaf,RPS5A,PCMDB
Os11g0482500,LOC_Os11g29240,"leaf epidermis,leaf mesophyll",Leaf,Os11g0482500,PCMDB
Os11g0483000,LOC_Os11g29290,"leaf epidermis,leaf mesophyll,mestome sheath,leaf procambium",Leaf,Os11g0483000,PCMDB
Os11g0483600,LOC_Os11g29340,leaf epidermis,Leaf,Os11g0483600,PCMDB
Os11g0484500,LOC_Os11g29400,leaf mesophyll,Leaf,Os6PGDH2,PCMDB
Os11g0485500,LOC_Os11g29500,"leaf epidermis,leaf mesophyll,mestome sheath,leaf procambium",Leaf,Os11g0485500,PCMDB
Os11g0488600,LOC_Os11g29700,"leaf epidermis,leaf mesophyll,leaf procambium",Leaf,Os11g0488600,PCMDB
Os11g0490600,LOC_Os11g29840,leaf mesophyll,Leaf,LA1,PCMDB
Os11g0490900,LOC_Os11g29870,"leaf epidermis,leaf mesophyll,mestome sheath,leaf procambium",Leaf,OsWRKY72,PCMDB
Os11g0495400,LOC_Os11g30290,leaf epidermis,Leaf,Os11g0495400,PCMDB
Os11g0496500,LOC_Os11g30360,"leaf epidermis,leaf mesophyll,mestome sheath,leaf procambium",Leaf,Os11g0496500,PCMDB
Os11g0497350,LOC_Os11g30430,"leaf epidermis,leaf mesophyll,mestome sheath,leaf procambium",Leaf,Os11g0497350,PCMDB
Os11g0498400,LOC_Os11g30484,leaf mesophyll,Leaf,Os11g0498400,PCMDB
Os11g0499600,LOC_Os11g30560,"leaf epidermis,mestome sheath",Leaf,OsHSD1,PCMDB
Os11g0502700,LOC_Os11g30760,"leaf mesophyll,mestome sheath,leaf procambium",Leaf,Os11g0502700,PCMDB
Os11g0506800,LOC_Os11g31060,"leaf mesophyll,mestome sheath,leaf procambium",Leaf,OsBAG5,PCMDB
Os11g0507200,LOC_Os11g31090,mestome sheath,Leaf,Os11g0507200,PCMDB
Os11g0514400,LOC_Os11g31530,flag leaf,Leaf,OsBDG1,PCMDB
Os11g0514500,LOC_Os11g31540,leaf procambium,Leaf,Os11g0514500,PCMDB
Os11g0516100,LOC_Os11g31650,"leaf epidermis,leaf mesophyll,mestome sheath,leaf procambium",Leaf,Os11g0516100,PCMDB
Os11g0520500,LOC_Os11g31950,leaf procambium,Leaf,Os11g0520500,PCMDB
Os11g0520900,LOC_Os11g31950,leaf procambium,Leaf,Os11g0520900,PCMDB
Os11g0521000,LOC_Os11g31940,mestome sheath,Leaf,OsGELP111,PCMDB
Os11g0521500,LOC_Os11g31900,"leaf epidermis,leaf mesophyll,mestome sheath,leaf procambium,Mesophyll precursor",Leaf,Os11g0521500,PCMDB
Os11g0521900,LOC_Os11g31890,"leaf mesophyll,mestome sheath,leaf procambium",Leaf,Os11g0521900,PCMDB
Os11g0525200,LOC_Os11g32240,"leaf mesophyll,Mesophyll precursor",Leaf,OsCYP51G1,PCMDB
Os11g0525600,LOC_Os11g32260,leaf mesophyll,Leaf,Os11g0525600,PCMDB
Os11g0525800,LOC_Os11g32280,leaf epidermis,Leaf,Os11g0525800,PCMDB
Os11g0526200,LOC_Os11g32320,leaf mesophyll,Leaf,Os11g0526200,PCMDB
Os11g0527000,LOC_Os11g32380,leaf mesophyll,Leaf,Os11g0527000,PCMDB
Os11g0528300,LOC_Os11g32480,leaf epidermis,Leaf,Os11g0528300,PCMDB
Os11g0528500,LOC_Os11g32500,"leaf mesophyll,mestome sheath,leaf procambium",Leaf,Os11g0528500,PCMDB
Os11g0530600,LOC_Os11g32650,leaf procambium,Leaf,CHS*,PCMDB
Os11g0532200,LOC_Os11g32780,leaf mesophyll,Leaf,Os11g0532200,PCMDB
Os11g0535600,LOC_Os11g33030,"leaf mesophyll,mestome sheath",Leaf,Os11g0535600,PCMDB
Os11g0537400,LOC_Os11g33120,"leaf epidermis,leaf mesophyll,mestome sheath",Leaf,OsrbohI,PCMDB
Os11g0540600,LOC_Os11g33394,vascular leaf,Leaf,Os11g0540600,PCMDB
Os11g0542100,LOC_Os11g34020,"leaf procambium,Leaf preprocambium",Leaf,Os11g0542100,PCMDB
Os11g0543100,LOC_Os11g34080,leaf procambium,Leaf,Os11g0543100,PCMDB
Os11g0543500,LOC_Os11g34110,vascular leaf,Leaf,Os11g0543500,PCMDB
Os11g0544100,LOC_Os11g34140,leaf mesophyll,Leaf,Os11g0544100,PCMDB
Os11g0544500,LOC_Os11g34180,leaf mesophyll,Leaf,Os11g0544500,PCMDB
Os11g0545000,LOC_Os11g34230,"leaf epidermis,leaf mesophyll",Leaf,Os11g0545000,PCMDB
Os11g0545300,LOC_Os11g34270,"leaf epidermis,leaf mesophyll,mestome sheath,leaf procambium",Leaf,OsSPO11-5,PCMDB
Os11g0545600,LOC_Os11g34300,leaf epidermis,Leaf,MRG702,PCMDB
Os11g0546000,LOC_Os11g34350,leaf mesophyll,Leaf,OsABCE2,PCMDB
Os11g0546100,LOC_Os11g34360,mestome sheath,Leaf,OsGPCR,PCMDB
Os11g0546600,LOC_Os11g34440,mestome sheath,Leaf,Os11g0546600,PCMDB
Os11g0546900,LOC_Os11g34450,"leaf epidermis,leaf mesophyll,leaf procambium",Leaf,GF14D,PCMDB
Os11g0547000,LOC_Os11g34460,"leaf epidermis,leaf mesophyll",Leaf,FKF1,PCMDB
Os11g0549620,LOC_Os11g34720,leaf epidermis,Leaf,OsPAP7,PCMDB
Os11g0549700,LOC_Os11g34860,"leaf mesophyll,leaf procambium",Leaf,Os11g0549700,PCMDB
Os11g0550800,LOC_Os11g34940,"leaf epidermis,leaf mesophyll,mestome sheath,leaf procambium,Mesophyll precursor",Leaf,Os11g0550800,PCMDB
Os11g0551800,LOC_Os11g35020,"leaf epidermis,leaf mesophyll,mestome sheath,leaf procambium",Leaf,Os11g0551800,PCMDB
Os11g0552000,LOC_Os11g35040,"leaf mesophyll,leaf procambium",Leaf,OsNAAT5,PCMDB
Os11g0552500,LOC_Os11g35080,leaf mesophyll,Leaf,Os11g0552500,PCMDB
Os11g0552600,LOC_Os11g35090,leaf mesophyll,Leaf,Os11g0552600,PCMDB
Os11g0557500,LOC_Os11g35330,leaf mesophyll,Leaf,OsLysM-RLK7,PCMDB
Os11g0557800,LOC_Os11g35350,mestome sheath,Leaf,Os11g0557800,PCMDB
Os11g0558500,LOC_Os11g35420,"leaf epidermis,leaf mesophyll,mestome sheath,leaf procambium",Leaf,Os11g0558500,PCMDB
Os11g0565400,LOC_Os11g35870,mestome sheath,Leaf,Os11g0565400,PCMDB
Os11g0568500,LOC_Os11g36050,leaf epidermis,Leaf,Os11g0568500,PCMDB
Os11g0569800,LOC_Os11g36190,"leaf mesophyll,mestome sheath,leaf procambium",Leaf,Os11g0569800,PCMDB
Os11g0570000,LOC_Os11g36200,"leaf mesophyll,mestome sheath",Leaf,Os11g0570000,PCMDB
Os11g0571900,LOC_Os11g36340,"leaf epidermis,leaf mesophyll,mestome sheath,leaf procambium",Leaf,Os11g0571900,PCMDB
Os11g0572700,LOC_Os11g36440,mestome sheath,Leaf,OsCRTISO,PCMDB
Os11g0573000,LOC_Os11g36470,"leaf epidermis,leaf mesophyll,leaf procambium",Leaf,Os11g0573000,PCMDB
Os11g0575900,LOC_Os11g36740,mestome sheath,Leaf,OsSTA263,PCMDB
Os11g0579200,LOC_Os11g37050,"leaf mesophyll,leaf procambium",Leaf,Os11g0579200,PCMDB
Os11g0579400,LOC_Os11g37050,"leaf mesophyll,leaf procambium",Leaf,Os11g0579400,PCMDB
Os11g0579800,LOC_Os11g37080,"leaf epidermis,leaf mesophyll",Leaf,Os11g0579800,PCMDB
Os11g0580000,LOC_Os11g37100,leaf procambium,Leaf,Os11g0580000,PCMDB
Os11g0580800,LOC_Os11g37130,leaf mesophyll,Leaf,TATB,PCMDB
Os11g0582100,LOC_Os11g37230,mestome sheath,Leaf,Os11g0582100,PCMDB
Os11g0585900,LOC_Os11g37520,leaf mesophyll,Leaf,OsETOL3,PCMDB
Os11g0586900,LOC_Os11g37640,"leaf epidermis,leaf mesophyll,mestome sheath",Leaf,OsARFC1,PCMDB
Os11g0587500,LOC_Os11g37690,leaf mesophyll,Leaf,Os11g0587500,PCMDB
Os11g0588300,LOC_Os11g37730,"leaf epidermis,leaf mesophyll,leaf procambium",Leaf,OsGSTT1,PCMDB
Os11g0591100,LOC_Os11g37890,"leaf epidermis,leaf mesophyll",Leaf,OsGME2,PCMDB
Os11g0591200,LOC_Os11g37900,"leaf epidermis,mestome sheath",Leaf,Os11g0591200,PCMDB
Os11g0592000,LOC_Os11g37950,"leaf mesophyll,mestome sheath,leaf procambium",Leaf,OsPR4c,PCMDB
Os11g0592100,LOC_Os11g37960,"leaf mesophyll,leaf procambium",Leaf,OsPR4b,PCMDB
Os11g0592200,LOC_Os11g37970,"leaf mesophyll,leaf procambium",Leaf,OsPR4,PCMDB
Os11g0592600,LOC_Os11g38010,"leaf mesophyll,mestome sheath",Leaf,Os11g0592600,PCMDB
Os11g0592900,LOC_Os11g38040,"leaf epidermis,leaf mesophyll",Leaf,Os11g0592900,PCMDB
Os11g0594000,LOC_Os11g38160,"leaf mesophyll,leaf procambium",Leaf,Os11g0594000,PCMDB
Os11g0596200,LOC_Os11g38330,"leaf mesophyll,mestome sheath",Leaf,Os11g0596200,PCMDB
Os11g0596250,LOC_Os11g38330,"leaf mesophyll,mestome sheath",Leaf,Os11g0596250,PCMDB
Os11g0598300,LOC_Os11g38520,"leaf epidermis,leaf mesophyll,mestome sheath,leaf procambium",Leaf,Os11g0598300,PCMDB
Os11g0599200,LOC_Os11g38650,"leaf epidermis,leaf mesophyll",Leaf,Os11g0599200,PCMDB
Os11g0600600,LOC_Os11g38790,mestome sheath,Leaf,Os11g0600600,PCMDB
Os11g0600700,LOC_Os11g38800,"leaf mesophyll,leaf procambium",Leaf,Os11g0600700,PCMDB
Os11g0601650,LOC_Os11g38870,"leaf epidermis,leaf mesophyll",Leaf,OsbHLH061,PCMDB
Os11g0601700,LOC_Os11g38870,"leaf epidermis,leaf mesophyll",Leaf,OsbHLH061,PCMDB
Os11g0602300,LOC_Os11g38920,leaf epidermis,Leaf,BIP124,PCMDB
Os11g0602600,LOC_Os11g38959,"leaf epidermis,leaf mesophyll,leaf procambium",Leaf,Os11g0602600,PCMDB
Os11g0602900,LOC_Os11g38990,"leaf epidermis,leaf mesophyll,leaf procambium",Leaf,OsCYP23,PCMDB
Os11g0604600,LOC_Os11g39130,"leaf epidermis,leaf procambium",Leaf,Os11g0604600,PCMDB
Os11g0605500,LOC_Os11g39220,"leaf epidermis,leaf mesophyll,mestome sheath,leaf procambium",Leaf,ACX2,PCMDB
Os11g0605800,LOC_Os11g39254,"leaf epidermis,leaf mesophyll,leaf procambium",Leaf,Os11g0605800,PCMDB
Os11g0614900,LOC_Os11g40070,"leaf epidermis,leaf mesophyll,mestome sheath,leaf procambium",Leaf,Os11g0614900,PCMDB
Os11g0615200,LOC_Os11g40100,leaf epidermis,Leaf,OsGIF1,PCMDB
Os11g0615700,LOC_Os11g40140,"leaf epidermis,leaf mesophyll,mestome sheath,leaf procambium",Leaf,OsPAE1,PCMDB
Os11g0618700,LOC_Os11g40410,"leaf mesophyll,mestome sheath,leaf procambium",Leaf,Os11g0618700,PCMDB
Os11g0620100,LOC_Os11g40510,"leaf epidermis,leaf mesophyll,leaf procambium",Leaf,Os11g0620100,PCMDB
Os11g0621000,LOC_Os11g40570,leaf mesophyll,Leaf,Os11g0621000,PCMDB
Os11g0621400,LOC_Os11g40600,leaf mesophyll,Leaf,Os11g0621400,PCMDB
Os11g0626700,LOC_Os11g41034,vascular leaf,Leaf,Os11g0626700,PCMDB
Os11g0629200,LOC_Os11g41130,"leaf epidermis,leaf mesophyll",Leaf,Os11g0629200,PCMDB
Os11g0629300,LOC_Os11g41140,"leaf epidermis,leaf mesophyll,mestome sheath,leaf procambium",Leaf,OsRFPH2-16,PCMDB
Os11g0629400,LOC_Os11g41150,"leaf epidermis,leaf mesophyll,mestome sheath,leaf procambium,Xylem",Leaf,Os11g0629400,PCMDB
Os11g0634200,LOC_Os11g41600,"mestome sheath,leaf procambium",Leaf,Os11g0634200,PCMDB
Os11g0635500,LOC_Os11g41710,vascular leaf,Leaf,Os11g0635500,PCMDB
Os11g0636900,LOC_Os11g41820,"leaf mesophyll,mestome sheath",Leaf,U2AF65A,PCMDB
Os11g0637501,LOC_Os11g41875,"leaf epidermis,leaf mesophyll,mestome sheath",Leaf,Os11g0637501,PCMDB
Os11g0637800,LOC_Os11g41900,"leaf epidermis,leaf mesophyll",Leaf,Os11g0637800,PCMDB
Os11g0638900,LOC_Os11g41990,leaf epidermis,Leaf,Os11g0638900,PCMDB
Os11g0642400,LOC_Os11g42290,"leaf mesophyll,leaf procambium,Phloem",Leaf,Os-TBT1,PCMDB
Os11g0642800,LOC_Os11g42350,mestome sheath,Leaf,Os11g0642800,PCMDB
Os11g0644700,LOC_Os11g42500,"leaf epidermis,leaf mesophyll,mestome sheath,leaf procambium",Leaf,Os11g0644700,PCMDB
Os11g0645400,LOC_Os11g42550,"leaf epidermis,leaf mesophyll,mestome sheath,leaf procambium",Leaf,Os11g0645400,PCMDB
Os11g0648000,LOC_Os11g42790,"leaf epidermis,leaf mesophyll",Leaf,OsNHX2,PCMDB
Os11g0649600,LOC_Os11g42960,leaf epidermis,Leaf,Os11g0649600,PCMDB
Os11g0649900,LOC_Os11g42989,"leaf epidermis,leaf mesophyll,mestome sheath,leaf procambium",Leaf,OsEXO70H1a,PCMDB
Os11g0654100,LOC_Os11g43320,"leaf epidermis,leaf mesophyll,mestome sheath,leaf procambium",Leaf,Os11g0654100,PCMDB
Os11g0655800,LOC_Os11g43510,leaf mesophyll,Leaf,Os11g0655800,PCMDB
Os11g0657300,LOC_Os11g43620,"leaf epidermis,leaf mesophyll,leaf procambium",Leaf,Os11g0657300,PCMDB
Os11g0660500,LOC_Os11g43900,"leaf epidermis,leaf mesophyll",Leaf,OsTCTP,PCMDB
Os11g0661400,LOC_Os11g43970,"leaf mesophyll,leaf procambium",Leaf,Os11g0661400,PCMDB
Os11g0661800,LOC_Os11g43990,leaf procambium,Leaf,Os11g0661800,PCMDB
Os11g0664500,LOC_Os11g44310,"leaf epidermis,leaf mesophyll,mestome sheath,leaf procambium",Leaf,Os11g0664500,PCMDB
Os11g0665950,LOC_Os11g44415,mestome sheath,Leaf,Os11g0665950,PCMDB
Os11g0668600,LOC_Os11g44630,mestome sheath,Leaf,Os11g0668600,PCMDB
Os11g0668650,LOC_Os11g44630,mestome sheath,Leaf,Os11g0668650,PCMDB
Os11g0671000,LOC_Os11g44810,"leaf epidermis,leaf procambium",Leaf,ARP1,PCMDB
Os11g0672300,LOC_Os11g44870,"leaf mesophyll,leaf procambium",Leaf,Os11g0672300,PCMDB
Os11g0673100,LOC_Os11g44940,"leaf epidermis,leaf mesophyll,mestome sheath,leaf procambium",Leaf,Os11g0673100,PCMDB
Os11g0673200,LOC_Os11g44950,"leaf mesophyll,mestome sheath,leaf procambium",Leaf,Os11g0673200,PCMDB
Os11g0678000,LOC_Os11g45280,leaf mesophyll,Leaf,Os11g0678000,PCMDB
Os11g0686100,LOC_Os11g45890,"leaf mesophyll,mestome sheath",Leaf,Os11g0686100,PCMDB
Os11g0687100,LOC_Os11g45990,leaf epidermis,Leaf,Os11g0687100,PCMDB
Os11g0689800,LOC_Os11g46300,"leaf mesophyll,leaf procambium",Leaf,Os11g0689800,PCMDB
Os11g0691800,LOC_Os11g46960,"leaf mesophyll,mestome sheath,leaf procambium",Leaf,OsRLCK354,PCMDB
Os11g0700900,LOC_Os11g47500,leaf mesophyll,Leaf,C10923,PCMDB
Os11g0701000,LOC_Os11g47510,"leaf epidermis,leaf mesophyll,mestome sheath,leaf procambium",Leaf,Os11g0701000,PCMDB
Os11g0701100,LOC_Os11g47520,"leaf epidermis,leaf mesophyll,mestome sheath,leaf procambium",Leaf,riceXIP,PCMDB
Os11g0701200,LOC_Os11g47530,"leaf mesophyll,mestome sheath",Leaf,C00481,PCMDB
Os11g0701400,LOC_Os11g47550,leaf mesophyll,Leaf,C10150,PCMDB
Os11g0701500,LOC_Os11g47560,"leaf epidermis,leaf mesophyll,mestome sheath,leaf procambium,Leaf preprocambium",Leaf,Os11g0701500,PCMDB
Os11g0701600,LOC_Os11g47570,"leaf epidermis,leaf mesophyll,mestome sheath,leaf procambium",Leaf,Os11g0701600,PCMDB
Os11g0701700,LOC_Os11g47574,leaf mesophyll,Leaf,Os11g0701700,PCMDB
Os11g0701800,LOC_Os11g47580,"leaf epidermis,leaf mesophyll,mestome sheath,leaf procambium",Leaf,C10701,PCMDB
Os11g0701900,LOC_Os11g47590,"leaf epidermis,leaf mesophyll,leaf procambium",Leaf,Os11g0701900,PCMDB
Os11g0702100,LOC_Os11g47600,"leaf mesophyll,leaf procambium",Leaf,Os11g0702100,PCMDB
Os11g0702200,LOC_Os11g47610,"leaf epidermis,leaf mesophyll,mestome sheath,leaf procambium",Leaf,Os11g0702200,PCMDB
Os11g0703400,LOC_Os11g47710,leaf mesophyll,Leaf,BIP109,PCMDB
Os11g0703900,LOC_Os11g47760,"leaf epidermis,leaf mesophyll,mestome sheath,leaf procambium",Leaf,HSP70,PCMDB
Os11g0704500,LOC_Os11g47809,"leaf epidermis,leaf mesophyll,mestome sheath,leaf procambium",Leaf,MT1A,PCMDB
Os11g0704600,LOC_Os11g47820,"leaf epidermis,leaf mesophyll,mestome sheath",Leaf,Os11g0704600,PCMDB
Os11g0704800,LOC_Os11g47840,"mestome sheath,Leaf preprocambium",Leaf,OsRhmbd18,PCMDB
Os11g0705200,LOC_Os11g47870,leaf procambium,Leaf,Os11g0705200,PCMDB
Os11g0707600,LOC_Os11g48020,leaf mesophyll,Leaf,OsGL1-11,PCMDB
Os11g0707700,LOC_Os11g48030,leaf epidermis,Leaf,Os11g0707700,PCMDB
Os11g0707800,LOC_Os11g48040,"leaf epidermis,leaf mesophyll,mestome sheath,leaf procambium",Leaf,OsUCP2,PCMDB
Os11g0708400,LOC_Os11g48070,leaf epidermis,Leaf,OsGELP112,PCMDB
Os11g0708900,LOC_Os11g48110,leaf sheath,Leaf,Os11g0708900,PCMDB
Os12g0103300,LOC_Os12g01260,leaf mesophyll,Leaf,Os12g0103300,PCMDB
Os12g0104400,LOC_Os12g01370,leaf epidermis,Leaf,Os12g0104400,PCMDB
Os12g0104766,LOC_Os12g01390,leaf mesophyll,Leaf,Os12g0104766,PCMDB
Os12g0104800,LOC_Os12g01390,leaf mesophyll,Leaf,Os12g0104800,PCMDB
Os12g0104900,LOC_Os12g01400,leaf mesophyll,Leaf,OsCML26,PCMDB
Os12g0106000,LOC_Os12g01530,"leaf epidermis,leaf mesophyll,mestome sheath",Leaf,FER2,PCMDB
Os12g0106300,LOC_Os12g01560,mestome sheath,Leaf,OsTBL1,PCMDB
Os12g0107500,LOC_Os12g01680,leaf mesophyll,Leaf,Os12g0107500,PCMDB
Os12g0108100,LOC_Os12g01740,"leaf mesophyll,leaf procambium",Leaf,Os12g0108100,PCMDB
Os12g0108500,LOC_Os12g01760,mestome sheath,Leaf,OsFbox636,PCMDB
Os12g0110100,LOC_Os12g01930,leaf procambium,Leaf,Os12g0110100,PCMDB
Os12g0110300,LOC_Os12g01940,leaf epidermis,Leaf,Os12g0110300,PCMDB
Os12g0111600,LOC_Os12g02040,"leaf epidermis,leaf mesophyll,mestome sheath,leaf procambium",Leaf,OsHIGD5,PCMDB
Os12g0112000,LOC_Os12g02080,"leaf epidermis,leaf mesophyll,leaf procambium",Leaf,Pox,PCMDB
Os12g0112200,LOC_Os12g02094,"leaf epidermis,leaf mesophyll",Leaf,Os12g0112200,PCMDB
Os12g0113500,LOC_Os12g02200,"leaf epidermis,leaf mesophyll,mestome sheath,leaf procambium",Leaf,CIPK14,PCMDB
Os12g0114000,LOC_Os12g02240,"leaf mesophyll,leaf procambium",Leaf,Os12g0114000,PCMDB
Os12g0114100,LOC_Os12g02250,"leaf epidermis,leaf mesophyll,mestome sheath,leaf procambium",Leaf,OsWNK8,PCMDB
Os12g0114200,LOC_Os12g02260,mestome sheath,Leaf,OsNTP12,PCMDB
Os12g0114800,LOC_Os12g02300,"leaf epidermis,leaf mesophyll,mestome sheath,leaf procambium",Leaf,OsLTP1.16,PCMDB
Os12g0115000,LOC_Os12g02310,"leaf epidermis,leaf mesophyll,mestome sheath,leaf procambium",Leaf,OsLTP1.17,PCMDB
Os12g0115050,LOC_Os12g02310,"leaf epidermis,leaf mesophyll,mestome sheath,leaf procambium",Leaf,OsLTP1.17,PCMDB
Os12g0115500,LOC_Os12g02340,leaf epidermis,Leaf,OsLTP1.20,PCMDB
Os12g0115700,LOC_Os12g02370,"leaf epidermis,leaf mesophyll,mestome sheath,leaf procambium,Xylem",Leaf,Os12g0115700,PCMDB
Os12g0116400,LOC_Os12g02420,leaf epidermis,Leaf,OsWRKY97,PCMDB
Os12g0117300,LOC_Os12g02520,leaf mesophyll,Leaf,Os12g0117300,PCMDB
Os12g0118200,LOC_Os12g02570,"leaf mesophyll,mestome sheath",Leaf,Os12g0118200,PCMDB
Os12g0118400,LOC_Os12g02589,mestome sheath,Leaf,Os12g0118400,PCMDB
Os12g0118800,LOC_Os12g02660,mestome sheath,Leaf,Os12g0118800,PCMDB
Os12g0120200,LOC_Os12g02730,leaf mesophyll,Leaf,Os12g0120200,PCMDB
Os12g0120400,LOC_Os12g02750,mestome sheath,Leaf,Os12g0120400,PCMDB
Os12g0120500,LOC_Os12g02760,mestome sheath,Leaf,Os12g0120500,PCMDB
Os12g0122000,LOC_Os12g02870,leaf stomatal pore,Leaf,OsSCR2,PCMDB
Os12g0123700,LOC_Os12g03040,"leaf epidermis,Leaf preprocambium",Leaf,NAC131,PCMDB
Os12g0123900,LOC_Os12g03060,"leaf epidermis,leaf mesophyll,mestome sheath,leaf procambium",Leaf,Os12g0123900,PCMDB
Os12g0124200,LOC_Os12g03090,"leaf epidermis,leaf mesophyll",Leaf,RPS16B,PCMDB
Os12g0127800,LOC_Os12g03420,"leaf mesophyll,leaf procambium",Leaf,OsVQ39,PCMDB
Os12g0128700,LOC_Os12g03470,leaf epidermis,Leaf,Os12g0128700,PCMDB
Os12g0129000,LOC_Os12g03500,"leaf epidermis,leaf mesophyll",Leaf,Os12g0129000,PCMDB
Os12g0131200,LOC_Os12g03730,"leaf epidermis,leaf mesophyll,mestome sheath,leaf procambium",Leaf,Os12g0131200,PCMDB
Os12g0131300,LOC_Os12g03730,"leaf epidermis,leaf mesophyll,mestome sheath,leaf procambium",Leaf,Os12g0131300,PCMDB
Os12g0131400,LOC_Os12g03740,"leaf epidermis,leaf mesophyll,mestome sheath,leaf procambium",Leaf,OsFbox640,PCMDB
Os12g0132000,LOC_Os12g03800,leaf procambium,Leaf,Os12g0132000,PCMDB
Os12g0132200,LOC_Os12g03810,"leaf mesophyll,mestome sheath,leaf procambium",Leaf,OsCIPK32,PCMDB
Os12g0133400,LOC_Os12g03960,"leaf mesophyll,leaf procambium",Leaf,Os12g0133400,PCMDB
Os12g0134000,LOC_Os12g04020,"leaf epidermis,leaf mesophyll,mestome sheath",Leaf,Os12g0134000,PCMDB
Os12g0135800,LOC_Os12g04150,"mestome sheath,leaf procambium",Leaf,Os12g0135800,PCMDB
Os12g0135850,LOC_Os12g04150,"mestome sheath,leaf procambium",Leaf,Os12g0135850,PCMDB
Os12g0135900,LOC_Os12g04160,leaf mesophyll,Leaf,Os12g0135900,PCMDB
Os12g0136500,LOC_Os12g04204,leaf mesophyll,Leaf,Os12g0136500,PCMDB
Os12g0137100,LOC_Os12g04240,leaf mesophyll,Leaf,OsCBP,PCMDB
Os12g0137200,LOC_Os12g04260,"leaf mesophyll,leaf procambium",Leaf,Os12g0137200,PCMDB
Os12g0137300,LOC_Os12g04270,leaf procambium,Leaf,Os12g0137300,PCMDB
Os12g0137500,LOC_Os12g04290,"leaf mesophyll,leaf procambium",Leaf,TAP46,PCMDB
Os12g0138050,LOC_Os12g04360,"leaf mesophyll,leaf procambium,Phloem",Leaf,Os12g0138050,PCMDB
Os12g0138900,LOC_Os12g04440,"leaf epidermis,leaf mesophyll,mestome sheath,leaf procambium",Leaf,OsIPMS2,PCMDB
Os12g0143300,LOC_Os12g04934,"leaf epidermis,leaf mesophyll,mestome sheath,leaf procambium",Leaf,Os12g0143300,PCMDB
Os12g0144000,LOC_Os12g05000,"leaf mesophyll,mestome sheath",Leaf,Os12g0144000,PCMDB
Os12g0144600,LOC_Os12g05040,"leaf mesophyll,leaf epidermis,Mesophyll precursor",Leaf,Os12g0144600,PCMDB
Os12g0145100,LOC_Os12g05050,"leaf epidermis,leaf mesophyll,mestome sheath,leaf procambium",Leaf,Os12g0145100,PCMDB
Os12g0145700,LOC_Os12g05110,"mestome sheath,leaf procambium",Leaf,Os12g0145700,PCMDB
Os12g0147500,LOC_Os12g05230,mestome sheath,Leaf,Os12g0147500,PCMDB
Os12g0147800,LOC_Os12g05260,"leaf mesophyll,leaf procambium",Leaf,OsPSK3,PCMDB
Os12g0149900,LOC_Os12g05420,"leaf mesophyll,leaf procambium",Leaf,Os12g0149900,PCMDB
Os12g0150100,LOC_Os12g05430,"leaf epidermis,leaf mesophyll",Leaf,Os12g0150100,PCMDB
Os12g0150200,LOC_Os12g05440,"leaf epidermis,leaf mesophyll,mestome sheath,leaf procambium",Leaf,OsCYP450,PCMDB
Os12g0152700,LOC_Os12g05650,"leaf mesophyll,leaf procambium",Leaf,Os12g0152700,PCMDB
Os12g0153900,LOC_Os12g05770,leaf mesophyll,Leaf,Os12g0153900,PCMDB
Os12g0154600,LOC_Os12g05830,leaf mesophyll,Leaf,Os12g0154600,PCMDB
Os12g0156500,LOC_Os12g06030,leaf epidermis,Leaf,OsFbox644,PCMDB
Os12g0157200,LOC_Os12g06100,leaf mesophyll,Leaf,Os12g0157200,PCMDB
Os12g0158600,LOC_Os12g06180,leaf procambium,Leaf,Os12g0158600,PCMDB
Os12g0159000,LOC_Os12g06220,"leaf epidermis,mestome sheath",Leaf,Os12g0159000,PCMDB
Os12g0159600,LOC_Os12g06260,mestome sheath,Leaf,Os12g0159600,PCMDB
Os12g0160900,LOC_Os12g06380,leaf mesophyll,Leaf,Os12g0160900,PCMDB
Os12g0161100,LOC_Os12g06410,"leaf epidermis,mestome sheath,leaf procambium",Leaf,OsPUB37,PCMDB
Os12g0161500,LOC_Os12g06440,mestome sheath,Leaf,Os12g0161500,PCMDB
Os12g0162100,LOC_Os12g06490,"leaf mesophyll,mestome sheath",Leaf,OsWNK9,PCMDB
Os12g0162400,LOC_Os12g06510,"leaf epidermis,leaf mesophyll,mestome sheath,leaf procambium",Leaf,OsCBL6,PCMDB
Os12g0163300,LOC_Os12g06620,mestome sheath,Leaf,Os12g0163300,PCMDB
Os12g0163800,LOC_Os12g06670,mestome sheath,Leaf,OsACTPK6,PCMDB
Os12g0164600,LOC_Os12g06780,"leaf epidermis,leaf mesophyll,leaf procambium",Leaf,OsSTA274,PCMDB
Os12g0165900,LOC_Os12g06870,"leaf mesophyll,leaf procambium",Leaf,OsNucAP2,PCMDB
Os12g0167900,LOC_Os12g07010,leaf mesophyll,Leaf,RPL3A,PCMDB
Os12g0168000,LOC_Os12g07020,leaf mesophyll,Leaf,Os12g0168000,PCMDB
Os12g0168100,LOC_Os12g07030,"leaf mesophyll,leaf procambium",Leaf,DERF8,PCMDB
Os12g0168200,LOC_Os12g07050,"leaf epidermis,leaf mesophyll,leaf procambium",Leaf,Os12g0168200,PCMDB
Os12g0168700,LOC_Os12g07110,leaf mesophyll,Leaf,LACS1,PCMDB
Os12g0169000,LOC_Os12g07150,leaf epidermis,Leaf,Os12g0169000,PCMDB
Os12g0169400,LOC_Os12g07190,mestome sheath,Leaf,OsCBSCBSPB4,PCMDB
Os12g0169600,LOC_Os12g07210,vascular leaf,Leaf,Os12g0169600,PCMDB
Os12g0169700,LOC_Os12g07220,"leaf epidermis,leaf mesophyll,mestome sheath,leaf procambium",Leaf,Os12g0169700,PCMDB
Os12g0170800,LOC_Os12g07310,"leaf mesophyll,leaf procambium",Leaf,Os12g0170800,PCMDB
Os12g0173366,LOC_Os12g07490,leaf mesophyll,Leaf,Os12g0173366,PCMDB
Os12g0174200,LOC_Os12g07550,"leaf epidermis,leaf mesophyll,mestome sheath,leaf procambium",Leaf,Os12g0174200,PCMDB
Os12g0174700,LOC_Os12g07580,"leaf epidermis,leaf mesophyll,mestome sheath",Leaf,Os12g0174700,PCMDB
Os12g0175500,LOC_Os12g07650,"leaf epidermis,leaf mesophyll,leaf procambium",Leaf,OsGRX27,PCMDB
Os12g0175700,LOC_Os12g07670,"leaf epidermis,leaf mesophyll",Leaf,Os12g0175700,PCMDB
Os12g0176300,LOC_Os12g07710,"leaf epidermis,leaf mesophyll,mestome sheath",Leaf,Os12g0176300,PCMDB
Os12g0176800,LOC_Os12g07740,leaf mesophyll,Leaf,Os12g0176800,PCMDB
Os12g0177500,LOC_Os12g07780,mestome sheath,Leaf,OsAsp3,PCMDB
Os12g0177900,LOC_Os12g07810,leaf mesophyll,Leaf,OsALDH3H1,PCMDB
Os12g0178000,LOC_Os12g07810,leaf mesophyll,Leaf,Os12g0178000,PCMDB
Os12g0178100,LOC_Os12g07820,leaf epidermis,Leaf,OsAPx6,PCMDB
Os12g0179800,LOC_Os12g07950,leaf mesophyll,Leaf,Sir2,PCMDB
Os12g0181500,LOC_Os12g08090,leaf mesophyll,Leaf,OsAAP11A,PCMDB
Os12g0181600,LOC_Os12g08130,"leaf mesophyll,mestome sheath",Leaf,OsAAP11B,PCMDB
Os12g0182600,LOC_Os12g08210,leaf mesophyll,Leaf,Os12g0182600,PCMDB
Os12g0182800,LOC_Os12g08230,"leaf epidermis,mestome sheath",Leaf,Os12g0182800,PCMDB
Os12g0183100,LOC_Os12g08260,"leaf epidermis,leaf mesophyll,mestome sheath,leaf procambium",Leaf,Os12g0183100,PCMDB
Os12g0183250,LOC_Os12g08260,"leaf epidermis,leaf mesophyll,mestome sheath,leaf procambium",Leaf,Os12g0183250,PCMDB
Os12g0183300,LOC_Os12g08280,"leaf epidermis,leaf mesophyll,leaf procambium,Mesophyll precursor",Leaf,RHL,PCMDB
Os12g0185900,LOC_Os12g08550,"leaf epidermis,mestome sheath",Leaf,Os12g0185900,PCMDB
Os12g0186600,LOC_Os12g08564,"leaf epidermis,leaf mesophyll,mestome sheath,leaf procambium",Leaf,Os12g0186600,PCMDB
Os12g0188700,LOC_Os12g08730,"leaf epidermis,leaf mesophyll,mestome sheath,leaf procambium,Mesophyll precursor",Leaf,OsTRX,PCMDB
Os12g0189300,LOC_Os12g08760,"leaf epidermis,leaf mesophyll,mestome sheath,leaf procambium",Leaf,Os12g0189300,PCMDB
Os12g0189400,LOC_Os12g08770,"leaf epidermis,leaf mesophyll,mestome sheath,leaf procambium,Mesophyll precursor",Leaf,PsaN,PCMDB
Os12g0190000,LOC_Os12g08810,"leaf mesophyll,mestome sheath",Leaf,OsGGP,PCMDB
Os12g0190200,LOC_Os12g08830,"leaf mesophyll,leaf procambium",Leaf,Os12g0190200,PCMDB
Os12g0190400,LOC_Os12g08850,leaf epidermis,Leaf,Os12g0190400,PCMDB
Os12g0193100,LOC_Os12g09089,leaf epidermis,Leaf,Os12g0193100,PCMDB
Os12g0193200,LOC_Os12g09120,"leaf mesophyll,leaf procambium",Leaf,OsPP128,PCMDB
Os12g0194700,LOC_Os12g09280,"leaf epidermis,leaf mesophyll,leaf procambium",Leaf,Os12g0194700,PCMDB
Os12g0197100,LOC_Os12g09540,mestome sheath,Leaf,OsPRAGL,PCMDB
Os12g0197400,LOC_Os12g09570,"leaf epidermis,leaf mesophyll,mestome sheath,leaf procambium",Leaf,Os12g0197400,PCMDB
Os12g0197500,LOC_Os12g09580,leaf epidermis,Leaf,OsSGS3,PCMDB
Os12g0197700,LOC_Os12g09590,"leaf mesophyll,mestome sheath",Leaf,Os12g0197700,PCMDB
Os12g0198000,LOC_Os12g09620,"leaf epidermis,leaf mesophyll,mestome sheath,leaf procambium",Leaf,Os12g0198000,PCMDB
Os12g0198200,LOC_Os12g09640,"leaf epidermis,leaf mesophyll,leaf procambium",Leaf,OsPP2C77,PCMDB
Os12g0203100,LOC_Os12g10200,leaf epidermis,Leaf,Os12g0203100,PCMDB
Os12g0204500,LOC_Os12g10320,"mestome sheath,Xylem",Leaf,Os12g0204500,PCMDB
Os12g0207600,LOC_Os12g10580,"leaf mesophyll,leaf procambium",Leaf,Os12g0207600,PCMDB
Os12g0209100,LOC_Os12g10650,"leaf epidermis,leaf mesophyll",Leaf,Os12g0209100,PCMDB
Os12g0209800,LOC_Os12g10710,leaf epidermis,Leaf,Os12g0209800,PCMDB
Os12g0209901,LOC_Os12g10710,leaf epidermis,Leaf,Os12g0209901,PCMDB
Os12g0210000,LOC_Os12g10710,leaf epidermis,Leaf,Os12g0210000,PCMDB
Os12g0210200,LOC_Os12g10720,"leaf epidermis,leaf mesophyll,mestome sheath,leaf procambium",Leaf,OsGSTZ1,PCMDB
Os12g0210300,LOC_Os12g10730,"leaf epidermis,leaf mesophyll,mestome sheath,leaf procambium",Leaf,OsGSTZ2,PCMDB
Os12g0210400,LOC_Os12g10740,mestome sheath,Leaf,Os12g0210400,PCMDB
Os12g0210500,LOC_Os12g10750,"leaf epidermis,leaf mesophyll,mestome sheath,leaf procambium",Leaf,Os12g0210500,PCMDB
Os12g0210800,LOC_Os12g10784,"leaf epidermis,leaf mesophyll,leaf procambium",Leaf,Os12g0210800,PCMDB
Os12g0211900,LOC_Os12g10880,"leaf mesophyll,leaf procambium",Leaf,Os12g0211900,PCMDB
Os12g0219700,LOC_Os12g11830,"leaf epidermis,leaf mesophyll,mestome sheath,leaf procambium",Leaf,Os12g0219700,PCMDB
Os12g0222650,LOC_Os12g12115,"leaf mesophyll,leaf procambium",Leaf,Os12g0222650,PCMDB
Os12g0223300,LOC_Os12g12170,"leaf epidermis,leaf mesophyll,mestome sheath,leaf procambium",Leaf,Os12g0223300,PCMDB
Os12g0224000,LOC_Os12g12260,"leaf epidermis,leaf mesophyll,leaf procambium",Leaf,Os12g0224000,PCMDB
Os12g0225100,LOC_Os12g12360,leaf mesophyll,Leaf,Os12g0225100,PCMDB
Os12g0226900,LOC_Os12g12580,leaf mesophyll,Leaf,Os12g0226900,PCMDB
Os12g0230100,LOC_Os12g12850,leaf mesophyll,Leaf,CLPC2,PCMDB
Os12g0230600,LOC_Os12g12880,"leaf mesophyll,leaf epidermis,mestome sheath,leaf procambium",Leaf,Os12g0230600,PCMDB
Os12g0233800,LOC_Os12g13170,"leaf epidermis,leaf mesophyll",Leaf,OsbZIP86,PCMDB
Os12g0235200,LOC_Os12g13290,"leaf epidermis,leaf mesophyll",Leaf,Os12g0235200,PCMDB
Os12g0235300,LOC_Os12g13290,"leaf epidermis,leaf mesophyll",Leaf,Os12g0235300,PCMDB
Os12g0235800,LOC_Os12g13320,"leaf mesophyll,leaf procambium",Leaf,Os12g0235800,PCMDB
Os12g0236250,LOC_Os12g13360,leaf,Leaf,Os12g0236250,PCMDB
Os12g0236400,LOC_Os12g13380,"leaf epidermis,leaf mesophyll,leaf procambium,Xylem",Leaf,ADK-A,PCMDB
Os12g0236600,LOC_Os12g13400,"leaf epidermis,mestome sheath,leaf procambium",Leaf,Os12g0236600,PCMDB
Os12g0237900,LOC_Os12g13550,"leaf mesophyll,leaf epidermis,leaf procambium",Leaf,Os12g0237900,PCMDB
Os12g0238100,LOC_Os12g13590,"leaf epidermis,leaf mesophyll",Leaf,SEC10,PCMDB
Os12g0238900,LOC_Os12g13640,"leaf epidermis,leaf mesophyll,mestome sheath,leaf procambium",Leaf,Os12g0238900,PCMDB
Os12g0239300,LOC_Os12g13674,"leaf epidermis,leaf mesophyll,mestome sheath,leaf procambium",Leaf,Os12g0239300,PCMDB
Os12g0242100,LOC_Os12g13890,"leaf mesophyll,leaf procambium",Leaf,Os12g0242100,PCMDB
Os12g0244100,LOC_Os12g14070,"leaf mesophyll,mestome sheath,leaf procambium",Leaf,OsHsp70CP2,PCMDB
Os12g0244200,LOC_Os12g14080,"leaf epidermis,leaf mesophyll,leaf procambium",Leaf,Os12g0244200,PCMDB
Os12g0245700,LOC_Os12g14220,"leaf mesophyll,leaf procambium",Leaf,Os12g0245700,PCMDB
Os12g0248600,LOC_Os12g14540,mestome sheath,Leaf,Os12g0248600,PCMDB
Os12g0256000,LOC_Os12g15400,mestome sheath,Leaf,Os12g0256000,PCMDB
Os12g0257000,LOC_Os12g15470,"leaf epidermis,leaf mesophyll,leaf procambium",Leaf,CBP1,PCMDB
Os12g0258700,LOC_Os12g15680,leaf procambium,Leaf,OsLAC29,PCMDB
Os12g0264500,LOC_Os12g16350,leaf mesophyll,Leaf,Os12g0264500,PCMDB
Os12g0268000,LOC_Os12g16720,"leaf epidermis,leaf mesophyll,mestome sheath",Leaf,sl,PCMDB
Os12g0271600,LOC_Os12g17310,leaf procambium,Leaf,BIP134,PCMDB
Os12g0274700,LOC_Os12g17600,"leaf mesophyll,leaf epidermis,mestome sheath,leaf procambium",Leaf,RBCS,PCMDB
Os12g0276100,LOC_Os12g17830,"leaf epidermis,leaf mesophyll,leaf procambium",Leaf,Os12g0276100,PCMDB
Os12g0277000,LOC_Os12g17880,"leaf mesophyll,mestome sheath",Leaf,OsPUB25,PCMDB
Os12g0277500,LOC_Os12g17910,"leaf epidermis,leaf mesophyll,leaf procambium",Leaf,OsCPn60alpha1,PCMDB
Os12g0278700,LOC_Os12g18110,"leaf mesophyll,mestome sheath",Leaf,Os12g0278700,PCMDB
Os12g0282000,LOC_Os12g18410,leaf,Leaf,OsMIR,PCMDB
Os12g0283400,LOC_Os12g18560,"leaf epidermis,leaf mesophyll,mestome sheath,leaf procambium",Leaf,Os12g0283400,PCMDB
Os12g0283900,LOC_Os12g18640,"leaf mesophyll,leaf procambium",Leaf,Os12g0283900,PCMDB
Os12g0287200,LOC_Os12g18880,"leaf epidermis,mestome sheath",Leaf,OsMAGO2,PCMDB
Os12g0291100,LOC_Os12g19381,"leaf epidermis,leaf mesophyll,mestome sheath,leaf procambium",Leaf,RbcS3,PCMDB
Os12g0291400,LOC_Os12g19381,"leaf epidermis,leaf mesophyll,mestome sheath,leaf procambium",Leaf,RbcS5,PCMDB
Os12g0292400,LOC_Os12g19470,"leaf mesophyll,leaf procambium",Leaf,RBCS,PCMDB
Os12g0297500,LOC_Os12g20150,leaf mesophyll,Leaf,GWD3,PCMDB
Os12g0298600,LOC_Os12g20310,leaf mesophyll,Leaf,Os12g0298600,PCMDB
Os12g0299300,LOC_Os12g20390,"leaf epidermis,leaf mesophyll",Leaf,Os12g0299300,PCMDB
Os12g0405100,LOC_Os12g21700,"mestome sheath,leaf procambium",Leaf,OsC3H66,PCMDB
Os12g0405200,LOC_Os12g21710,"leaf mesophyll,mestome sheath,leaf procambium",Leaf,Os12g0405200,PCMDB
Os12g0406200,LOC_Os12g21798,"leaf epidermis,leaf mesophyll",Leaf,Os12g0406200,PCMDB
Os12g0409000,LOC_Os12g22030,leaf mesophyll,Leaf,OsSHM3,PCMDB
Os12g0409600,LOC_Os12g22090,mestome sheath,Leaf,Os12g0409600,PCMDB
Os12g0410200,LOC_Os12g22145,"leaf epidermis,leaf mesophyll",Leaf,Os12g0410200,PCMDB
Os12g0417100,LOC_Os12g22839,leaf procambium,Leaf,Os12g0417100,PCMDB
Os12g0420400,LOC_Os12g23200,"leaf epidermis,leaf mesophyll,mestome sheath,leaf procambium,Mesophyll precursor",Leaf,PsaL,PCMDB
Os12g0421000,LOC_Os12g23280,"leaf epidermis,leaf mesophyll,mestome sheath,leaf procambium",Leaf,Os12g0421000,PCMDB
Os12g0424700,LOC_Os12g23700,leaf epidermis,Leaf,CDKF-2,PCMDB
Os12g0425800,LOC_Os12g23780,leaf mesophyll,Leaf,Os12g0425800,PCMDB
Os12g0428000,LOC_Os12g24020,"leaf epidermis,leaf mesophyll,mestome sheath,leaf procambium",Leaf,OsStr7,PCMDB
Os12g0428600,LOC_Os12g24080,"leaf epidermis,leaf mesophyll",Leaf,Os12g0428600,PCMDB
Os12g0428700,LOC_Os12g24084,leaf mesophyll,Leaf,OsEnS-149,PCMDB
Os12g0432600,LOC_Os12g24490,"leaf epidermis,leaf mesophyll,mestome sheath,leaf procambium",Leaf,Os12g0432600,PCMDB
Os12g0437800,LOC_Os12g25090,"leaf epidermis,leaf mesophyll,mestome sheath,leaf procambium",Leaf,Sci1,PCMDB
Os12g0438250,LOC_Os12g25160,leaf,Leaf,Os12g0438250,PCMDB
Os12g0441700,LOC_Os12g25494,leaf mesophyll,Leaf,Os12g0441700,PCMDB
Os12g0442800,LOC_Os12g25630,"leaf epidermis,leaf mesophyll",Leaf,Os12g0442800,PCMDB
Os12g0443000,LOC_Os12g25660,"leaf mesophyll,mestome sheath,leaf procambium",Leaf,Os12g0443000,PCMDB
Os12g0443500,LOC_Os12g25690,"leaf mesophyll,mestome sheath",Leaf,UGD4,PCMDB
Os12g0443700,LOC_Os12g25710,leaf mesophyll,Leaf,Os12g0443700,PCMDB
Os12g0446700,LOC_Os12g26044,"leaf epidermis,leaf mesophyll,leaf procambium",Leaf,Os12g0446700,PCMDB
Os12g0448400,LOC_Os12g26220,"leaf epidermis,leaf mesophyll,mestome sheath,leaf procambium",Leaf,Os12g0448400,PCMDB
Os12g0448900,LOC_Os12g26290,mestome sheath,Leaf,PIOX,PCMDB
Os12g0453500,LOC_Os12g26690,mestome sheath,Leaf,Os12g0453500,PCMDB
Os12g0454600,LOC_Os12g26880,"leaf epidermis,leaf mesophyll,mestome sheath,leaf procambium,Xylem",Leaf,OsENODL24,PCMDB
Os12g0458100,LOC_Os12g27254,leaf,Leaf,HSR201,PCMDB
Os12g0458900,LOC_Os12g27335,leaf mesophyll,Leaf,Os12g0458900,PCMDB
Os12g0465000,LOC_Os12g27930,"leaf epidermis,leaf mesophyll,mestome sheath,leaf procambium,Leaf preprocambium",Leaf,UNP2,PCMDB
Os12g0466200,LOC_Os12g28015,"leaf epidermis,leaf mesophyll,mestome sheath",Leaf,Os12g0466200,PCMDB
Os12g0468550,LOC_Os12g28270,"leaf mesophyll,leaf procambium",Leaf,Os12g0468550,PCMDB
Os12g0468600,LOC_Os12g28270,"leaf mesophyll,leaf procambium",Leaf,OsAH,PCMDB
Os12g0470700,LOC_Os12g28550,leaf procambium,Leaf,Os12g0470700,PCMDB
Os12g0471100,LOC_Os12g28590,"leaf epidermis,leaf mesophyll,mestome sheath,leaf procambium",Leaf,Os12g0471100,PCMDB
Os12g0477400,LOC_Os12g29330,leaf mesophyll,Leaf,ONAC139,PCMDB
Os12g0477600,LOC_Os12g29340,"leaf epidermis,leaf mesophyll,leaf procambium",Leaf,Os12g0477600,PCMDB
Os12g0478200,LOC_Os12g29400,mestome sheath,Leaf,OsABA45,PCMDB
Os12g0479900,LOC_Os12g29550,"leaf epidermis,leaf mesophyll,mestome sheath,leaf procambium",Leaf,Os12g0479900,PCMDB
Os12g0481200,LOC_Os12g29670,"leaf epidermis,leaf mesophyll,mestome sheath",Leaf,Os12g0481200,PCMDB
Os12g0482500,LOC_Os12g29740,mestome sheath,Leaf,Os12g0482500,PCMDB
Os12g0482700,LOC_Os12g29760,"leaf epidermis,leaf mesophyll",Leaf,Os12g0482700,PCMDB
Os12g0485500,LOC_Os12g30030,"leaf epidermis,leaf mesophyll,mestome sheath,leaf procambium",Leaf,OsISC8,PCMDB
Os12g0489100,LOC_Os12g30540,"leaf epidermis,leaf mesophyll",Leaf,OsM13,PCMDB
Os12g0489200,LOC_Os12g30540,"leaf epidermis,leaf mesophyll",Leaf,OsM13,PCMDB
Os12g0498400,LOC_Os12g31450,"leaf mesophyll,leaf procambium",Leaf,minE,PCMDB
Os12g0498800,LOC_Os12g31490,"leaf epidermis,leaf mesophyll",Leaf,Os12g0498800,PCMDB
Os12g0502000,LOC_Os12g31780,"leaf epidermis,leaf mesophyll,mestome sheath,leaf procambium",Leaf,Os12g0502000,PCMDB
Os12g0502100,LOC_Os12g31790,leaf mesophyll,Leaf,SIP15,PCMDB
Os12g0502500,LOC_Os12g31830,leaf epidermis,Leaf,OsCPA4,PCMDB
Os12g0502800,LOC_Os12g31850,"leaf epidermis,leaf mesophyll,mestome sheath,leaf procambium",Leaf,Os12g0502800,PCMDB
Os12g0506400,LOC_Os12g32180,"leaf mesophyll,leaf procambium",Leaf,OsCNIH2,PCMDB
Os12g0506500,LOC_Os12g32190,"leaf mesophyll,leaf procambium,Leaf preprocambium",Leaf,Os12g0506500,PCMDB
Os12g0507000,LOC_Os12g32230,"leaf mesophyll,mestome sheath,leaf procambium",Leaf,Os12g0507000,PCMDB
Os12g0507200,LOC_Os12g32240,"leaf epidermis,leaf mesophyll,mestome sheath,leaf procambium",Leaf,eIF-4d,PCMDB
Os12g0507300,LOC_Os12g32250,"leaf mesophyll,mestome sheath,leaf procambium",Leaf,OsWRKY96,PCMDB
Os12g0507350,LOC_Os12g32250,"leaf mesophyll,mestome sheath,leaf procambium",Leaf,Os12g0507350,PCMDB
Os12g0507500,LOC_Os12g32280,"leaf epidermis,leaf mesophyll,leaf procambium",Leaf,Os12g0507500,PCMDB
Os12g0507600,LOC_Os12g32284,"leaf epidermis,leaf mesophyll,mestome sheath,leaf procambium",Leaf,Os12g0507600,PCMDB
Os12g0510200,LOC_Os12g32580,"leaf epidermis,leaf mesophyll,mestome sheath",Leaf,Os12g0510200,PCMDB
Os12g0510750,LOC_Os12g32610,leaf mesophyll,Leaf,Os12g0510750,PCMDB
Os12g0511000,LOC_Os12g32630,"leaf epidermis,leaf mesophyll",Leaf,OsFbox656,PCMDB
Os12g0512100,LOC_Os12g32760,"leaf epidermis,leaf mesophyll",Leaf,Os12g0512100,PCMDB
Os12g0514500,LOC_Os12g32986,"leaf epidermis,leaf mesophyll",Leaf,Os12g0514500,PCMDB
Os12g0514600,LOC_Os12g32992,leaf epidermis,Leaf,Os12g0514600,PCMDB
Os12g0514900,LOC_Os12g33020,"leaf epidermis,leaf mesophyll,mestome sheath",Leaf,Os12g0514900,PCMDB
Os12g0515400,LOC_Os12g33080,leaf mesophyll,Leaf,Os12g0515400,PCMDB
Os12g0515500,LOC_Os12g33090,"leaf epidermis,leaf mesophyll",Leaf,OsC3H67,PCMDB
Os12g0515800,LOC_Os12g33120,"leaf mesophyll,leaf epidermis,leaf procambium,leaf sheath",Leaf,Os12g0515800,PCMDB
Os12g0516000,LOC_Os12g33130,flag leaf,Leaf,Os12g0516000,PCMDB
Os12g0517200,LOC_Os12g33240,"leaf epidermis,leaf mesophyll,leaf procambium",Leaf,rps10,PCMDB
Os12g0518200,LOC_Os12g33300,"leaf mesophyll,leaf procambium",Leaf,FCO9,PCMDB
Os12g0524750,LOC_Os12g34045,leaf mesophyll,Leaf,Os12g0524750,PCMDB
Os12g0530000,LOC_Os12g34510,"leaf mesophyll,leaf initial cell",Leaf,Os12g0530000,PCMDB
Os12g0530100,LOC_Os12g34524,"leaf epidermis,leaf mesophyll,leaf procambium",Leaf,prx138,PCMDB
Os12g0534000,LOC_Os12g34874,leaf procambium,Leaf,DHQDT/SDH,PCMDB
Os12g0534200,LOC_Os12g34890,leaf mesophyll,Leaf,Os12g0534200,PCMDB
Os12g0538500,LOC_Os12g35320,"leaf epidermis,leaf mesophyll,mestome sheath",Leaf,Os12g0538500,PCMDB
Os12g0540700,LOC_Os12g35550,leaf mesophyll,Leaf,Os12g0540700,PCMDB
Os12g0541000,LOC_Os12g35580,"leaf mesophyll,leaf procambium",Leaf,Os12g0541000,PCMDB
Os12g0541300,LOC_Os12g35610,"leaf epidermis,leaf mesophyll,mestome sheath,leaf procambium",Leaf,RBOHH,PCMDB
Os12g0541500,LOC_Os12g35630,"leaf mesophyll,Mesophyll precursor",Leaf,EFTS,PCMDB
Os12g0541600,LOC_Os12g35640,"leaf epidermis,leaf mesophyll,mestome sheath,leaf procambium",Leaf,Os12g0541600,PCMDB
Os12g0541700,LOC_Os12g35670,"leaf epidermis,leaf mesophyll",Leaf,OsRALF-37,PCMDB
Os12g0544600,LOC_Os12g35940,mestome sheath,Leaf,Os12g0544600,PCMDB
Os12g0547100,LOC_Os12g36060,"leaf epidermis,leaf mesophyll,leaf procambium",Leaf,Os12g0547100,PCMDB
Os12g0547600,LOC_Os12g36110,"leaf mesophyll,mestome sheath,leaf procambium",Leaf,CaMBP,PCMDB
Os12g0548300,LOC_Os12g36194,"leaf epidermis,leaf mesophyll,mestome sheath,leaf procambium",Leaf,OsNDPK2,PCMDB
Os12g0548401,LOC_Os12g36210,"leaf epidermis,leaf mesophyll,mestome sheath,leaf procambium,Mesophyll precursor",Leaf,Os12g0548401,PCMDB
Os12g0548501,LOC_Os12g36220,leaf mesophyll,Leaf,Os12g0548501,PCMDB
Os12g0550800,LOC_Os12g36430,leaf mesophyll,Leaf,Os12g0550800,PCMDB
Os12g0552200,LOC_Os12g36610,"leaf mesophyll,leaf procambium",Leaf,OspPLAIIlambda,PCMDB
Os12g0552500,LOC_Os12g36640,"leaf epidermis,leaf mesophyll,leaf procambium",Leaf,Os12g0552500,PCMDB
Os12g0552800,LOC_Os12g36680,"leaf epidermis,mestome sheath",Leaf,Os12g0552800,PCMDB
Os12g0554000,LOC_Os12g36740,leaf mesophyll,Leaf,Os12g0554000,PCMDB
Os12g0555000,LOC_Os12g36830,"leaf mesophyll,mestome sheath",Leaf,RSOsPR10,PCMDB
Os12g0555100,LOC_Os12g36840,leaf procambium,Leaf,Os12g0555100,PCMDB
Os12g0555200,LOC_Os12g36850,"leaf epidermis,leaf mesophyll,mestome sheath",Leaf,RPR10b,PCMDB
Os12g0555300,LOC_Os12g36860,leaf mesophyll,Leaf,PR10,PCMDB
Os12g0555400,LOC_Os12g36870,"leaf mesophyll,leaf procambium",Leaf,Os12g0555400,PCMDB
Os12g0555500,LOC_Os12g36880,leaf mesophyll,Leaf,OsPR10a,PCMDB
Os12g0556100,LOC_Os12g36900,leaf mesophyll,Leaf,OsDi19-7,PCMDB
Os12g0556200,LOC_Os12g36910,"leaf epidermis,leaf mesophyll,mestome sheath",Leaf,Os12g0556200,PCMDB
Os12g0557400,LOC_Os12g37060,"leaf epidermis,mestome sheath",Leaf,Os12g0557400,PCMDB
Os12g0560300,LOC_Os12g37360,leaf mesophyll,Leaf,OsARL1f,PCMDB
Os12g0560400,LOC_Os12g37370,leaf mesophyll,Leaf,Os12g0560400,PCMDB
Os12g0560900,LOC_Os12g37410,"leaf epidermis,mestome sheath,leaf procambium",Leaf,OsOBF1,PCMDB
Os12g0561000,LOC_Os12g37419,"leaf epidermis,leaf mesophyll,leaf procambium",Leaf,COX5C,PCMDB
Os12g0561200,LOC_Os12g37430,"leaf mesophyll,mestome sheath",Leaf,Os12g0561200,PCMDB
Os12g0561900,LOC_Os12g37510,leaf epidermis,Leaf,Os12g0561900,PCMDB
Os12g0562300,LOC_Os12g37550,leaf mesophyll,Leaf,Os12g0562300,PCMDB
Os12g0562900,LOC_Os12g37590,mestome sheath,Leaf,Os12g0562900,PCMDB
Os12g0563200,LOC_Os12g37610,leaf mesophyll,Leaf,TCD11,PCMDB
Os12g0563600,LOC_Os12g37650,"leaf epidermis,leaf mesophyll,mestome sheath,leaf procambium",Leaf,Os12g0563600,PCMDB
Os12g0564100,LOC_Os12g37690,"leaf epidermis,leaf mesophyll,leaf procambium",Leaf,R2R3-MYB,PCMDB
Os12g0564400,LOC_Os12g37710,"leaf mesophyll,leaf procambium",Leaf,PsbP,PCMDB
Os12g0564701,LOC_Os12g37710,"leaf mesophyll,leaf procambium",Leaf,Os12g0564701,PCMDB
Os12g0566100,LOC_Os12g37850,"leaf epidermis,leaf mesophyll",Leaf,Os12g0566100,PCMDB
Os12g0566200,LOC_Os12g37860,"leaf mesophyll,leaf procambium",Leaf,Os12g0566200,PCMDB
Os12g0566300,LOC_Os12g37870,"leaf epidermis,leaf mesophyll,mestome sheath,leaf procambium",Leaf,ACLA-3,PCMDB
Os12g0566500,LOC_Os12g37890,leaf mesophyll,Leaf,Os12g0566500,PCMDB
Os12g0566600,LOC_Os12g37900,mestome sheath,Leaf,Os12g0566600,PCMDB
Os12g0566700,LOC_Os12g37910,"leaf epidermis,leaf mesophyll,mestome sheath,leaf procambium",Leaf,OsGELP114,PCMDB
Os12g0566900,LOC_Os12g37939,leaf epidermis,Leaf,Os12g0566900,PCMDB
Os12g0567200,LOC_Os12g37960,"leaf epidermis,leaf mesophyll,mestome sheath,leaf procambium",Leaf,Os12g0567200,PCMDB
Os12g0567700,LOC_Os12g38000,"leaf epidermis,leaf mesophyll,mestome sheath",Leaf,rpl2,PCMDB
Os12g0567800,LOC_Os12g38010,"leaf epidermis,leaf mesophyll,mestome sheath,leaf procambium",Leaf,OsMT1f,PCMDB
Os12g0568200,LOC_Os12g38051,mestome sheath,Leaf,OsMT1c,PCMDB
Os12g0568500,LOC_Os12g38051,mestome sheath,Leaf,MT1Ld,PCMDB
Os12g0568700,LOC_Os12g38100,leaf procambium,Leaf,Os12g0568700,PCMDB
Os12g0568800,LOC_Os12g38110,"leaf epidermis,leaf mesophyll,leaf procambium",Leaf,Os12g0568800,PCMDB
Os12g0569200,LOC_Os12g38140,"leaf epidermis,leaf mesophyll",Leaf,Os12g0569200,PCMDB
Os12g0569300,LOC_Os12g38150,"leaf epidermis,leaf mesophyll,leaf procambium,Leaf preprocambium",Leaf,Os12g0569300,PCMDB
Os12g0569500,LOC_Os12g38170,vascular leaf,Leaf,Os12g0569500,PCMDB
Os12g0570400,LOC_Os12g38250,"leaf mesophyll,mestome sheath,leaf procambium",Leaf,Os12g0570400,PCMDB
Os12g0570700,LOC_Os12g38270,"leaf epidermis,leaf mesophyll,mestome sheath,leaf procambium",Leaf,OsMT1a,PCMDB
Os12g0571200,LOC_Os12g38310,leaf mesophyll,Leaf,TIM9,PCMDB
Os12g0571700,LOC_Os12g38360,"leaf epidermis,leaf mesophyll,mestome sheath,leaf procambium",Leaf,OsRALF-42,PCMDB
Os12g0572000,LOC_Os12g38400,mestome sheath,Leaf,OsMYB91,PCMDB
Os12g0573200,LOC_Os12g38490,"leaf epidermis,leaf mesophyll,leaf procambium",Leaf,Os12g0573200,PCMDB
Os12g0574700,LOC_Os12g38610,"leaf mesophyll,leaf procambium",Leaf,Os12g0574700,PCMDB
Os12g0575000,LOC_Os12g38640,"leaf mesophyll,mestome sheath,leaf procambium",Leaf,Os12g0575000,PCMDB
Os12g0576100,LOC_Os12g38720,leaf procambium,Leaf,Os12g0576100,PCMDB
Os12g0576700,LOC_Os12g38760,leaf mesophyll,Leaf,OsPAP1c,PCMDB
Os12g0578300,LOC_Os12g38910,"leaf mesophyll,mestome sheath,leaf procambium",Leaf,Os12g0578300,PCMDB
Os12g0578400,LOC_Os12g38920,"leaf mesophyll,leaf procambium",Leaf,Os12g0578400,PCMDB
Os12g0578500,LOC_Os12g38930,leaf epidermis,Leaf,Os12g0578500,PCMDB
Os12g0579000,LOC_Os12g38970,"leaf mesophyll,leaf procambium",Leaf,Os12g0579000,PCMDB
Os12g0580500,LOC_Os12g39090,"leaf epidermis,leaf procambium",Leaf,Os12g0580500,PCMDB
Os12g0581900,LOC_Os12g39220,leaf procambium,Leaf,Os12g0581900,PCMDB
Os12g0582700,LOC_Os12g39310,"leaf epidermis,leaf mesophyll,mestome sheath,leaf procambium,Leaf preprocambium",Leaf,Os12g0582700,PCMDB
Os12g0582800,LOC_Os12g39320,"leaf epidermis,leaf mesophyll,mestome sheath",Leaf,OsOSCA2.4,PCMDB
Os12g0583300,LOC_Os12g39360,vascular leaf,Leaf,Os12g0583300,PCMDB
Os12g0583400,LOC_Os12g39370,"leaf epidermis,leaf mesophyll,leaf procambium,Mesophyll precursor",Leaf,Os12g0583400,PCMDB
Os12g0583700,LOC_Os12g39400,"leaf mesophyll,leaf procambium",Leaf,RZF71,PCMDB
Os12g0583900,LOC_Os12g39420,"leaf mesophyll,leaf procambium,Mesophyll precursor",Leaf,Os12g0583900,PCMDB
Os12g0586000,LOC_Os12g39620,leaf mesophyll,Leaf,Os12g0586000,PCMDB
Os12g0586100,LOC_Os12g39630,"leaf mesophyll,mestome sheath",Leaf,SAPK9,PCMDB
Os12g0589100,LOC_Os12g39860,"leaf epidermis,mestome sheath",Leaf,OsAPT1,PCMDB
Os12g0592200,LOC_Os12g40115,"leaf epidermis,leaf mesophyll,leaf procambium",Leaf,Os12g0592200,PCMDB
Os12g0592900,LOC_Os12g40180,"leaf epidermis,leaf mesophyll,mestome sheath,leaf procambium",Leaf,Os12g0592900,PCMDB
Os12g0593000,LOC_Os12g40190,leaf mesophyll,Leaf,Os12g0593000,PCMDB
Os12g0594000,LOC_Os12g40260,leaf procambium,Leaf,OsWD40-198,PCMDB
Os12g0595000,LOC_Os12g40340,"leaf mesophyll,leaf procambium",Leaf,Os12g0595000,PCMDB
Os12g0597200,LOC_Os12g40520,leaf mesophyll,Leaf,OsM12,PCMDB
Os12g0597600,LOC_Os12g40560,leaf procambium,Leaf,Os12g0597600,PCMDB
Os12g0597700,LOC_Os12g40570,"leaf epidermis,leaf mesophyll,leaf procambium",Leaf,OsWRKY94,PCMDB
Os12g0599700,LOC_Os12g40750,mestome sheath,Leaf,Os12g0599700,PCMDB
Os12g0599800,LOC_Os12g40760,leaf epidermis,Leaf,Os12g0599800,PCMDB
Os12g0600701,LOC_Os12g40840,leaf mesophyll,Leaf,Os12g0600701,PCMDB
Os12g0601300,LOC_Os12g40890,"leaf mesophyll,mestome sheath",Leaf,OsIAA30,PCMDB
Os12g0601400,LOC_Os12g40900,mestome sheath,Leaf,OsIAA3,PCMDB
Os12g0603800,LOC_Os12g41110,leaf mesophyll,Leaf,OsCML5,PCMDB
Os12g0604200,LOC_Os12g41140,mestome sheath,Leaf,Os12g0604200,PCMDB
Os12g0605300,LOC_Os12g41210,leaf epidermis,Leaf,Os12g0605300,PCMDB
Os12g0605400,LOC_Os12g41220,"leaf epidermis,leaf mesophyll",Leaf,OsCROC-1,PCMDB
Os12g0605800,LOC_Os12g41250,"leaf epidermis,leaf mesophyll,mestome sheath,leaf procambium",Leaf,OsL55,PCMDB
Os12g0608500,LOC_Os12g41490,mestome sheath,Leaf,Os12g0608500,PCMDB
Os12g0609900,LOC_Os12g41630,"leaf epidermis,leaf mesophyll",Leaf,OsFbox676,PCMDB
Os12g0611000,LOC_Os12g41700,"leaf epidermis,mestome sheath",Leaf,OsLOL1,PCMDB
Os12g0612100,LOC_Os12g41800,leaf mesophyll,Leaf,Os12g0612100,PCMDB
Os12g0612300,LOC_Os12g41810,"leaf mesophyll,mestome sheath,leaf procambium",Leaf,Os12g0612300,PCMDB
Os12g0612400,LOC_Os12g41820,mestome sheath,Leaf,OsDjC83,PCMDB
Os12g0613500,LOC_Os12g41930,leaf mesophyll,Leaf,BIP132,PCMDB
Os12g0614000,LOC_Os12g41962,leaf mesophyll,Leaf,OsMED19a,PCMDB
Os12g0615100,LOC_Os12g42060,"leaf epidermis,leaf mesophyll,leaf procambium",Leaf,OsWAK128,PCMDB
Os12g0615400,LOC_Os12g42090,"leaf epidermis,leaf mesophyll,mestome sheath,leaf procambium,Mesophyll precursor",Leaf,Os12g0615400,PCMDB
Os12g0616200,LOC_Os12g42180,leaf epidermis,Leaf,HLL,PCMDB
Os12g0616400,LOC_Os12g42190,leaf mesophyll,Leaf,OsPCF8,PCMDB
Os12g0616500,LOC_Os12g42200,leaf epidermis,Leaf,OsCHX15,PCMDB
Os12g0616900,LOC_Os12g42230,"leaf epidermis,leaf mesophyll,mestome sheath,leaf procambium",Leaf,Os12g0616900,PCMDB
Os12g0617400,LOC_Os12g42280,"mestome sheath,leaf procambium",Leaf,OsNCED2,PCMDB
Os12g0618300,LOC_Os12g42370,"leaf epidermis,leaf mesophyll",Leaf,Os12g0618300,PCMDB
Os12g0618800,LOC_Os12g42420,"leaf epidermis,leaf mesophyll,mestome sheath,leaf procambium",Leaf,OsPLS3,PCMDB
Os12g0619000,LOC_Os12g42430,"leaf epidermis,leaf mesophyll,mestome sheath,leaf procambium",Leaf,Os12g0619000,PCMDB
Os12g0621100,LOC_Os12g42610,leaf mesophyll,Leaf,OsYAB6,PCMDB
Os12g0623500,LOC_Os12g42850,"leaf epidermis,leaf mesophyll,mestome sheath,leaf procambium",Leaf,OsCAT11,PCMDB
Os12g0623600,LOC_Os12g42860,leaf epidermis,Leaf,Os12g0623600,PCMDB
Os12g0623900,LOC_Os12g42876,"leaf epidermis,mestome sheath,Xylem",Leaf,Os12g0623900,PCMDB
Os12g0624000,LOC_Os12g42884,"leaf epidermis,leaf mesophyll",Leaf,Os12g0624000,PCMDB
Os12g0624200,LOC_Os12g42910,leaf mesophyll,Leaf,OsCCX4,PCMDB
Os12g0625000,LOC_Os12g42980,"leaf epidermis,leaf mesophyll,mestome sheath,leaf procambium",Leaf,rcs1,PCMDB
Os12g0626200,LOC_Os12g43110,leaf epidermis,Leaf,OsSAUR58,PCMDB
Os12g0626400,LOC_Os12g43130,leaf mesophyll,Leaf,PSY2,PCMDB
Os12g0628300,LOC_Os12g43350,"leaf epidermis,leaf mesophyll,leaf procambium",Leaf,Os12g0628300,PCMDB
Os12g0628600,LOC_Os12g43380,leaf,Leaf,OsPR5,PCMDB
Os12g0630500,LOC_Os12g43490,mestome sheath,Leaf,Os12g0630500,PCMDB
Os12g0630600,LOC_Os12g43510,mestome sheath,Leaf,Os12g0630600,PCMDB
Os12g0631100,LOC_Os12g43550,leaf mesophyll,Leaf,GLUP4,PCMDB
Os12g0631200,LOC_Os12g43560,"leaf mesophyll,leaf procambium",Leaf,Os12g0631200,PCMDB
Os12g0632000,LOC_Os12g43600,leaf mesophyll,Leaf,GRP162,PCMDB
Os12g0632700,LOC_Os12g43630,"leaf epidermis,leaf mesophyll,leaf procambium",Leaf,Os12g0632700,PCMDB
Os12g0633200,LOC_Os12g43670,"leaf epidermis,leaf mesophyll,leaf procambium",Leaf,Os12g0633200,PCMDB
Os12g0634000,LOC_Os12g43750,"leaf epidermis,leaf mesophyll,mestome sheath,leaf procambium",Leaf,Os12g0634000,PCMDB
Os12g0635500,LOC_Os12g43880,leaf mesophyll,Leaf,Os12g0635500,PCMDB
Os12g0636000,LOC_Os12g43930,"leaf epidermis,leaf mesophyll,mestome sheath",Leaf,OsRDCP5,PCMDB
Os12g0636200,LOC_Os12g43950,"leaf epidermis,leaf mesophyll,mestome sheath,leaf procambium",Leaf,Os12g0636200,PCMDB
Os12g0636800,LOC_Os12g44000,"leaf epidermis,leaf mesophyll,mestome sheath,leaf procambium",Leaf,OsUBC26,PCMDB
Os12g0637100,LOC_Os12g44020,"leaf epidermis,leaf mesophyll,mestome sheath,leaf procambium",Leaf,OsPAP10c,PCMDB
Os12g0637700,LOC_Os12g44060,"leaf epidermis,leaf mesophyll,leaf procambium",Leaf,Os12g0637700,PCMDB
Os12g0638700,LOC_Os12g44150,mestome sheath,Leaf,OSA3,PCMDB
Os12g0639100,LOC_Os12g44180,leaf mesophyll,Leaf,OsMFS8,PCMDB
Os12g0640600,LOC_Os12g44310,"leaf mesophyll,leaf procambium",Leaf,OsCCD1,PCMDB
Os12g0640700,LOC_Os12g44320,"leaf mesophyll,mestome sheath",Leaf,Os12g0640700,PCMDB
Os12g0641400,LOC_Os12g44380,"leaf epidermis,leaf mesophyll,mestome sheath,leaf procambium",Leaf,OsSUT2,PCMDB
Os04g0671300,LOC_Os04g57560,mesocotyl,Stem,PAO5,PCMDB
Os12g0435200,LOC_Os12g24800,mesocotyl,Stem,OsNCED2,PCMDB
Os01g0110100,LOC_Os01g02000,stem,Stem,Pho1,PCMDB
Os01g0756700,LOC_Os01g55200,stem,Stem,KAT1,PCMDB
Os02g0308800,LOC_Os02g20560,stem,Stem,OsFLA15,PCMDB
Os03g0109000,LOC_Os03g01870,stem,Stem,ONAC055,PCMDB
Os03g0362500,LOC_Os03g24760,stem,Stem,Os03g0362500,PCMDB
Os03g0428200,LOC_Os03g31430,stem,Stem,OsTPS14,PCMDB
Os04g0171600,LOC_Os04g08824,stem,Stem,Os04g0171600,PCMDB
Os04g0171800,LOC_Os04g08828,stem,Stem,Os04g0171800,PCMDB
Os04g0174100,LOC_Os04g09430,stem,Stem,Os04g0174100,PCMDB
Os04g0422300,LOC_Os04g34490,stem,Stem,Os04g0422300,PCMDB
Os04g0607600,LOC_Os04g51830,stem,Stem,HKT1;4,PCMDB
Os04g0609300,LOC_Os04g51980,stem,Stem,Os04g0609300,PCMDB
Os05g0135500,LOC_Os05g04500,"stem,Xylem",Stem,prx71,PCMDB
Os05g0189900,LOC_Os05g09724,stem,Stem,Os05g0189900,PCMDB
Os06g0257600,LOC_Os06g14630,stem,Stem,OsGELP82,PCMDB
Os06g0530400,LOC_Os06g33940,stem,Stem,OsNAC7,PCMDB
Os07g0142600,LOC_Os07g04960,stem,Stem,Os07g0142600,PCMDB
Os07g0637700,LOC_Os07g44370,stem,Stem,Os07g0637700,PCMDB
Os08g0466200,LOC_Os08g36340,stem,Stem,OsHAK4,PCMDB
Os12g0435200,LOC_Os12g24800,stem,Stem,OsNCED2,PCMDB
Os03g0713500,LOC_Os03g50550,mesocotyl,Stem,MPKK10.3,https://doi.org/10.1016/j.jia.2022.08.080
Os03g0699600,LOC_Os03g49250,mesocotyl,Stem,OsFbox168,https://doi.org/10.1016/j.jia.2022.08.080
Os03g0700800,LOC_Os03g49400,mesocotyl,Stem,Os03g0700800,https://doi.org/10.1016/j.jia.2022.08.080
Os03g0701800,LOC_Os03g49510,mesocotyl,Stem,OsPIPK,https://doi.org/10.1016/j.jia.2022.08.080
Os02g0276900,LOC_Os02g17680,mesocotyl,Stem,OsbHLH072,https://doi.org/10.3389/fpls.2023.1194119
Os04g0665200,LOC_Os04g56950,mesocotyl,Stem,IAMT1,https://doi.org/10.3389/fpls.2023.1194119
Os07g0424400,LOC_Os07g24190,mesocotyl,Stem,OsCesA3,https://doi.org/10.3389/fpls.2023.1194119
Os12g0228700,LOC_Os12g12720,mesocotyl,Stem,Os12g0228700,https://doi.org/10.3389/fpls.2023.1194119
Os06g0355300,LOC_Os06g24850,mesocotyl,Stem,OsIAA21,https://doi.org/10.3389/fpls.2023.1194119
Os07g0592000,LOC_Os07g40240,mesocotyl,Stem,Os07g0592000,https://doi.org/10.3389/fpls.2023.1194119
Os01g0121300,LOC_Os01g03110,Leaf preprocambium,Leaf,Os01g0121300,plantscrnadb
Os01g0134900,LOC_Os01g04300,Xylem,Leaf,Os01g0134900,scPlantDB (CRA004082)
Os01g0153100,LOC_Os01g05970,leaf initial cell,Leaf,Os01g0153100,scPlantDB (SRP286275)
Os01g0153300,LOC_Os01g06010,leaf initial cell,Leaf,H2B.5,scPlantDB (SRP286275)
Os01g0292900,LOC_Os01g18850,Leaf preprocambium,Leaf,OsSPL1,plantscrnadb
Os01g0543100,LOC_Os01g36240,Phloem,Leaf,prx17,scPlantDB (CRA004082)
Os01g0631200,LOC_Os01g44050,Mesophyll precursor,Leaf,Os01g0631200,plantscrnadb
Os01g0631500,LOC_Os01g44090,Phloem,Leaf,Os01g0631500,scPlantDB (CRA004082)
Os01g0699400,LOC_Os01g50400,Mesophyll precursor,Leaf,Os01g0699400,plantscrnadb
Os01g0699500,LOC_Os01g50410,Mesophyll precursor,Leaf,MAP3K6,plantscrnadb
Os01g0723100,LOC_Os01g52480,Phloem,Leaf,Os01g0723100,scPlantDB (CRA004082)
Os01g0778500,LOC_Os01g57050,Xylem,Leaf,Os01g0778500,scPlantDB (CRA004082)
Os01g0810300,LOC_Os01g59530,Phloem,Leaf,CaM61,scPlantDB (CRA004082)
Os01g0821700,LOC_Os01g60650,Phloem,Leaf,Os01g0821700,scPlantDB (CRA004082)
Os01g0839500,LOC_Os01g62230,leaf initial cell,Leaf,H2B.11,scPlantDB (SRP286275)
Os01g0866600,LOC_Os01g64680,Phloem,Leaf,Os01g0866600,scPlantDB (CRA004082)
Os01g0900900,LOC_Os01g67490,Phloem,Leaf,Os01g0900900,scPlantDB (CRA004082)
Os02g0153900,LOC_Os02g05960,Leaf preprocambium,Leaf,LRK3,plantscrnadb
Os02g0203700,LOC_Os02g10920,Leaf preprocambium,Leaf,SRZ1,plantscrnadb
Os02g0236600,LOC_Os02g14160,Xylem,Leaf,prx27,scPlantDB (CRA004082)
Os02g0622400,LOC_Os02g40890,Phloem,Leaf,Os02g0622400,scPlantDB (CRA004082)
Os02g0628200,LOC_Os02g41780,Xylem,Leaf,Os02g0628200,scPlantDB (CRA004082)
Os02g0661100,LOC_Os02g44230,Leaf preprocambium,Leaf,OsTPP1,plantscrnadb
Os03g0108300,LOC_Os03g01800,Xylem,Leaf,OsXTH19,scPlantDB (CRA004082)
Os03g0134900,LOC_Os03g04220,Phloem,Leaf,OsGSTF14,scPlantDB (CRA004082)
Os03g0135100,LOC_Os03g04240,Phloem,Leaf,OsGSTF15,scPlantDB (CRA004082)
Os03g0141200,LOC_Os03g04770,Mesophyll precursor,Leaf,OsBamy2,plantscrnadb
Os03g0186950,LOC_Os03g08800,Phloem,Leaf,Os03g0186950,scPlantDB (CRA004082)
Os03g0188200,LOC_Os03g08920,Leaf preprocambium,Leaf,Os03g0188200,plantscrnadb
Os03g0250200,LOC_Os03g14610,Xylem,Leaf,Os03g0250200,scPlantDB (CRA004082)
Os03g0259900,LOC_Os03g15410,Phloem,Leaf,Os03g0259900,scPlantDB (CRA004082)
Os03g0265100,LOC_Os03g15840,Phloem,Leaf,PLS2,scPlantDB (CRA004082)
Os03g0267800,LOC_Os03g16090,Phloem,Leaf,HDR3,scPlantDB (CRA004082)
Os03g0301800,LOC_Os03g18980,Xylem,Leaf,Os03g0301800,scPlantDB (CRA004082)
Os03g0325500,LOC_Os03g20900,Phloem,Leaf,Os03g0325500,scPlantDB (CRA004082)
Os03g0416200,LOC_Os03g30250,Xylem,Leaf,BC1,scPlantDB (CRA004082)
Os03g0574600,LOC_Os03g37810,Phloem,Leaf,Os03g0574600,scPlantDB (CRA004082)
Os03g0812200,LOC_Os03g59760,Phloem,Leaf,OsRFP,scPlantDB (CRA004082)
Os04g0166000,LOC_Os04g08390,Phloem,Leaf,Os04g0166000,scPlantDB (CRA004082)
Os04g0250700,LOC_Os04g17700,Mesophyll precursor,Leaf,Os04g0250700,plantscrnadb
Os04g0359100,LOC_Os04g28990,Xylem,Leaf,Os04g0359100,scPlantDB (CRA004082)
Os04g0376700,LOC_Os04g30800,Xylem,Leaf,Os04g0376700,scPlantDB (CRA004082)
Os04g0382900,LOC_Os04g31410,Xylem,Leaf,OsRALF-14,scPlantDB (CRA004082)
Os04g0408600,LOC_Os04g33450,Xylem,Leaf,Os04g0408600,scPlantDB (CRA004082)
Os04g0445900,LOC_Os04g36820,Xylem,Leaf,Os04g0445900,scPlantDB (CRA004082)
Os04g0583600,LOC_Os04g49420,leaf initial cell,Leaf,Os04g0583600,scPlantDB (SRP286275)
Os04g0628100,LOC_Os04g53620,leaf initial cell,Leaf,rubi3,scPlantDB (SRP286275)
Os04g0674800,LOC_Os04g57860,Leaf preprocambium,Leaf,OsGH9C1,plantscrnadb
Os04g0692000,LOC_Os04g59550,Mesophyll precursor,Leaf,Os04g0692000,plantscrnadb
Os05g0142100,LOC_Os05g05030,Phloem,Leaf,Os05g0142100,scPlantDB (CRA004082)
Os05g0142400,LOC_Os05g05060,Phloem,Leaf,Os05g0142400,scPlantDB (CRA004082)
Os05g0198400,LOC_Os05g10940,Leaf preprocambium,Leaf,OsZIP7,plantscrnadb
Os05g0386900,LOC_Os05g32120,Phloem,Leaf,Os05g0386900,scPlantDB (CRA004082)
Os05g0503650,LOC_Os05g42360,Xylem,Leaf,Os05g0503650,scPlantDB (CRA004082)
Os05g0543600,LOC_Os05g46610,Xylem,Leaf,OsMYB86-L2,scPlantDB (CRA004082)
Os05g0571400,LOC_Os05g49640,Mesophyll precursor,Leaf,Os05g0571400,plantscrnadb
Os05g0571800,LOC_Os05g49684,Mesophyll precursor,Leaf,Os05g0571800,plantscrnadb
Os05g0582600,LOC_Os05g50580,Phloem,Leaf,OsSCP30,scPlantDB (CRA004082)
Os06g0118700,LOC_Os06g02780,Phloem,Leaf,Os06g0118700,scPlantDB (CRA004082)
Os06g0119600,LOC_Os06g02900,Phloem,Leaf,Os06g0119600,scPlantDB (CRA004082)
Os06g0127100,LOC_Os06g03670,Mesophyll precursor,Leaf,OsDREB1C,plantscrnadb
Os06g0159450,LOC_Os06g06460,leaf initial cell,Leaf,H3R-11,scPlantDB (SRP286275)
Os06g0181800,LOC_Os06g08350,Leaf preprocambium,Leaf,Os06g0181800,plantscrnadb
Os06g0270900,LOC_Os06g15990,Leaf preprocambium,Leaf,OsALDH2B1,plantscrnadb
Os06g0500300,LOC_Os06g30480,Phloem,Leaf,Os06g0500300,scPlantDB (CRA004082)
Os06g0664800,LOC_Os06g45410,Phloem,Leaf,P0473H04.10,scPlantDB (CRA004082)
Os07g0123900,LOC_Os07g03180,Leaf preprocambium,Leaf,Os07g0123900,plantscrnadb
Os07g0508900,LOC_Os07g32510,Leaf preprocambium,Leaf,OsDof22,plantscrnadb
Os07g0542600,LOC_Os07g35810,Leaf preprocambium,Leaf,Os07g0542600,plantscrnadb
Os07g0545400,LOC_Os07g36140,leaf initial cell,Leaf,Os07g0545400,scPlantDB (SRP286275)
Os07g0684000,LOC_Os07g48500,Phloem,Leaf,R40G3,scPlantDB (CRA004082)
Os07g0690200,LOC_Os07g49020,Phloem,Leaf,P0597G07.118,scPlantDB (CRA004082)
Os08g0128300,LOC_Os08g03440,Leaf preprocambium,Leaf,Os08g0128300,plantscrnadb
Os08g0341700,LOC_Os08g25310,Leaf preprocambium,Leaf,OsSNDP7,plantscrnadb
Os08g0425700,LOC_Os08g32970,Phloem,Leaf,OsANN7,scPlantDB (CRA004082)
Os08g0485000,LOC_Os08g37840,Leaf preprocambium,Leaf,Os08g0485000,plantscrnadb
Os08g0511400,LOC_Os08g40060,Xylem,Leaf,Os08g0511400,scPlantDB (CRA004082)
Os08g0546100,LOC_Os08g43270,Xylem,Leaf,OsBAG2,scPlantDB (CRA004082)
Os09g0307300,LOC_Os09g13650,Xylem,Leaf,Os09g0307300,scPlantDB (CRA004082)
Os09g0400500,LOC_Os09g23570,Leaf preprocambium,Leaf,Os09g0400500,plantscrnadb
Os09g0438500,LOC_Os09g26710,Leaf preprocambium,Leaf,Os09g0438500,plantscrnadb
Os09g0458900,LOC_Os09g28510,Phloem,Leaf,Os09g0458900,scPlantDB (CRA004082)
Os09g0459900,LOC_Os09g28580,Mesophyll precursor,Leaf,OsiICK4,plantscrnadb
Os10g0154700,LOC_Os10g06630,Phloem,Leaf,OsCYP18-4,scPlantDB (CRA004082)
Os10g0159700,LOC_Os10g07210,Phloem,Leaf,OsCIA,scPlantDB (CRA004082)
Os10g0389800,LOC_Os10g25090,Xylem,Leaf,Os10g0389800,scPlantDB (CRA004082)
Os10g0461100,LOC_Os10g32348,Mesophyll precursor,Leaf,Os10g0461100,plantscrnadb
Os10g0467000,LOC_Os10g32940,Leaf preprocambium,Leaf,OSJNBa0006L06.26,plantscrnadb
Os10g0512700,LOC_Os10g36870,Xylem,Leaf,Os10g0512700,scPlantDB (CRA004082)
Os10g0536700,LOC_Os10g39170,Xylem,Leaf,prx128,scPlantDB (CRA004082)
Os10g0543800,LOC_Os10g39740,Phloem,Leaf,OsRPP31,scPlantDB (CRA004082)
Os10g0554900,LOC_Os10g40620,Xylem,Leaf,Os10g0554900,scPlantDB (CRA004082)
Os10g0562000,LOC_Os10g41250,Phloem,Leaf,OSJNBb0089A17.6,scPlantDB (CRA004082)
Os11g0215100,LOC_Os11g10870,Xylem,Leaf,Os11g0215100,scPlantDB (CRA004082)
Os11g0456000,LOC_Os11g26880,Xylem,Leaf,OsRALF-33,scPlantDB (CRA004082)
Os11g0475000,LOC_Os11g28530,Leaf preprocambium,Leaf,Os11g0475000,plantscrnadb
Os11g0614400,LOC_Os11g39990,Xylem,Leaf,OspPLAIItheta,scPlantDB (CRA004082)
Os11g0661600,LOC_Os11g43980,Xylem,Leaf,prx134,scPlantDB (CRA004082)
Os12g0163700,LOC_Os12g06660,Xylem,Leaf,Os12g0163700,scPlantDB (CRA004082)
Os12g0438000,LOC_Os12g25120,leaf initial cell,Leaf,Os12g0438000,scPlantDB (SRP286275)
Os12g0443600,LOC_Os12g25700,Xylem,Leaf,UGD5,scPlantDB (CRA004082)
Os12g0510900,LOC_Os12g32620,Xylem,Leaf,Os12g0510900,scPlantDB (CRA004082)
Os12g0607000,LOC_Os12g41390,Phloem,Leaf,Os12g0607000,scPlantDB (CRA004082)
